CREATE DATABASE  IF NOT EXISTS `softnutricao` /*!40100 DEFAULT CHARACTER SET latin1 */;
USE `softnutricao`;
-- MySQL dump 10.13  Distrib 5.6.24, for Win32 (x86)
--
-- Host: 127.0.0.1    Database: softnutricao
-- ------------------------------------------------------
-- Server version	5.6.17

/*!40101 SET @OLD_CHARACTER_SET_CLIENT=@@CHARACTER_SET_CLIENT */;
/*!40101 SET @OLD_CHARACTER_SET_RESULTS=@@CHARACTER_SET_RESULTS */;
/*!40101 SET @OLD_COLLATION_CONNECTION=@@COLLATION_CONNECTION */;
/*!40101 SET NAMES utf8 */;
/*!40103 SET @OLD_TIME_ZONE=@@TIME_ZONE */;
/*!40103 SET TIME_ZONE='+00:00' */;
/*!40014 SET @OLD_UNIQUE_CHECKS=@@UNIQUE_CHECKS, UNIQUE_CHECKS=0 */;
/*!40014 SET @OLD_FOREIGN_KEY_CHECKS=@@FOREIGN_KEY_CHECKS, FOREIGN_KEY_CHECKS=0 */;
/*!40101 SET @OLD_SQL_MODE=@@SQL_MODE, SQL_MODE='NO_AUTO_VALUE_ON_ZERO' */;
/*!40111 SET @OLD_SQL_NOTES=@@SQL_NOTES, SQL_NOTES=0 */;

--
-- Table structure for table `afirmacao`
--

DROP TABLE IF EXISTS `afirmacao`;
/*!40101 SET @saved_cs_client     = @@character_set_client */;
/*!40101 SET character_set_client = utf8 */;
CREATE TABLE `afirmacao` (
  `id_afirmacao` int(11) NOT NULL AUTO_INCREMENT,
  `afirmacao` varchar(45) DEFAULT NULL,
  PRIMARY KEY (`id_afirmacao`)
) ENGINE=InnoDB AUTO_INCREMENT=4 DEFAULT CHARSET=latin1;
/*!40101 SET character_set_client = @saved_cs_client */;

--
-- Dumping data for table `afirmacao`
--

LOCK TABLES `afirmacao` WRITE;
/*!40000 ALTER TABLE `afirmacao` DISABLE KEYS */;
INSERT INTO `afirmacao` VALUES (1,'Sim'),(2,'Não'),(3,'Nenhum');
/*!40000 ALTER TABLE `afirmacao` ENABLE KEYS */;
UNLOCK TABLES;

--
-- Table structure for table `agenda`
--

DROP TABLE IF EXISTS `agenda`;
/*!40101 SET @saved_cs_client     = @@character_set_client */;
/*!40101 SET character_set_client = utf8 */;
CREATE TABLE `agenda` (
  `id_agenda` int(11) NOT NULL AUTO_INCREMENT,
  `paciente` int(11) DEFAULT NULL,
  `data_consulta` date DEFAULT NULL,
  `horario` time DEFAULT NULL,
  `tipo` int(11) DEFAULT NULL,
  `status` int(11) DEFAULT NULL,
  `Obs` text,
  PRIMARY KEY (`id_agenda`),
  KEY `paciente` (`paciente`),
  KEY `tipo` (`tipo`),
  KEY `status` (`status`),
  CONSTRAINT `agenda_ibfk_1` FOREIGN KEY (`paciente`) REFERENCES `pacientes` (`id_paciente`),
  CONSTRAINT `agenda_ibfk_2` FOREIGN KEY (`tipo`) REFERENCES `tipo` (`id_tipo`),
  CONSTRAINT `agenda_ibfk_3` FOREIGN KEY (`status`) REFERENCES `status` (`id_status`)
) ENGINE=InnoDB DEFAULT CHARSET=latin1;
/*!40101 SET character_set_client = @saved_cs_client */;

--
-- Dumping data for table `agenda`
--

LOCK TABLES `agenda` WRITE;
/*!40000 ALTER TABLE `agenda` DISABLE KEYS */;
/*!40000 ALTER TABLE `agenda` ENABLE KEYS */;
UNLOCK TABLES;

--
-- Table structure for table `alimentos`
--

DROP TABLE IF EXISTS `alimentos`;
/*!40101 SET @saved_cs_client     = @@character_set_client */;
/*!40101 SET character_set_client = utf8 */;
CREATE TABLE `alimentos` (
  `id_alimento` int(11) NOT NULL AUTO_INCREMENT,
  `alimento` varchar(60) DEFAULT NULL,
  PRIMARY KEY (`id_alimento`)
) ENGINE=InnoDB AUTO_INCREMENT=12 DEFAULT CHARSET=latin1;
/*!40101 SET character_set_client = @saved_cs_client */;

--
-- Dumping data for table `alimentos`
--

LOCK TABLES `alimentos` WRITE;
/*!40000 ALTER TABLE `alimentos` DISABLE KEYS */;
INSERT INTO `alimentos` VALUES (1,'Arroz'),(2,'Feijão'),(3,'Batata'),(4,'Saladas'),(5,'Macarrão'),(6,'Carne Vermelha'),(7,'Frango'),(8,'Peixe'),(9,'Ovos'),(10,'Pão'),(11,'Biscoitos');
/*!40000 ALTER TABLE `alimentos` ENABLE KEYS */;
UNLOCK TABLES;

--
-- Table structure for table `anaminese`
--

DROP TABLE IF EXISTS `anaminese`;
/*!40101 SET @saved_cs_client     = @@character_set_client */;
/*!40101 SET character_set_client = utf8 */;
CREATE TABLE `anaminese` (
  `id_anaminese` int(11) NOT NULL AUTO_INCREMENT,
  `paciente` int(11) DEFAULT NULL,
  `objetivo` varchar(60) DEFAULT NULL,
  `diagnostico_medico` int(11) DEFAULT NULL,
  `obs_diag_medico` varchar(100) DEFAULT NULL,
  `exames` int(11) DEFAULT NULL,
  `obs_exames` varchar(100) DEFAULT NULL,
  `medicamentos` int(11) DEFAULT NULL,
  `obs_medicamentos` varchar(100) DEFAULT NULL,
  `suplementos` int(11) DEFAULT NULL,
  `obs_suplementos` varchar(100) DEFAULT NULL,
  `historico_familiar` int(11) DEFAULT NULL,
  `obs_hist_familiar` varchar(100) DEFAULT NULL,
  `sinais_sintomas` int(11) DEFAULT NULL,
  `obs_sinais_sintomas` varchar(100) DEFAULT NULL,
  `habito_intestinal` int(11) DEFAULT NULL,
  `obs_hab_intestinal` varchar(100) DEFAULT NULL,
  `tabagismo` int(11) DEFAULT NULL,
  `obs_tabagismo` varchar(100) DEFAULT NULL,
  `etilismo` int(11) DEFAULT NULL,
  `obs_etilismo` varchar(100) DEFAULT NULL,
  `Atividades_fisicas` int(11) DEFAULT NULL,
  `obs_atividades` varchar(100) DEFAULT NULL,
  PRIMARY KEY (`id_anaminese`),
  UNIQUE KEY `paciente` (`paciente`),
  KEY `diagnostico_medico` (`diagnostico_medico`),
  KEY `exames` (`exames`),
  KEY `medicamentos` (`medicamentos`),
  KEY `suplementos` (`suplementos`),
  KEY `historico_familiar` (`historico_familiar`),
  KEY `sinais_sintomas` (`sinais_sintomas`),
  KEY `habito_intestinal` (`habito_intestinal`),
  KEY `tabagismo` (`tabagismo`),
  KEY `etilismo` (`etilismo`),
  KEY `Atividades_fisicas` (`Atividades_fisicas`),
  CONSTRAINT `anaminese_ibfk_1` FOREIGN KEY (`paciente`) REFERENCES `pacientes` (`id_paciente`),
  CONSTRAINT `anaminese_ibfk_10` FOREIGN KEY (`etilismo`) REFERENCES `afirmacao` (`id_afirmacao`),
  CONSTRAINT `anaminese_ibfk_11` FOREIGN KEY (`Atividades_fisicas`) REFERENCES `atividades_fisicas` (`id_atividade`),
  CONSTRAINT `anaminese_ibfk_2` FOREIGN KEY (`diagnostico_medico`) REFERENCES `doencas` (`id_doenca`),
  CONSTRAINT `anaminese_ibfk_3` FOREIGN KEY (`exames`) REFERENCES `afirmacao` (`id_afirmacao`),
  CONSTRAINT `anaminese_ibfk_4` FOREIGN KEY (`medicamentos`) REFERENCES `afirmacao` (`id_afirmacao`),
  CONSTRAINT `anaminese_ibfk_5` FOREIGN KEY (`suplementos`) REFERENCES `afirmacao` (`id_afirmacao`),
  CONSTRAINT `anaminese_ibfk_6` FOREIGN KEY (`historico_familiar`) REFERENCES `doencas` (`id_doenca`),
  CONSTRAINT `anaminese_ibfk_7` FOREIGN KEY (`sinais_sintomas`) REFERENCES `afirmacao` (`id_afirmacao`),
  CONSTRAINT `anaminese_ibfk_8` FOREIGN KEY (`habito_intestinal`) REFERENCES `habitos` (`id_habito`),
  CONSTRAINT `anaminese_ibfk_9` FOREIGN KEY (`tabagismo`) REFERENCES `afirmacao` (`id_afirmacao`)
) ENGINE=InnoDB AUTO_INCREMENT=259 DEFAULT CHARSET=latin1;
/*!40101 SET character_set_client = @saved_cs_client */;

--
-- Dumping data for table `anaminese`
--

LOCK TABLES `anaminese` WRITE;
/*!40000 ALTER TABLE `anaminese` DISABLE KEYS */;
INSERT INTO `anaminese` VALUES (2,2,'Emagrecer',1,'',2,'',2,'',2,'',2,'DM / HAS',2,'tudo bem',1,'',2,'',2,'',4,'2x semana'),(3,3,'mudança',1,'Nada',2,'',2,'',2,'',1,'',2,'',2,'muito ruim',2,'',2,'',5,'1x semana futebol  / em casa '),(4,4,'Emagrecimento e ganho de massa muscular',1,'',2,'',2,'',2,'',1,'',2,'',1,'',2,'',2,'',5,'corrida e futebol '),(5,7,'emagrecimento ',1,'',2,'solicitação ',2,'',2,'',1,'',2,'',1,'',2,'',2,'',1,'mau'),(6,8,'ganho de massa ',1,'',1,'feitos ',2,'',1,'whey - bcaa - animal peck ',1,'',2,'',1,'',2,'',2,'',2,'seg - sexta '),(7,13,'Emagrecer',1,'',1,'',2,'',2,'Vitamina D - polivitaminico ',1,'',2,'',1,'',2,'',2,'',2,'3 x noite - corrida '),(8,21,'ganho de massa ',1,'',2,'',2,'',2,'whey - ',1,'',2,'',1,'',2,'',2,'',2,'seg - sexta '),(9,25,'',1,'',NULL,'',NULL,'',NULL,'',1,'',NULL,'',1,'',NULL,'',NULL,'',1,'Croftiff - terça e secta - parou com futebol'),(10,30,'ganho de massa - emagrecimento',1,'',2,'Não',2,'',2,'',1,'',NULL,'',1,'',NULL,'',NULL,'',1,'may thay e polidace '),(11,32,'Emagrecer - oncologia ',9,'Leucemia ',1,'acompanhamento',2,'',2,'',1,'',1,'Ansiedade ',2,'',NULL,'',NULL,'',1,''),(12,39,'Emagrecer ganho de massa ',1,'',1,'feitos ',2,'',NULL,'B12 - vitamina D',1,'',NULL,'',1,'regular',NULL,'',NULL,'',2,'3x semana'),(13,42,'',1,'',NULL,'',2,'',2,'',1,'',2,'',1,'',NULL,'',NULL,'',1,'6 h academia '),(14,53,'Ajustar para corrida e menopausa',1,'Menopausa',1,'',NULL,'natifa - para menopausa',1,'clorela - multivitaminico - omega3 - bcaa - glutamina - colageno ',1,'',1,'menopausa ',1,'',2,'',2,'',1,'corrida '),(15,56,'ajustes ',1,'',1,'ok',2,'',2,'',1,'',2,'',1,'',2,'',2,'',1,'corrida 3x semana '),(16,57,'ganho de massa ',1,'',1,'solicitação ',NULL,'',NULL,'Whey ',1,'',2,'',2,'',2,'',2,'',1,'musculação seg a sexta'),(17,58,'Emagrecer',1,'',2,'solicitar',2,'',NULL,'',1,'',NULL,'',1,'',2,'',2,'',1,'4 x semana '),(18,84,'ganho de massa ',1,'',2,'',2,'',2,'',1,'',2,'',1,'',NULL,'',NULL,'',2,'2x semana'),(19,51,'ganho de massa ',1,'problema na lombar ',1,'',2,'',2,'',1,'',2,'',2,'',2,'',2,'',1,'todos os dias '),(20,87,'',1,'',1,'',1,'hormonal - tireoide / para sono e ansiedade',NULL,'Whey - BCAA - creatina ',1,'',NULL,'',2,'muito ruim',NULL,'',NULL,'',1,'todo dia - funcional e musculação'),(21,88,'ganho de massa ',1,'',1,'',NULL,'hipotiriodismo',2,'',1,'',1,'passar mal durante exercicios',1,'',2,'',2,'',2,'3x'),(22,89,'corrida',1,'Nada',1,'feitos ',2,'',1,'Vitamina D ',1,'',2,'',1,'',2,'',2,'',1,'musc. - corrida '),(23,91,'ganho de massa ',1,'Nada',1,'',2,'',2,'',1,'',NULL,'',2,'',2,'',2,'',1,''),(24,65,'Emagrecer - Vegana',1,'',2,'',NULL,'b12',NULL,'B12 - vitamina D',1,'',NULL,'',1,'',NULL,'',NULL,'',1,''),(25,118,'Emagrecer',1,'',2,'',2,'',1,'whey ',1,'',2,'',1,'',NULL,'',NULL,'',1,'corrida - musculação '),(26,124,'',1,'',NULL,'',NULL,'',NULL,'',1,'',NULL,'',1,'',NULL,'',NULL,'',1,''),(27,151,'',1,'',1,'Feitos ',1,'HAS / Colesterol ',2,'',1,'',1,'',1,'ok',NULL,'',NULL,'parando com a cerveja ',2,'seg a quinta '),(28,152,'Emagrecer',1,'triglicirideos / colesterol ',1,'feitos ',NULL,'HAS / Ansiedade ',1,'omega 3 ',1,'',2,'tudo bem',1,'regular',NULL,'',NULL,'',1,'caminhada - funcional - pilates '),(29,179,'',1,'',1,'feitos ',2,'',2,'',1,'',NULL,'inchaço ',1,'',2,'',2,'',1,'academia - no predio '),(30,182,'',1,'',2,'',2,'',2,'',1,'',2,'',1,'',2,'',2,'',1,'corrida - academia '),(31,190,'emagrecimento ',1,'tirou tireoide ',1,'',1,'para tireoide ',1,'whey',1,'',NULL,'',1,'',NULL,'',NULL,'',2,'bike tbm'),(32,191,'ganho de massa ',1,'',1,'feitos ',NULL,'',1,'multivitaminico - hipercalorico com whey - creatina - bcaa - albumina ',1,'',2,'',1,'',NULL,'',NULL,'',1,'academia '),(33,193,'emagrecimento ',1,'',1,'',1,'puran ',2,'',1,'',NULL,'',1,'',NULL,'',NULL,'',2,'todo dia '),(34,194,'Emagrecer',1,'',1,'',2,'',2,'',1,'',NULL,'',1,'',NULL,'',NULL,'',1,'funcional'),(35,214,'',1,'',1,'feitos / colesterol / glicose = altos',1,'diovan 320mg / glifage xr 500mg',NULL,'',1,'',2,'',1,'ok',NULL,'',NULL,'',2,'3x'),(36,219,'',1,'',NULL,'solicitar',2,'',2,'',1,'',NULL,'cansados',1,'',NULL,'',NULL,'',7,'bike '),(38,220,'',1,'hipotireodismo',1,'',NULL,'para tireoide ',NULL,'',1,'',NULL,'',1,'regular - ',2,'',NULL,'',2,'todo dia '),(39,223,'',1,'emagrecimento',1,'bons ',2,'',2,'',1,'',NULL,'intestino ',2,'estaciona, bem ruim ',2,'',2,'',1,'corrida 3x semana '),(40,224,'definição',1,'',2,'',2,'',1,'whey - animal peck',1,'',2,'',1,'',2,'',2,'',2,'todo dia '),(41,227,'',1,'',2,'',NULL,'',NULL,'',1,'',NULL,'',1,'bom ',NULL,'',NULL,'',1,'academia '),(42,229,'',1,'Nada',1,'',2,'',NULL,'vitamina D',1,'',NULL,'cansaço ',1,'bom ',NULL,'',NULL,'',1,'corrida '),(43,230,'ganho de massa ',1,'',1,'',NULL,'',NULL,'vitamina D - whey',1,'',NULL,'',1,'',NULL,'',NULL,'',1,'corrida - funcional'),(44,231,'emagrecimento ',1,'esteatose ',1,'feitos ',2,'',2,'',1,'',1,'',1,'regular',NULL,'',NULL,'',1,''),(45,232,'',1,'',NULL,'',NULL,'',NULL,'',1,'',NULL,'',2,'regular',NULL,'',NULL,'',1,'corrida'),(47,233,'',1,'solicitar ',2,'',2,'',2,'',1,'',NULL,'bons',1,'',NULL,'',NULL,'',1,'corridas '),(48,245,'',1,'',1,'',NULL,'ansiolitico ',NULL,' vitamina D - melatonina ',1,'',NULL,'cansados',2,'',NULL,'',NULL,'',1,'natação e muay thay'),(49,249,'',1,'menoupausa',2,'solicilitar',2,'para bronquinte',NULL,'',1,'',NULL,'calorão',2,'',2,'',2,'',2,'seg - sexta '),(50,255,'desenvolver corrida ',1,'',1,'feitos ',NULL,'',NULL,'',1,'',NULL,'',1,'',NULL,'',NULL,'',3,'corrida 4x '),(51,256,'',1,'esofagite - gstrite e cardio alargado ',2,'solicitar',2,'para estomago ',2,'',1,'',NULL,'',1,'',NULL,'',NULL,'',1,'funcional prada por enquanto'),(52,257,'',1,'',1,'',2,'',2,'',1,'',NULL,'',2,'',NULL,'',NULL,'',7,'Funcional 4x'),(53,259,'',1,'',1,'',NULL,'corticoide ',NULL,'',1,'',NULL,'',1,'',NULL,'',NULL,'',1,'musculação 4x'),(54,260,'',1,'',1,'solicitar',NULL,'diosmin - sangue',NULL,'',1,'',2,'',2,'',NULL,'',NULL,'',1,'caminhada '),(55,262,'',1,'b12 - vitamina D',1,'colesterol e triglicerideos alto',2,'',2,'',1,'',NULL,'',2,'bem ruim ',NULL,'',NULL,'',8,'3x semana '),(56,265,'',1,'nao ',NULL,'solicitado ',2,'',2,'',1,'',NULL,'',1,'depende',NULL,'',NULL,'',8,'GD'),(57,270,'emagrecimento ',1,'',1,'feitos - bem completo todos ok',2,'',NULL,'centrum ',1,'',NULL,'',1,'mais ou menos ',NULL,'',NULL,'',2,''),(58,271,'Emagrecer',1,'dermatite - psoriase ',1,'',1,'ecitalopran - ansiedade ',NULL,'',1,'',NULL,'unha - cabelo queda ',1,'',NULL,'',NULL,'',1,''),(59,273,'',1,'',1,'feitos ',NULL,'',NULL,'acido folico ',1,'',2,'',1,'',NULL,'',NULL,'',2,'piltes - dança e funcional '),(60,279,'',1,'',1,'feitos ',2,'',2,'',1,'',NULL,'',1,'',NULL,'',NULL,'',1,''),(61,281,'',1,'',NULL,'',2,'',1,'cromo - triptofano - ansiosa ',1,'',NULL,'',1,'',NULL,'',NULL,'',2,''),(62,282,'',1,'',1,'',2,'',2,'cafeina ',1,'',NULL,'',1,'',NULL,'',NULL,'',2,''),(63,283,'',1,'',1,'Vitamina D - TGO / TGP / Glicose ',1,'',NULL,'',1,'',NULL,'',1,'',NULL,'',NULL,'',1,''),(64,284,'',1,'Nada',NULL,'feitos ',2,'',2,'',1,'',NULL,'',1,'',NULL,'',NULL,'',1,''),(65,285,'',1,'',NULL,'',NULL,'',NULL,'',1,'',NULL,'',1,'',NULL,'',NULL,'',1,''),(66,286,'',1,'interancia lactose - retirada da tireoide ',NULL,'',NULL,'para tireoide - menopausa - Femoston ',2,'vitamina D',1,'',NULL,'',1,'',NULL,'',NULL,'',2,'caminhadas - bike '),(67,287,'',1,'',NULL,'',NULL,'',NULL,'',1,'',NULL,'',1,'',NULL,'',NULL,'',5,'4 x semana '),(68,288,'',1,'',NULL,'acido urico - ferritina ',NULL,'pregabalina - melocican ',NULL,'magnesio - biotina - bcaa - vitamina d - c10- Whey ',1,'',NULL,'',1,'',NULL,'',NULL,'',8,'pilates '),(69,289,'',1,'feitos ',1,'feitos ',NULL,'',NULL,'omega - magnesio ',1,'',NULL,'',1,'',NULL,'',NULL,'',8,'musculação '),(70,290,'',1,'',NULL,'',2,'',2,'',1,'',NULL,'',1,'',NULL,'',NULL,'',8,''),(71,291,'',1,'',1,'',1,'ansiedade ',2,'',1,'',NULL,'',1,'',NULL,'',NULL,'',8,''),(72,294,'',1,'fibriomialgia - sinizite ',1,'feitos',1,'tireoide - testosterol - ',NULL,'',1,'',NULL,'',1,'',NULL,'',NULL,'',1,'pilates - caminhada '),(73,297,'',1,'',1,'',2,'',2,'',1,'',NULL,'',1,'',NULL,'',NULL,'',1,'funcional'),(74,298,'',1,'colesterol e triglicerideos ',1,'feitos ',1,'',1,'omega - colageno - vitaminas ',1,'',NULL,'',1,'',NULL,'',NULL,'',1,'funcional 3x'),(75,307,'',1,'emagrecer 15kg',1,'feitos - alteração testorana baixa - vitamina D',NULL,'',1,'vitmaina D - omega - glutamina - maca ',1,'',2,'',1,'',2,'',2,'',2,''),(76,308,'',1,'',1,'feitos - uso de sibutramina - colesterol ',NULL,'',NULL,'vitamina D - Zinco - Vitamina B',1,'',NULL,'',1,'',NULL,'',NULL,'',1,'caminhada '),(77,309,'',1,'colesterol, triglicerideos, glicose, vitamina D',1,'bastante alterações das citadas a cima',NULL,'para colesterol - ',NULL,'vitamina D - omega ',1,'',NULL,'',1,'',NULL,'',NULL,'',1,''),(78,310,'',1,'',NULL,'feitos ',NULL,'amitriptilina - antidepresivo ',2,'fibra - tamiarini ansiedade ',1,'',1,'',1,'',NULL,'',NULL,'',1,''),(79,311,'',1,'sindrome de panico ',1,'vai fazer ',NULL,'',NULL,'',1,'',NULL,'',1,'',NULL,'',NULL,'',2,''),(80,314,'',1,'colesterol, triglicerideos, glicose, vitamina D',1,'',NULL,'para colesterol ',NULL,'vitamina D',1,'',NULL,'',1,'',NULL,'',NULL,'',1,''),(81,315,'',1,'',NULL,'',NULL,'HA / tireoide ',NULL,'',1,'',NULL,'',1,'',NULL,'',NULL,'',2,''),(82,316,'',1,'Nada',1,'',2,'',2,'',1,'',NULL,'',1,'',NULL,'',NULL,'',8,''),(83,17,'',1,'',NULL,'clesterol 220, ',NULL,'',1,'tomando omega 3 - acido folico - vitamina D 5 mil UI',1,'',NULL,'',1,'',NULL,'',NULL,'',1,''),(85,331,'',1,'',1,'feitos ',1,'vitamina - tireoide - ansiedade - omega ',NULL,'',1,'',NULL,'',1,'',NULL,'',NULL,'',1,'4x funcional e pilates'),(86,332,'',1,'',NULL,'',NULL,'',NULL,'',1,'',NULL,'',1,'',NULL,'',NULL,'',1,'seg - sexta '),(88,336,'',1,'',NULL,'feitos',NULL,'',NULL,'',1,'',NULL,'',1,'',NULL,'',NULL,'',1,'volei - pilates'),(89,337,'',1,'colesterol  ',NULL,'solitados ',NULL,'HAS ',NULL,'',1,'',NULL,'',1,'',NULL,'',NULL,'',1,'funcional '),(90,338,'',1,'',NULL,'feitos ',NULL,'HAS',NULL,'',1,'',NULL,'',1,'',NULL,'',NULL,'',1,''),(91,340,'',1,'',1,'feitos ',2,'',2,'',1,'',NULL,'',1,'',NULL,'',NULL,'',2,'3x musculação'),(92,342,'',1,'emagrecimento',1,'feitos',1,'tireiode - ansiedade ',NULL,'',1,'',NULL,'',1,'',NULL,'',NULL,'',7,'academia - no predio '),(93,344,'controlar leusemia e emagrecer ',9,'tireoide - lactose - leusemia cronica - hematocrito muito baixo ',1,'feitos ',2,'sem medicamentos, leucemia controlada',NULL,'pra ansiedade',1,'',2,'',2,'muito ruim',NULL,'',NULL,'',7,'caminhada - corrida'),(94,346,'Emagrecer',1,'',1,'feitos ',1,'ferro- vit. D b12',1,'',1,'',NULL,'',1,'',NULL,'',NULL,'',1,'funcional - pilates'),(95,349,'Emagrecer',1,'',1,'feitos ',2,'',2,'',1,'',NULL,'',1,'',NULL,'',NULL,'',1,'academia '),(96,354,'',1,'HAS - pre diabetes ',1,'feito ',1,'para depressão - quelatos minerais - para articulação - has - cloreto ',1,'',1,'',NULL,'muito cansada - fraca ',1,'regular',NULL,'',NULL,'',1,''),(97,355,'',1,'Nada',1,'',NULL,'',NULL,'magnesio ',1,'',NULL,'',1,'',NULL,'',NULL,'',1,''),(98,367,'',1,'ovario policistico ',NULL,'solicitar',2,'',2,'',1,'',NULL,'',1,'',NULL,'',NULL,'',1,'funcional 3x'),(99,371,'',1,'',1,'feitos - triglicerideos',2,'',2,'',1,'',NULL,'',2,'',NULL,'',NULL,'',2,'academia '),(100,373,'',1,'corrida ',1,'ok',2,'',2,'',1,'',NULL,'',1,'',NULL,'',NULL,'',8,'5x'),(101,374,'',1,'muita ansiedade ',2,'solicitados',2,'',2,'',1,'',NULL,'',1,'',NULL,'',NULL,'',8,'4 x semana '),(102,369,'',1,'',1,'',NULL,'',NULL,'cartamo mng - omega3 - aplicaçao de mesoterapia',1,'',NULL,'',1,'',NULL,'',NULL,'',7,'funcional'),(103,376,'',1,'glicose - colesterol - triglecerideos',1,'feitos',1,'nesina 25mg',2,'',1,'',NULL,'sono ',1,'bom ',NULL,'',NULL,'',1,'caminhadas'),(104,377,'',1,'',1,'feito',2,'',2,'',1,'',NULL,'',1,'',NULL,'',NULL,'',1,'corrida - musculação - bike'),(105,379,'',1,'',1,'feitos ',1,'broncodilatador - renite',1,'lipo6 black',1,'',NULL,'',1,'',NULL,'',NULL,'',1,'funcional'),(106,380,'',1,'enxaqueca - renal',2,'',2,'',2,'',1,'',NULL,'enxaqueca',1,'regular',NULL,'',NULL,'',2,''),(107,381,'',1,'intolerancia a lactose',1,'feitos ',NULL,'pantoprazol 40',NULL,'suplemento para cabelo',1,'',NULL,'estomago, dor de cabeça',2,'',NULL,'',NULL,'',1,''),(108,382,'',1,'Nada',2,'',2,'',1,'',1,'',2,'',1,'',NULL,'',NULL,'',2,'ginastica e musculação'),(109,383,'',1,'',NULL,'solicitar',2,'',2,'',1,'',NULL,'',1,'',NULL,'',NULL,'',5,'2x semana'),(110,384,'',1,'',2,'',NULL,'',NULL,'creatina - whey - omega3',1,'',2,'',1,'',NULL,'',NULL,'',2,'futebol '),(111,385,'',1,'ok',1,'feitos ',NULL,'nada',NULL,'enzimas de reduçao',1,'',NULL,'',1,'',NULL,'',NULL,'',2,'3x semana'),(112,387,'',1,'Nada',NULL,'feitos ',2,'',2,'',1,'',NULL,'',1,'',NULL,'',NULL,'',2,''),(113,389,'',1,'aritmia',2,'',2,'',2,'',1,'',NULL,'',1,'',NULL,'',NULL,'',7,'funcional'),(114,390,'',1,'',NULL,'feitos ',2,'',2,'',1,'',NULL,'',1,'',NULL,'',NULL,'',1,''),(115,392,'',1,'feitos ',1,'',NULL,'',NULL,'estanozol, whey, creatina, termo, b12,',1,'',NULL,'',2,'muito ruim',NULL,'',NULL,'',2,'seg - sexta '),(116,393,'',1,'intolerancia a lactose ',1,'',2,'',1,'',1,'',NULL,'',1,'',NULL,'',NULL,'',1,''),(117,422,'',1,'colesterol  - lactose',1,'feitos ',NULL,'nada',NULL,'',1,'',NULL,'dor muscular',1,'',NULL,'',NULL,'',7,'funcional - em casa'),(118,423,'',1,'gicose 104 - has - ',NULL,'',NULL,'glifage - HAS - metformina',NULL,'B12 - vitamina D ',1,'',NULL,'',2,'',NULL,'',NULL,'',1,''),(119,424,'',1,'Nada',NULL,'feitos ',2,'',2,'',1,'',NULL,'tudo bem',2,'',NULL,'',NULL,'',8,''),(120,425,'',1,'glicemia',1,'feito',NULL,'insula - colesterol ',NULL,'vitamina D',1,'',NULL,'',1,'',NULL,'',NULL,'',1,''),(121,426,'',1,'lactose',1,'feitos ',NULL,'progesterona - acompanha medico',1,'',1,'',NULL,'',1,'',NULL,'',NULL,'',2,''),(122,427,'',1,'',NULL,'feitos ',NULL,'ansiedade ',NULL,'omega3 e Q10 ',1,'',NULL,'',1,'',NULL,'',NULL,'',2,'seg - sexta '),(123,428,'',1,'',1,'feitos ',2,'',2,'',1,'',NULL,'',1,'',NULL,'',NULL,'',2,'corrida'),(124,434,'',1,'',NULL,'',NULL,'',NULL,'',1,'',NULL,'',1,'',NULL,'',NULL,'',1,''),(125,449,'',1,'Nada',NULL,'solicitar',NULL,'',NULL,'',1,'',NULL,'',1,'',NULL,'',NULL,'',7,'funcional'),(126,450,'',1,'Nada',NULL,'feitos ',2,'',NULL,'whey bcaa glutamina creatina ',1,'',NULL,'',1,'regular',NULL,'',NULL,'',8,'musculação'),(127,451,'',1,'Nada',NULL,'feitos ',NULL,'',NULL,'',1,'',NULL,'',2,'',NULL,'',NULL,'',1,''),(128,452,'',1,'efizema pulmunar - coração',NULL,'feitos - colesterol - h.glicada altas',NULL,'AAS - enalapril - anlodipino - zetia',NULL,'whey - creatina ',1,'',NULL,'tudo bem',1,'',NULL,'',NULL,'',2,'natação - caminhada'),(129,453,'',1,'has - ',NULL,'feitos ',NULL,'HAS ',NULL,'vitamina D',1,'',NULL,'',1,'',NULL,'',NULL,'',1,''),(130,457,'',1,'Nada',NULL,'feitos ',NULL,'nada',NULL,'nada',1,'',NULL,'',1,'',NULL,'',NULL,'',6,''),(131,458,'',1,'Menopausa',NULL,'solicitar',NULL,'anti depressivo deller 50mg',2,'',1,'',NULL,'menopausa ',1,'irregular',NULL,'',NULL,'',2,''),(132,459,'',1,'',NULL,'solicitar',NULL,'HAS - diuretico ',2,'',1,'',NULL,'',1,'',NULL,'',NULL,'',8,''),(133,460,'',1,'',NULL,'glicemia - colesterol',1,'puran - ',NULL,'termogenico ',1,'diabetes',NULL,'inchaço ',1,'muito ruim',NULL,'',NULL,'',1,'aerobico - musculação'),(134,463,'',1,'Nada',NULL,'solicitar',NULL,'hormonios ',NULL,'',1,'',NULL,'',2,'',NULL,'',NULL,'',1,'caminhada'),(135,464,'',1,'Nada',1,'',NULL,'aritmia - ',NULL,'',1,'',NULL,'',1,'',NULL,'',NULL,'',1,''),(136,465,'',1,'cansaço - pneumonia ',NULL,'feitos ',NULL,'',2,'termogenico - murosil',1,'',NULL,'',1,'',NULL,'',NULL,'',1,'funcional'),(137,466,'',1,'',1,'feitos ',NULL,'',NULL,'',1,'',NULL,'',1,'',NULL,'',NULL,'',2,''),(138,468,'',1,'lactose - esofagite - gastrite - duodenite',1,'feitos ',1,'omeprazol - lactose - ',NULL,'',1,'',NULL,'azia - refluxo - ',1,'muito ruim',NULL,'',NULL,'',5,''),(139,469,'',1,'Nada',1,'solicitados',2,'',2,'',1,'',1,'',2,'',NULL,'',NULL,'',1,''),(140,470,'',1,'',1,'',NULL,'',NULL,'',1,'',2,'',1,'',NULL,'',NULL,'',2,''),(141,471,'',1,'Nada',1,'',1,'para insonia',NULL,'',1,'',NULL,'',1,'',NULL,'',NULL,'',1,''),(142,473,'',1,'emagrecimento',NULL,'',NULL,'',NULL,'bcaa - maca - lcarnitina ',1,'',2,'',1,'',2,'',2,'',4,''),(143,474,'',1,'troca de gord. musculo',1,'',2,'',NULL,'whey e creatina',1,'',NULL,'',2,'',NULL,'',NULL,'',2,''),(144,475,'',1,'',1,'',2,'',2,'bcaa ',1,'',NULL,'',1,'',NULL,'',NULL,'',5,''),(145,476,'',1,'emagrecimento',NULL,'colesterol',1,'',NULL,'',1,'',NULL,'',1,'muito ruim',NULL,'',NULL,'',1,'caminhadas'),(146,477,'',1,'EXAMES Alterados - diabetes, colesteol',NULL,'feitos ',NULL,'usando',NULL,'vitamina D',1,'',NULL,'',1,'diarreia',NULL,'',NULL,'',1,''),(147,478,'',1,'emagrecimento',1,'',NULL,'',NULL,'whey - pre treino',1,'',NULL,'',1,'',NULL,'',NULL,'',2,'funcional '),(148,479,'',1,'emagrecimento',1,'',NULL,'puran - melatonina - omeprazol ',NULL,'vitamina D',1,'',NULL,'',2,'',NULL,'',NULL,'',8,''),(149,480,'',1,'intolerancia a lactose',1,'',NULL,'hormonal',2,'',1,'',NULL,'',2,'',NULL,'',NULL,'',1,''),(150,481,'',1,'',NULL,'',NULL,'para dormir',NULL,'',1,'',NULL,'',2,'',NULL,'',NULL,'',2,'seg - sexta '),(151,482,'',1,'emagrecimento',NULL,'feito',NULL,'coração- glicose-colesterol',NULL,'',1,'',1,'',2,'',NULL,'',NULL,'',1,''),(152,483,'',1,'emagrecimento',1,'',NULL,'',NULL,'',1,'',NULL,'',1,'',NULL,'',NULL,'',1,''),(153,484,'',1,'',1,'',2,'',2,'',1,'',NULL,'',1,'',NULL,'',NULL,'',8,''),(154,485,'',1,'',1,'',2,'',NULL,'vitamina - whey - bcaa - glutamina - mgn',1,'',NULL,'',1,'pedra no rim',NULL,'',NULL,'',4,''),(155,487,'',1,'Nada',1,'',2,'',2,'',1,'',NULL,'',1,'',NULL,'',NULL,'',7,'funcional - dança - musculação'),(156,488,'',1,'',NULL,'solicitar',NULL,'',NULL,'whey',1,'',NULL,'',1,'',NULL,'',NULL,'',3,''),(158,489,'',1,'',1,'solicitar',2,'',2,'',1,'',NULL,'',2,'',NULL,'',NULL,'',2,'seg - sexta '),(159,490,'',1,'Nada',1,'',NULL,'',NULL,'vitamina D',1,'',NULL,'',1,'',NULL,'',NULL,'',2,'funcional'),(160,491,'',1,'Nada',2,'',NULL,'',1,'vitamina D',1,'',NULL,'',2,'',NULL,'',NULL,'',7,'em casa'),(161,492,'',1,'emagrecimento',NULL,'',NULL,'',1,'vitaminas para cabelo',1,'',NULL,'',1,'',NULL,'',NULL,'',7,'todo dia '),(162,493,'',1,'colesterol, triglicerideos',NULL,'feitos',1,'',NULL,'',1,'',NULL,'',1,'',NULL,'',NULL,'',7,'bike - musulação'),(163,494,'',1,'emagrecimento',NULL,'feitos ',2,'',2,'',1,'tireoide',NULL,'',2,'',NULL,'',NULL,'',7,''),(164,495,'',1,'',1,'solicitar',2,'',2,'',1,'',NULL,'',2,'',NULL,'',NULL,'',8,'academia '),(165,496,'',1,'emagrecimento',1,'',NULL,'anti ',NULL,'vitamina D - omega - dha - whey',1,'',NULL,'',1,'',NULL,'',NULL,'',2,'seg - sabado'),(166,497,'',1,'para treinar bem ',1,'',NULL,'nada',NULL,'',1,'',NULL,'',1,'',NULL,'',NULL,'',8,'seg - sexta '),(167,499,'',1,'emagrecimento',NULL,'',2,'',NULL,'whey',1,'',NULL,'',2,'muito ruim',NULL,'',NULL,'',7,'musculação - bike'),(168,16,'',1,'',NULL,'',NULL,'',NULL,'',1,'',NULL,'',1,'',NULL,'',NULL,'',1,''),(169,500,'',1,'Nada',NULL,'feitos ',NULL,'',NULL,'vitamina D',1,'',NULL,'',1,'',NULL,'',NULL,'',8,''),(170,501,'',1,'esteatose - Coleterol - trigl.',1,'',1,'para colesterol ',NULL,'vitamina D',1,'',NULL,'',1,'',NULL,'',NULL,'',4,''),(171,502,'',1,'Nada',1,'',NULL,'ciclo de testosterona',1,'cafeina ',1,'',NULL,'',1,'',NULL,'',NULL,'',2,''),(174,503,'',1,'Nada',NULL,'feitos ',2,'',2,'',1,'',NULL,'',1,'',NULL,'',NULL,'',4,''),(175,504,'',1,'colesterol, triglicerideos, glicose, b12',1,'feitos ',NULL,'colesterol, ',NULL,'vitamina D, b12, omega, glifage,has, coração',1,'',NULL,'',2,'',NULL,'',NULL,'',7,''),(176,505,'',1,'HAS',1,'feitos - triglicerideo e glicose alto',NULL,'',NULL,'creatina ',1,'',NULL,'',2,'',NULL,'',NULL,'',2,''),(177,507,'',2,'HAS - ',NULL,'',NULL,'para tireoide - glifage - ',NULL,'vitamina D ',1,'',NULL,'cansados',1,'',NULL,'',NULL,'',1,''),(178,509,'',1,'emagrecimento',1,'',NULL,'HAS',2,'',1,'',NULL,'',1,'',NULL,'',NULL,'',4,''),(179,510,'',1,'emagrecimento',NULL,'feitos ',NULL,'ansiedade - sono',NULL,'ferro',1,'',NULL,'',1,'',NULL,'',NULL,'',7,''),(180,511,'',1,'emagrecimento',1,'feitos ',NULL,'',NULL,'tcm - omega - fibras',1,'',NULL,'',2,'regular',NULL,'',NULL,'',5,'crosfit'),(181,512,'',1,'',NULL,'feitos ',2,'',2,'',1,'',NULL,'',1,'',NULL,'',NULL,'',7,'crosfitt'),(182,160,'',1,'',NULL,'feitos ',NULL,'anti ',NULL,'vitamina D',1,'',NULL,'',1,'',NULL,'',NULL,'',7,'volei '),(183,513,'',1,'emagrecimento',NULL,'colesterol - trig. glicose. vitaD e Zinco',2,'',NULL,'omega, vit. D. zinco ',1,'',NULL,'',1,'',NULL,'',NULL,'',1,''),(184,514,'',1,'gastrite e refluxo',2,'',1,'',NULL,'',1,'',NULL,'',2,'',NULL,'',NULL,'',2,''),(185,515,'',1,'diabetes ',1,'',NULL,'diabetes - coração ',NULL,'',1,'',NULL,'',1,'',1,'',NULL,'',1,''),(186,516,'',1,'emagrecimento',2,'',2,'',2,'',1,'',NULL,'',1,'',NULL,'',NULL,'',2,''),(187,517,'',1,'HAS ',NULL,'feito',NULL,'HAs  - estalopran',NULL,'vitamina D',1,'',NULL,'ansiedade',2,'',NULL,'',NULL,'',7,'funional'),(188,518,'',1,'ganho massa',NULL,'',NULL,'',NULL,'whey - creatina ',1,'',NULL,'',1,'',NULL,'',NULL,'',2,''),(189,519,'',1,'colesterol',1,'',NULL,'nada',NULL,'creatina ',1,'',NULL,'',1,'',NULL,'',NULL,'',2,''),(190,520,'',1,'',1,'feitos ',NULL,'',NULL,'whey - vitaminas  - CQ10',1,'',NULL,'',1,'',NULL,'',NULL,'',2,'4 x semana '),(191,521,'',1,'emagrecimento',NULL,'feitos ',2,'',2,'',1,'',NULL,'',1,'',NULL,'',NULL,'',7,''),(192,522,'',1,'colestrol ',NULL,'feitos - colesterol - triglic. creatinina',NULL,'para colesterol ',NULL,'',1,'',NULL,'',1,'',NULL,'',NULL,'',1,''),(193,523,'',1,'emagrecimento',NULL,'solicitar',2,'',NULL,'',1,'',NULL,'',2,'',NULL,'',NULL,'',1,''),(194,524,'',1,'emagrecimento',NULL,'',2,'',2,'',1,'retirada de tumor no utero',NULL,'ansiedade, depressão',2,'',NULL,'',NULL,'',2,''),(195,526,'',1,'colesterol - lactose ',1,'',NULL,'',NULL,'',1,'',NULL,'',1,'',NULL,'',NULL,'',1,''),(196,527,'',1,'emagrecimento',NULL,'feitos ',1,'',NULL,'melatnina - vitamina coplexo e TCM',1,'',NULL,'',2,'',NULL,'',NULL,'',1,''),(197,528,'',1,'hipotiroidismo ',NULL,'',NULL,'para hipot. ',NULL,'',1,'',NULL,'',2,'',NULL,'',NULL,'',8,''),(198,529,'',1,'',NULL,'feitos ',2,'',2,'',1,'',NULL,'tudo bem',1,'',NULL,'',NULL,'',2,'volei '),(199,530,'',1,'emagrecimento',1,'',NULL,'',NULL,'whey - pre treino',1,'',NULL,'',1,'',NULL,'',NULL,'',2,''),(200,531,'',1,'anemina',NULL,'feitos ',2,'',2,'',1,'',NULL,'',2,'',NULL,'',NULL,'',2,''),(201,532,'',1,'',NULL,'',1,'sono',NULL,'',1,'',NULL,'',1,'',NULL,'',NULL,'',2,'natação'),(202,533,'',1,'rins',NULL,'',NULL,'',NULL,'',1,'',NULL,'',1,'',NULL,'',NULL,'',1,''),(203,535,'',1,'emagrecimento, saude ',1,'feitos ',NULL,'puran ',2,'',1,'',NULL,'cansado',2,'',NULL,'',NULL,'',2,'crosfit e bike'),(204,536,'',1,'emagrecimento',1,'colesterol',NULL,'colesterol',NULL,'',1,'',NULL,'',2,'',NULL,'',NULL,'',1,''),(205,537,'',1,'emagrecimento',1,'',2,'',2,'',1,'',NULL,'',1,'',NULL,'',NULL,'',4,''),(206,539,'',1,'emagrecimento',2,'',NULL,'',NULL,'centrum - omega 3 - gloraprim - candida suport - coq10',1,'',NULL,'',1,'',NULL,'',NULL,'',1,'funcional'),(207,540,'',1,'Nada',2,'solicitar',NULL,'nada',NULL,'',1,'',NULL,'',1,'',NULL,'',NULL,'',7,''),(208,543,'',1,'saude',NULL,'solicitar',NULL,'coração - vastarel - dieloft - carvediol- depakot- lamitor - prebictal',NULL,'',1,'',NULL,'',2,'',NULL,'',NULL,'',1,''),(209,544,'',1,'emagrecimento',NULL,'feitos ',NULL,'',NULL,'melatonina ',1,'',NULL,'',1,'',NULL,'',NULL,'',8,''),(210,563,'',1,'emagrecimento',2,'',1,'omeprazol',NULL,'',1,'',NULL,'tudo bem',1,'',NULL,'',NULL,'',1,''),(211,564,'',1,'emagrecimento',NULL,'solicitar',1,'atenolol- diurético - estalopran ',NULL,'polivitaminico ',1,'',NULL,'',1,'',NULL,'',NULL,'',1,'funcional - pilates'),(212,565,'',1,'emagrecimento',NULL,'feitos ',2,'',2,'',1,'',NULL,'',2,'',NULL,'',NULL,'',1,'funcional 3x'),(213,567,'',1,'emagrecimento',NULL,'colesterol - tireoide - trigl. ',NULL,'ansiolitico - colesterol ',NULL,'vitm c - omega - vitm. D ',1,'',NULL,'',1,'',NULL,'',NULL,'',2,'corrida '),(214,569,'',1,'emagrecimento',NULL,'feitos ',2,'nada',2,'',1,'',NULL,'',2,'',NULL,'',NULL,'',2,''),(215,575,'',1,'',NULL,'feitos - trigic. - HAS',NULL,'HAS',2,'',1,'',NULL,'',1,'',NULL,'',NULL,'',2,''),(217,576,'',1,'massa',NULL,'',NULL,'',NULL,'reatina colagno whey',1,'',NULL,'',1,'',NULL,'',NULL,'',2,'seg - sexta '),(218,578,'',1,'',1,'feitos ',2,'',2,'',1,'',NULL,'',1,'',NULL,'',NULL,'',2,'4 x semana '),(219,579,'',1,'',NULL,'feitos ',1,'',NULL,'colageno - curcuma - tribulus - maca ',1,'',NULL,'caansaço - dor coluna ',1,'',NULL,'',NULL,'',2,'musculação '),(220,581,'',1,'emagrecimento',NULL,'feitos  colesterol - glicemia ',NULL,'HAS - propanolol - omeprazol ',NULL,'',1,'',NULL,'',1,'',NULL,'',NULL,'',7,'caminhada '),(221,585,'',1,'emagrecimento',NULL,'solicitar',NULL,'',NULL,'',1,'',NULL,'',1,'',NULL,'',NULL,'',2,'4 x semana '),(222,586,'',1,'',1,'solicitar',2,'',2,'omega 3',1,'',NULL,'',1,'',NULL,'',NULL,'',2,'seg - sexta '),(223,587,'',1,'emagrecimento',NULL,'solicitar',2,'',NULL,'creatina - whey',1,'',NULL,'tudo bem',2,'',NULL,'',NULL,'',2,'crosfit'),(224,588,'',1,'lombar ',NULL,'feitos ',NULL,'HAS - pregga',NULL,'',1,'',NULL,'',1,'',NULL,'',NULL,'',1,''),(228,589,'',1,'',NULL,'feitos ',2,'',2,'termogenico ',1,'',NULL,'',2,'',NULL,'',NULL,'',2,'futebol - volei '),(229,590,'',2,'DM - diverticulite - ',1,'feitos ',NULL,'varios para diverticulite - colesterol - DM - HAS - bexiga ',NULL,'',1,'',NULL,'muita dor estomago ',2,'',NULL,'',NULL,'',1,'caminhada '),(230,593,'',1,'',1,'feitos ',NULL,'',1,'whey - albumina - vitamina D - omega - vitaminas ',1,'',NULL,'',1,'',NULL,'',NULL,'',2,'3x semana'),(231,594,'',1,'emagrecimento',1,'',1,'certralia',NULL,'',1,'',NULL,'',1,'',NULL,'',NULL,'',2,''),(232,595,'',1,'emagrecimento',NULL,'feitos ',2,'',2,'',1,'',NULL,'',2,'',NULL,'',NULL,'',2,''),(233,596,'',1,'',1,'feitos ',1,'',NULL,'vitamina D - B12 ',1,'',NULL,'cansaço ',1,'',NULL,'',NULL,'',2,'seg - sexta '),(234,597,'',1,'',NULL,'',NULL,'nada',NULL,'omega 3 - calcio ',1,'',NULL,'falta de apetite ',2,'',NULL,'',NULL,'',2,''),(235,598,'',1,'emagrecimento',2,'',NULL,'',NULL,'para cabelo - termogenico ',1,'',NULL,'',2,'',NULL,'',NULL,'',2,''),(236,599,'',1,'emagrecimento',NULL,'',NULL,'',2,'',1,'',NULL,'',1,'',2,'',NULL,'',2,''),(237,600,'',1,'hernia',NULL,'',2,'',2,'',1,'',NULL,'',1,'',NULL,'',NULL,'',1,''),(238,602,'',1,'emagrecimento - depressão',NULL,'feitos - colesterol ',NULL,'para depressão - para dormir ',NULL,'',1,'',NULL,'',2,'',NULL,'',NULL,'',7,''),(239,603,'',1,'menisco e condropatia ',1,'',2,'',2,'',1,'',NULL,'',1,'',NULL,'',NULL,'',2,''),(240,604,'',1,'emagrecimento - esteatose ',1,'',NULL,'',NULL,'',1,'',NULL,'',1,'',NULL,'',NULL,'',1,''),(241,605,'',1,'hipertrofia',1,'',NULL,'retroviral ',NULL,'cretiana - bcaa -',1,'',NULL,'',1,'',NULL,'',NULL,'',2,''),(242,607,'',1,'hipertrofia',1,'',2,'',NULL,'pre treino',1,'',NULL,'',1,'',NULL,'',NULL,'',2,''),(243,609,'',1,'emagrecimento',NULL,'feitos ',NULL,'tireoide ',NULL,'',1,'',NULL,'',1,'',NULL,'',NULL,'',2,''),(244,610,'',1,'emagrecimento',1,'solicitar',NULL,'',NULL,'',1,'',NULL,'',1,'',NULL,'',NULL,'',2,''),(245,611,'',1,'hipertrofia',NULL,'refluxo ',NULL,'',NULL,'hipecalorico',1,'',NULL,'',1,'',NULL,'',NULL,'',2,'academia '),(246,612,'',1,'hipertrofia',1,'',2,'',2,'',1,'',NULL,'',1,'',NULL,'',NULL,'',2,'seg - sexta '),(247,623,'',1,'DM - Pancretite - colesterol - trigl.',1,'',NULL,'insulina - metformina - fenilfibrato - arosvastatina',NULL,'',1,'',NULL,'',1,'',NULL,'',NULL,'',1,''),(248,624,'',1,'emagrecimento',NULL,'feitos ',NULL,'para colesterol (entupimento da arteria)',NULL,'',1,'',NULL,'',1,'',NULL,'',NULL,'',8,''),(249,626,'',1,'emagrecimento',NULL,'solicitar',NULL,'nada',NULL,'',1,'',NULL,'',1,'',NULL,'',NULL,'',2,'todo dia '),(250,627,'',1,'emagrecimento',NULL,'feitos ',NULL,'',NULL,'B12 - vitamina D ',1,'',NULL,'',1,'',NULL,'',NULL,'',2,'caminhada '),(251,628,'eliminar 30Kg',1,'cardio',1,'',1,'HAS - pre DM',NULL,'',1,'',NULL,'',1,'as vezes ruim',NULL,'',NULL,'',2,''),(252,630,'emegrcimento',1,'',NULL,'solicitar',NULL,'',NULL,'vitaminas',1,'',NULL,'',1,'',NULL,'',NULL,'',1,''),(253,632,'emegrcimento',1,'',NULL,'ok',NULL,'HAS',NULL,'',1,'',NULL,'',1,'',NULL,'',NULL,'',2,''),(254,634,'emegrcimento',1,'refluxo, HAS, gastrite',1,'',NULL,'HAS',2,'',1,'',NULL,'',2,'gazes',NULL,'',NULL,'',1,''),(255,635,'emegrcimento',1,'',NULL,'',NULL,'',NULL,'pre treino ',1,'',NULL,'',1,'',NULL,'',NULL,'',2,''),(256,636,'emegrcimento',1,'gorduras ',1,'',2,'',NULL,'',1,'',NULL,'',1,'',NULL,'',NULL,'',2,''),(257,637,'emegrcimento',1,'',2,'',2,'',2,'',1,'',NULL,'',2,'',NULL,'',NULL,'',2,''),(258,254,'',1,'',1,'',2,'',2,'',1,'',NULL,'',1,'',NULL,'',NULL,'',1,'');
/*!40000 ALTER TABLE `anaminese` ENABLE KEYS */;
UNLOCK TABLES;

--
-- Table structure for table `anotacoes`
--

DROP TABLE IF EXISTS `anotacoes`;
/*!40101 SET @saved_cs_client     = @@character_set_client */;
/*!40101 SET character_set_client = utf8 */;
CREATE TABLE `anotacoes` (
  `id_anotacao` int(11) NOT NULL AUTO_INCREMENT,
  `data_antocao` date DEFAULT NULL,
  `paciente_anot` int(11) DEFAULT NULL,
  `decricao` text,
  PRIMARY KEY (`id_anotacao`),
  KEY `paciente_anot` (`paciente_anot`),
  CONSTRAINT `anotacoes_ibfk_1` FOREIGN KEY (`paciente_anot`) REFERENCES `pacientes` (`id_paciente`)
) ENGINE=InnoDB DEFAULT CHARSET=latin1;
/*!40101 SET character_set_client = @saved_cs_client */;

--
-- Dumping data for table `anotacoes`
--

LOCK TABLES `anotacoes` WRITE;
/*!40000 ALTER TABLE `anotacoes` DISABLE KEYS */;
/*!40000 ALTER TABLE `anotacoes` ENABLE KEYS */;
UNLOCK TABLES;

--
-- Table structure for table `atividades_fisicas`
--

DROP TABLE IF EXISTS `atividades_fisicas`;
/*!40101 SET @saved_cs_client     = @@character_set_client */;
/*!40101 SET character_set_client = utf8 */;
CREATE TABLE `atividades_fisicas` (
  `id_atividade` int(11) NOT NULL AUTO_INCREMENT,
  `atividade` varchar(60) DEFAULT NULL,
  PRIMARY KEY (`id_atividade`)
) ENGINE=InnoDB AUTO_INCREMENT=9 DEFAULT CHARSET=latin1;
/*!40101 SET character_set_client = @saved_cs_client */;

--
-- Dumping data for table `atividades_fisicas`
--

LOCK TABLES `atividades_fisicas` WRITE;
/*!40000 ALTER TABLE `atividades_fisicas` DISABLE KEYS */;
INSERT INTO `atividades_fisicas` VALUES (1,'nenhuma'),(2,'Academia'),(3,'Atletismo'),(4,'Ciclismo'),(5,'Futebol'),(6,'Volei'),(7,'Outros'),(8,'Corrida');
/*!40000 ALTER TABLE `atividades_fisicas` ENABLE KEYS */;
UNLOCK TABLES;

--
-- Table structure for table `avaliacao_antropometrica`
--

DROP TABLE IF EXISTS `avaliacao_antropometrica`;
/*!40101 SET @saved_cs_client     = @@character_set_client */;
/*!40101 SET character_set_client = utf8 */;
CREATE TABLE `avaliacao_antropometrica` (
  `id_avalicao` int(11) NOT NULL AUTO_INCREMENT,
  `tipo_aval` int(11) DEFAULT NULL,
  `paciente` int(11) DEFAULT NULL,
  `consulta` int(11) DEFAULT NULL,
  `data_avalicao` date DEFAULT NULL,
  `peso` float DEFAULT NULL,
  `c_cintura` float DEFAULT NULL,
  `c_abdominal` float DEFAULT NULL,
  `c_quadril` float DEFAULT NULL,
  `c_peito` float DEFAULT NULL,
  `c_braco_d` float DEFAULT NULL,
  `c_braco_e` float DEFAULT NULL,
  `c_coxa_d` float DEFAULT NULL,
  `c_coxa_e` float DEFAULT NULL,
  `dc_triceps` float DEFAULT NULL,
  `dc_escapular` float DEFAULT NULL,
  `dc_supra_iliaca` float DEFAULT NULL,
  `dc_abdominal` float DEFAULT NULL,
  `dc_axilar` float DEFAULT NULL,
  `dc_peitoral` float DEFAULT NULL,
  `dc_coxa` float DEFAULT NULL,
  PRIMARY KEY (`id_avalicao`),
  KEY `tipo_aval` (`tipo_aval`),
  KEY `paciente` (`paciente`),
  CONSTRAINT `avaliacao_antropometrica_ibfk_1` FOREIGN KEY (`tipo_aval`) REFERENCES `tipo` (`id_tipo`),
  CONSTRAINT `avaliacao_antropometrica_ibfk_2` FOREIGN KEY (`paciente`) REFERENCES `pacientes` (`id_paciente`)
) ENGINE=InnoDB AUTO_INCREMENT=1697 DEFAULT CHARSET=latin1;
/*!40101 SET character_set_client = @saved_cs_client */;

--
-- Dumping data for table `avaliacao_antropometrica`
--

LOCK TABLES `avaliacao_antropometrica` WRITE;
/*!40000 ALTER TABLE `avaliacao_antropometrica` DISABLE KEYS */;
INSERT INTO `avaliacao_antropometrica` VALUES (2,NULL,2,1,'2019-01-09',70.3,86,89,94.5,92,30,30,53,53,11,20,21,22,11,15,12),(3,NULL,3,1,'2019-01-10',62.1,69,77,105,81,26,26,54,54,20,16,25,21,15,10,26),(4,NULL,4,1,'2019-01-10',89,85,93,108,97,32,31,58.5,58.5,19,18,25,25,20,15,20),(5,NULL,5,1,'2019-01-10',89.7,81,87,102,101.5,31,31.5,56,56,10,12,19,26,11,14,15),(6,NULL,6,1,'2019-01-10',63.6,73,76,89.5,88,26,26,48,48,6,12,14,21,6,10,9),(7,NULL,7,1,'2019-01-14',72,75,83,106,86,29,29,60,60,21,22,20,20,16,11,34),(8,NULL,8,1,'2019-01-14',92,87,93,105,100,36,36,55,55,7,16,18,24,10,12,11),(9,NULL,9,1,'2019-01-14',66.1,75,83.5,107,81,28,28,56,56,15,15,25,18,17,15,25),(10,NULL,10,1,'2019-01-14',57.5,69,71.5,93,79,24,24,53,52,10,6,6,9,5,5,18),(11,NULL,11,1,'2019-01-14',58.3,68,72,89.5,80,25,26,52,52,10,10,9,11,5,6,20),(12,NULL,12,1,'2019-01-14',55,66,70,93.5,74,24,24,52,52,17,10,10,10,7,10,25),(13,NULL,13,1,'2019-01-14',66.3,77,77,104,82.5,29,28,53,53,16,18,22,22,20,15,25),(15,NULL,14,1,'2019-01-14',59.7,68,74,92,78.5,25,25,55,55,15,10,6,10,6,6,15),(16,NULL,15,1,'2019-01-14',96.4,84,85,105,111,36,36,61.5,61,10,11,9,10,6,5,10),(17,NULL,16,1,'2019-01-14',74,77,81.5,99,94.5,31.5,31.5,54,53,10,15,19,19,11,8,11),(18,NULL,18,1,'2019-01-17',55,65,74,92,75,24,24,53.5,50,19,12,19,15,7,6,22),(19,NULL,17,1,'2019-01-17',101.6,97,118.5,128,98,36,38,72.5,73.5,21,31,32,31,24,19,35),(20,NULL,19,1,'2019-01-17',79.9,89,92,100,96,32,32,54,55,12,21,30,29,17,16,16),(21,NULL,20,1,'2019-01-18',59.1,66,76,97,80,22,22,51,51,11,10,11,16,9,9,14),(22,NULL,21,1,'2019-01-21',68.5,75,76,92,91.5,29,30,49,49,10,12,13,14,8,9,14),(23,NULL,22,1,'2018-12-14',79.8,86,98,111,92,30,29.5,59,58.5,21,25,31,31,30,16,30),(24,NULL,22,2,'2019-01-21',77,86,96,108.5,91,29.5,29,58,59,19,20,27,26,26,14,26),(25,NULL,23,1,'2019-01-24',89,104,111,100,106,31,32,53,54,6,19,26,26,20,20,9),(26,NULL,24,1,'2018-11-22',87.9,96,99,100.5,102,32,32,54,54,15,24,23,25,15,20,17),(28,NULL,24,2,'2019-01-28',89.9,97,99.5,103,100,31.5,31.5,53,53,14,25,20,25,16,17,16),(29,NULL,26,1,'2019-01-28',50.7,59,69,79,71.5,23,24,48,48,15,9,10,14,5,6,20),(30,NULL,25,1,'2019-01-28',74,83,81,99,92,28,28,55,55,7,18,14,19,11,12,10),(31,NULL,27,1,'2019-01-28',56,63,68,94,80,24,25,54.5,54.5,10,11,10,9,9,8,21),(32,NULL,28,1,'2019-01-29',72.9,86,95,108,93.5,28,28,59,59,19,19,20,26,25,10,25),(33,NULL,29,1,'2019-01-29',69.2,77,87,103,85,30,29.5,56,56,18,20,21,22,22,15,26),(34,NULL,30,1,'2019-01-29',62.5,66,74,90,81,26.5,26.5,51.5,51,19,12,14,10,10,11,20),(35,NULL,31,1,'2019-01-29',64.7,74.5,87,98.5,85,24,24,51,51,17,15,27,25,13,15,24),(36,NULL,32,1,'2019-01-29',71.1,83.5,95,105.5,89,29,29,51,50,19,21,30,26,23,18,26),(37,NULL,33,1,'2019-01-29',83.2,85,87.5,99,99.5,32,32,57,56,8,15,16,30,12,15,10),(38,NULL,34,1,'2019-01-29',95.2,99,104,114,104,33,33,63,63,20,25,22,26,25,18,30),(39,NULL,35,1,'2018-10-30',64,82,81.5,90,97,27.5,27.5,48,48,6,11,11,16,9,10,8),(40,NULL,35,2,'2018-12-04',64.7,82,81.5,90,96,27,27,48,48,6,11,13,19,10,10,8),(42,NULL,35,3,'2019-01-29',63.8,81.5,82,90,94,27,27,49,49,6,11,13,20,10,10,8),(43,NULL,36,1,'2018-11-06',71.3,74,77,96.5,89,30,30,57.5,57.5,16,15,15,18,16,10,24),(44,NULL,36,2,'2018-12-04',67.7,71,75.5,93.5,86,28,28,56.5,56.5,15,15,15,18,15,10,23),(45,NULL,36,3,'2019-01-29',66.2,71,76.5,93,87,28,28,56.5,56.5,15,15,15,17,15,10,21),(46,NULL,37,1,'2018-12-18',95.9,93,107,119.5,95.5,31,32,64,63.5,21,21,20,25,18,14,26),(47,NULL,37,2,'2019-01-29',93.6,92,104,116,93,30,31,64,64,21,20,20,24,18,12,24),(48,NULL,38,1,'2019-01-30',67,71,81,92.2,84,25,25,52.5,52.5,16,14,20,20,16,12,20),(49,NULL,39,1,'2019-01-30',82.5,79.5,96,113,90,30,30,63,63,20,20,24,25,15,15,26),(50,NULL,40,1,'2019-01-31',73.4,81.5,88,100,88.5,28.5,29,57,57,18,25,28,26,26,11,22),(51,NULL,41,1,'2019-01-31',90.8,81,93,103,103,31,30,57.5,56,10,15,19,20,15,12,15),(52,NULL,42,1,'2019-01-31',75.7,81,87.5,98.5,93.5,30,29.5,51,51,9,15,9,17,10,11,11),(53,NULL,43,1,'2019-02-04',60.9,66.5,75,96,82,24.5,24.5,52,52,15,15,12,15,10,10,16),(54,NULL,44,1,'2019-02-04',68.3,74,80.5,93,91,29,29,51,51,9,11,11,15,8,10,8),(55,NULL,45,1,'2019-02-04',75.8,80,86,99,90,29,30,51,51,12,11,10,15,6,5,16),(56,NULL,46,1,'2019-02-04',81.5,86.5,89,101,100,31,30,54,54,8,20,21,25,14,15,12),(57,NULL,47,1,'2019-02-04',95.3,99,108,110,99.5,32,31,59,60,12,19,25,25,14,12,20),(58,NULL,48,1,'2019-02-04',59.9,63,71,94,78,24,24,53,53,14,10,15,15,10,10,21),(59,NULL,49,1,'2019-02-04',66.2,74,85,108,80,26.5,27,60,59,20,22,22,20,16,10,21),(60,NULL,50,1,'2019-02-04',62.6,72.5,75.5,87,87,26,26.5,46.5,46,5,7,6,6,5,5,6),(61,NULL,51,1,'2019-02-04',62.1,65.5,72.5,99.5,81,26,26,57,56.5,15,11,17,16,8,11,20),(62,NULL,52,1,'2019-02-04',65.9,68,76,101,81,27,27,56,56,20,14,23,20,12,15,20),(63,NULL,53,1,'2019-02-05',62.8,75,79.5,98,82,26,25.5,55.5,54.5,15,20,19,20,19,12,17),(64,NULL,54,1,'2019-02-06',81.6,83,86,96,95,34,34,54,53,6,15,21,20,12,10,13),(65,NULL,55,1,'2019-02-07',89.9,99.5,101,103.5,108,33,33,54,54,7,18,29,24,16,14,14),(66,NULL,56,1,'2019-02-07',75.6,81,94,106,88.5,29,29,54,55,15,25,25,24,18,10,24),(67,NULL,57,1,'2019-02-07',62.8,72.5,80.5,102,81,26.5,26.5,56,54,19,18,25,28,17,16,24),(68,NULL,58,1,'2019-02-07',83.8,92.5,101.5,105,96,31,30.5,57,56,19,24,29,29,21,20,25),(69,NULL,59,1,'2019-02-11',128.4,122,133.5,147,113,39,37.5,74,71,25,29,26,30,31,22,31),(70,NULL,60,1,'2019-02-11',99.1,100.5,111,124,114.5,35,35,71.5,71,25,27,32,30,31,22,38),(71,NULL,61,1,'2019-02-11',105.9,109.5,122,128.5,101,38,38,68,68,25,29,30,31,31,29,36),(72,NULL,62,1,'2019-02-11',112.9,96.5,119,129,119,38,36,71,72,29,29,26,30,29,26,40),(73,NULL,63,1,'2019-02-11',90.1,89,98,115,97.5,34,34,65.5,63.5,26,25,35,35,30,25,36),(74,NULL,64,1,'2019-02-11',150.6,115,143,155,117.5,45,45,90,89,34,45,44,45,40,29,49),(75,NULL,65,1,'2019-02-11',89.4,82,98,114,92,33,34,65,63,25,22,33,34,21,21,36),(76,NULL,66,1,'2019-02-11',92.4,93,103,121,97,34,35,70,70,26,31,29,22,30,22,41),(77,NULL,67,1,'2019-02-11',84,97.5,107,107,103,32,32,59.5,59.5,24,34,33,31,29,18,31),(78,NULL,68,1,'2019-02-11',99,90,112,139,94,35,35,74,73,29,31,36,34,36,20,45),(79,NULL,69,1,'2019-02-11',87.5,88,104,123.5,92.5,32,31.5,64,62,25,27,31,30,26,26,35),(80,NULL,70,1,'2019-02-11',145.1,124,137,131,125,44,44,64.5,64.5,22,30,36,39,33,29,33),(81,NULL,71,1,'2019-02-11',86.9,88,104,121,93.5,31.5,32.5,65,64,22,29,33,29,27,25,36),(82,NULL,72,1,'2019-02-11',81.3,85,95,107,97,32.5,32.5,61,60.5,25,35,32,30,31,21,35),(83,NULL,73,1,'2019-02-11',100.2,100,106,108,109,33,32,56.5,56.5,26,32,36,32,20,23,30),(84,NULL,74,1,'2019-02-11',95.6,87.5,96,123,95,34,34,71.5,69,26,30,30,30,27,24,38),(85,NULL,75,1,'2019-02-11',100.9,97,105.5,133,96.5,34,34.5,74,73.5,30,27,34,35,32,26,39),(86,NULL,76,1,'2019-02-11',112.7,108.5,121,127,110,37,38,75.5,76,25,31,36,36,32,26,36),(87,NULL,77,1,'2019-02-11',125.3,103,116,138,117,40,40,78,74,26,41,36,40,31,26,39),(88,NULL,78,1,'2019-02-11',115.4,110,123,120.5,118,35,36,64,65,16,26,31,31,31,25,21),(89,NULL,79,1,'2019-02-11',108.3,91.5,109,127.5,100,31,30,64,63,24,34,36,35,30,29,39),(90,NULL,80,1,'2019-02-11',100.3,101,110,130,100,36,37,68,68,30,32,32,31,30,27,40),(91,NULL,81,1,'2019-02-11',89,90,96,123,95,31.5,32.5,68,69,25,31,29,35,31,19,35),(92,NULL,82,1,'2019-02-12',59.7,75,83,93,82,28,28,52,52,19,20,25,24,19,16,24),(93,NULL,83,1,'2019-02-12',59.4,65,76.5,99,74,23,23,51,50,15,11,19,19,15,15,23),(94,NULL,84,1,'2019-02-12',62.2,68.5,80,96,82,26,26,54,54,13,10,12,17,12,10,19),(95,NULL,85,1,'2019-02-12',103.6,100,106,115,105,33,33,59,59,20,27,30,39,30,22,26),(96,NULL,86,1,'2019-02-12',67.3,77,85,102,88,27,28,55,56,19,25,27,25,24,16,24),(97,NULL,6,2,'2019-02-12',63.6,72.5,76,89,89.5,26,26,48,48,6,12,14,21,6,10,9),(98,NULL,87,1,'2019-02-13',61.3,76,80,95.5,86,26,26,56,56,11,16,11,16,10,12,24),(99,NULL,88,1,'2019-02-13',56.1,69,77.5,93.5,79,24.5,24.5,52,52,19,15,11,14,11,16,24),(100,NULL,89,1,'2019-02-13',83.6,90,93,101,111,30,30,56,56,10,16,21,27,15,15,11),(101,NULL,90,1,'2019-02-13',57.5,75.5,76,92,83,26,26,55,55,15,18,19,17,14,8,21),(102,NULL,91,1,'2019-02-13',48.7,63,67.5,84,76,20.5,20.5,45.5,45.5,12,7,15,16,8,10,19),(103,NULL,92,1,'2019-02-13',87,85.5,96,110,98.5,35,35,64,64,25,21,23,24,15,12,32),(104,NULL,93,1,'2019-02-13',75.5,85,85.5,97,98.5,32.5,32.5,56.5,56.5,6,14,18,15,15,6,10),(105,NULL,7,2,'2019-02-14',69.6,71,81,104,85,29,29,59,59,21,22,20,19,16,10,32),(106,NULL,94,1,'2019-02-14',71.6,86,97,105.5,94.5,30,30,54,54,15,18,18,24,20,12,25),(107,NULL,95,1,'2019-02-18',84.5,88.5,100,106,96,30,29,60.5,59.5,19,26,25,25,26,19,31),(108,NULL,96,1,'2019-02-18',69.6,79.5,88,105,87.5,29,28,63,63,18,17,26,21,25,21,28),(109,NULL,97,1,'2019-02-18',82.4,83,85.5,103,100,33,32,55,54,10,19,20,21,12,21,15),(110,NULL,98,1,'2019-02-18',60.3,77.5,87.5,103,83,27,27,55,55,20,22,30,32,21,16,26),(111,NULL,99,1,'2019-02-18',75.2,86,93,108,91,27.5,28.5,60,59.5,19,17,28,28,17,16,28),(112,NULL,100,1,'2019-02-20',97.4,90,104.5,108,99,32,32,55,56,20,19,18,21,20,15,20),(113,NULL,101,1,'2019-02-20',85.4,83,86,103.5,102,36,36,59.5,56,5,12,9,10,6,6,10),(114,NULL,102,1,'2019-02-20',62.5,66.5,71.5,97,82.5,26,26,56,56,20,11,21,17,11,11,21),(115,NULL,21,2,'2019-02-20',70.3,75,76,92,92.5,31,32,50,50,9,11,13,13,7,9,14),(116,NULL,103,1,'2019-02-20',62,68.5,70.5,97,82,25,25,55,55,14,14,13,12,12,12,16),(117,NULL,105,1,'2019-02-20',112.1,99,112,118,109,35.5,35.5,65.5,65.5,19,26,27,29,21,20,30),(118,NULL,104,1,'2019-02-20',101.3,98.5,113,121,98,27,27,70,69,31,34,34,29,30,23,35),(119,NULL,106,1,'2018-12-17',86,86.5,90,104,100,32,31,55,54,12,15,29,30,15,16,18),(121,NULL,106,2,'2019-01-17',85.2,87.5,89.5,102,99.5,31,31,55,54,12,17,29,29,16,18,16),(122,NULL,40,2,'2019-02-21',70.7,79,85,100,87,27,28,57.5,57.5,15,25,25,25,24,12,22),(123,NULL,41,2,'2019-02-21',90,79,90,102,103,30,30,57,56,10,15,17,20,13,12,14),(124,NULL,3,2,'2019-02-21',58.8,68,76.5,102.5,79.5,25.5,25.5,55,55,20,15,21,20,14,10,26),(125,NULL,4,2,'2019-02-21',83.2,83,88,104,95,31,31,57,57,17,17,25,24,16,14,18),(126,NULL,107,1,'2019-02-21',57.5,67.5,75.5,96.5,79.5,24.5,24.5,54,53,18,18,16,16,17,14,19),(127,NULL,108,1,'2019-02-21',79.5,77,86,102.5,94.5,29.5,29.5,58,57,14,11,21,22,10,9,22),(128,NULL,17,2,'2019-02-21',96.5,93.5,110.5,124,95,34.5,37,70.5,71.5,21,31,30,28,24,19,34),(130,NULL,19,2,'2019-02-21',78.8,88,91,100,97,31,31,54,55,12,21,29,29,16,16,15),(131,NULL,106,3,'2019-02-21',84.3,86.5,89,100.5,99.5,32,31,58,57,12,17,27,27,16,16,16),(132,NULL,18,2,'2019-02-21',53.5,63.5,70,93,73,24,24,52.5,52,19,10,15,15,8,6,21),(133,NULL,5,2,'2019-02-21',86.8,79,85.5,101,100,32,32,58,58,10,11,16,25,11,11,15),(134,NULL,109,1,'2019-02-23',69.7,78.5,81.5,94,89,29.5,29.5,50.5,50.5,15,18,22,21,10,12,20),(135,NULL,28,2,'2019-02-25',71.3,84,90,107,92,28,28,59,59,19,19,19,25,24,10,24),(136,NULL,29,2,'2019-02-25',68.5,76,85.5,103,85,29,28.5,57,57,18,20,21,22,21,15,26),(137,NULL,110,1,'2019-02-25',51.8,68,73,83,75,23,23,46,46,14,10,17,20,9,12,15),(138,NULL,111,1,'2019-02-25',57.9,63.5,74,94,73,23.5,23.5,54,54,16,9,13,16,9,10,25),(139,NULL,112,1,'2019-02-25',82.8,85,98.5,107,94,31.5,30,59,58,20,24,26,25,23,17,21),(140,NULL,113,1,'2019-02-25',111.8,100,112,119.5,109,365,35,64,64,24,29,29,36,27,23,27),(141,NULL,114,1,'2019-01-17',61.7,76,93,94,85,27,27,54,533,19,22,29,26,26,18,26),(142,NULL,115,1,'2019-01-17',93.6,91.5,101,113.5,105,30,30,59,60,20,26,27,29,26,21,26),(143,NULL,115,2,'2019-02-27',95.4,91.5,102,113.5,103.5,29.5,29.5,59,60,20,25,26,30,26,21,28),(144,NULL,114,2,'2019-02-27',61.5,74.5,89,93,85,27,27,53,52,19,22,27,25,24,18,26),(145,NULL,48,2,'2019-02-28',59.9,62.5,70.5,96,78,24,24,54,54,12,10,14,13,10,10,19),(146,NULL,54,2,'2019-02-28',76.3,80.5,83,95,94.5,33,33,54,53,6,15,18,15,11,10,13),(147,NULL,116,1,'2019-01-25',63.3,68,79.5,99.5,82,27.5,27.5,59,59,17,21,18,15,14,15,23),(149,NULL,116,2,'2019-02-28',60.9,67,73.5,97,79,26.5,26.5,58,58,16,17,14,14,11,15,23),(150,NULL,117,1,'2018-12-14',94.1,92,113,117,96,34,35,65,65,26,29,30,26,29,20,35),(152,NULL,117,2,'2019-01-17',95.4,91.5,113,118,97,34,35,65,65,26,31,30,25,30,18,32),(153,NULL,117,3,'2019-02-28',95,91,108,117,97,34,35,65,65,21,27,29,24,28,16,32),(154,NULL,118,1,'2019-02-28',86.4,84,91,102,99,30,30,53,52,10,11,20,21,14,12,11),(155,NULL,82,2,'2019-02-28',57.7,71,79.5,93,81,27.5,27.5,53,53,18,20,25,22,16,15,23),(156,NULL,33,2,'2019-02-28',82.8,84,86,99,98,32,32,56,56.5,7,15,16,29,11,14,10),(157,NULL,37,3,'2019-02-28',93.1,92,103,114.5,93,29,29,63,63,17,18,19,24,18,12,23),(158,NULL,119,1,'2019-02-28',49,65.5,73,85,77,22,22,48,48,14,13,19,18,10,10,19),(159,NULL,120,1,'2019-02-28',85.2,90,92,102.5,104,30,30,54,54,15,24,23,32,17,20,18),(160,NULL,121,1,'2019-02-28',83.2,98,105,110,98,29,28,58,57,24,25,27,28,29,20,22),(161,NULL,122,1,'2019-02-28',54.9,65,74,90,78,24,24,49,49,20,14,24,21,11,15,20),(162,NULL,123,1,'2019-03-11',78.1,77.5,86.5,105,91.5,30.5,30.5,61.5,61.5,18,20,21,20,19,11,22),(163,NULL,32,2,'2019-03-11',66.9,77.5,87.5,101.5,84.5,28,28,50,50,19,21,26,26,23,18,25),(164,NULL,30,2,'2019-03-11',62.5,66,74,90,81,26,26,52,52,19,10,14,9,10,10,19),(165,NULL,91,2,'2019-03-13',48.2,62.5,67,84,76,21,21,46,46,12,8,15,16,8,11,19),(166,NULL,90,2,'2019-03-13',56,72,74.5,91,82,26,26,53,53,14,18,17,17,14,8,22),(167,NULL,56,2,'2019-03-13',76.3,80,88,105.5,88,29,29,54,55,15,24,24,24,18,10,23),(168,NULL,124,1,'2018-12-14',68.8,65,77,100,79,24,24,55,54,19,10,19,15,6,11,23),(169,NULL,124,2,'2019-01-14',69.1,66,83,104,79,24,24,56,55,19,10,19,16,6,11,22),(170,NULL,124,3,'2019-03-13',70,65.5,81,102,78,24,24,56,55,18,10,19,15,6,10,22),(171,NULL,125,1,'2019-03-13',76.3,79,89,108.5,86,29.5,29.5,64,63,22,25,30,28,20,17,27),(172,NULL,126,1,'2018-11-21',71.3,85,86.5,100,91,28.5,28.5,56,56,19,29,16,22,20,19,23),(173,NULL,126,2,'2018-12-18',71.1,82.5,86,101,90.5,28.5,28.5,56,56,18,27,16,22,20,19,23),(174,NULL,126,3,'2019-01-29',69.2,79,85,99,89.5,28.5,28.5,55,55,18,27,16,21,20,19,23),(175,NULL,7,3,'2019-03-13',69.7,71,81,102,84,28.5,28.5,58.5,58.5,20,21,19,19,15,10,30),(176,NULL,127,1,'2019-03-14',54.4,69,71.5,93.5,80,23,23,49,49,19,13,14,16,11,9,20),(177,NULL,128,1,'2019-03-14',95.5,91.5,94,106,106,34,34,59,59,7,19,24,23,14,15,10),(178,NULL,53,2,'2019-03-18',60.9,70.5,78,97,80,25,25,51,51,15,18,17,20,16,12,15),(179,NULL,57,2,'2019-03-21',59.7,69,75.5,95,78,25.5,25.5,54,52,18,18,23,25,15,15,23),(180,NULL,58,2,'2019-03-21',77.9,87,97,99,94.5,28,28.5,54,53,16,24,22,23,20,16,21),(181,NULL,129,1,'2019-03-25',73.2,84.5,84,92,93,29,30,52,52,10,15,19,24,10,14,13),(182,NULL,130,1,'2019-03-25',73,68.5,74,102,82,27,26,58,58,19,12,14,16,11,12,25),(183,NULL,131,1,'2019-03-25',71.2,93,99,99,88.5,29,28,51,51,20,20,23,16,21,15,17),(184,NULL,132,1,'2019-03-25',82.2,74.5,79,97,91,28,27,54,54,9,10,11,10,7,6,11),(185,NULL,133,1,'2019-03-25',63.4,65.5,67,89.5,84,27,27,51,50,9,9,7,8,6,6,13),(186,NULL,134,1,'2019-03-25',61,65.5,68.5,88,78.5,27,26,50,50,8,10,10,10,6,6,13),(187,NULL,135,1,'2019-03-25',66.9,67,72,89.5,82,24,24,49,49,8,7,6,8,5,5,11),(188,NULL,136,1,'2019-03-25',92,82,87.5,103,99,31,31,60,61,14,15,19,23,13,12,16),(189,NULL,137,1,'2019-03-25',64.3,73.5,75.5,90,87,26,26,48,47,9,9,12,8,7,6,14),(190,NULL,138,1,'2019-03-25',73.5,70,75,92,92,29,28,55,54,12,11,15,16,7,10,14),(191,NULL,139,1,'2019-03-25',68.7,71.5,74,89,86,27,27,51,51,10,9,12,14,7,9,10),(192,NULL,140,1,'2019-03-25',100.8,93,103,111,103,32,31,63,62,17,19,26,26,16,14,20),(193,NULL,141,1,'2019-03-25',66.6,69.5,72.5,90,85.5,26,25,52,52,7,7,11,10,6,6,11),(194,NULL,142,1,'2019-03-25',65.6,72.5,74,90,87,27,28,52.5,53.5,13,16,19,20,13,10,15),(195,NULL,143,1,'2019-03-25',67.6,71.5,73.5,89,90,26,27,53,53,7,9,10,7,6,6,11),(196,NULL,144,1,'2019-03-25',61.2,68,72,89,82.5,23,23,47,47,8,6,7,9,6,6,10),(197,NULL,145,1,'2019-03-25',55,65,71,85,79.5,23,23,45,44,6,6,6,6,5,5,9),(198,NULL,146,1,'2019-03-25',55.4,62,65,83,79,24,24,43,43,7,8,6,7,6,5,8),(199,NULL,147,1,'2019-03-25',58,64,71,90.5,78.5,23,23,48,48,13,8,10,10,8,8,14),(200,NULL,148,1,'2019-03-25',60.1,71,71.5,87,85.5,24,24.5,50,49,7,9,6,9,6,6,10),(201,NULL,149,1,'2019-03-25',87.4,97,112,112,102,29,30,56,56,18,24,29,28,25,22,23),(202,NULL,150,1,'2019-03-25',74.9,79,89,106.5,89,31,32,61,61,19,20,25,26,26,16,29),(203,NULL,151,1,'2019-03-26',81,92.5,101,110,98,33,34,58,59,21,30,25,26,30,21,26),(204,NULL,36,4,'2019-03-26',64.7,69.5,74.5,92,78,28,28,56,56,15,15,15,16,15,10,20),(205,NULL,35,4,'2019-03-26',64.1,81,81.5,90,95,27.5,27.5,48,48,5,11,13,20,10,9,8),(206,NULL,152,1,'2019-03-26',82.2,91,98.5,104.5,99,30,29,56,57,21,26,22,27,26,20,26),(207,NULL,65,2,'2019-03-27',86,80.2,94,110,91,32,32,61,60,24,22,30,27,21,16,31),(208,NULL,64,2,'2019-03-27',146.6,110.5,138,150,114,43,43,86,85,31,39,36,36,37,26,41),(209,NULL,28,3,'2019-03-28',72.3,83,90,108,92,28,28,59,59,20,19,20,25,20,10,24),(210,NULL,153,1,'2019-03-28',69.4,80,85,106,89,28.5,28,56,55.5,22,22,26,26,24,10,26),(211,NULL,154,1,'2019-03-28',69,76,83,96.5,85.5,26,26,55,55,15,17,20,19,16,14,20),(212,NULL,155,1,'2019-03-28',48.2,65,70,83.5,77.5,20.5,21,47.5,48,10,8,14,16,9,10,18),(213,NULL,156,1,'2019-03-28',58.8,65.5,69,91.5,77.5,24,24,52.5,52.5,16,11,15,14,8,7,21),(214,NULL,157,1,'2019-03-28',61.5,65,71.5,97,30,25.5,26,54.5,53.5,17,14,16,15,11,10,25),(215,NULL,158,1,'2019-03-28',69.4,70,73,98,83,25.5,25,55,55,17,11,11,19,11,10,21),(216,NULL,159,1,'2019-03-28',51.7,63,65,88,77,21.5,22,48,47,15,7,10,11,6,7,16),(217,NULL,160,1,'2019-03-28',76.3,69.5,76,103,83,26.5,25,57.5,57.5,15,11,12,15,8,7,21),(218,NULL,161,1,'2019-03-28',52.5,61,67.5,86,75.5,25,25,52,52,16,10,15,12,7,7,19),(219,NULL,162,1,'2019-03-28',56.9,63,69.5,91,76.5,23.5,23,51,50,15,8,11,14,7,7,19),(220,NULL,163,1,'2019-03-28',67.8,72,79,99,86,26,25,54.5,54,16,20,17,22,20,13,24),(221,NULL,164,1,'2019-03-28',68.6,71,78,99.5,85.5,27,26.5,61,60,20,14,20,16,16,10,21),(222,NULL,165,1,'2019-03-28',73.7,71,81.5,103.5,83,28,27.5,62,61.5,20,17,26,22,22,16,28),(223,NULL,166,1,'2019-03-28',77.9,75.5,84.5,102,84.5,28,27,59,58.5,19,12,15,17,15,9,22),(224,NULL,38,2,'2019-03-28',66.1,70.5,78.5,92,85,25,24,51.5,51,16,15,21,20,14,11,19),(225,NULL,167,1,'2019-03-28',58.2,62.5,70,92,78.5,24.5,24,55,54,14,10,19,13,6,7,21),(226,NULL,168,1,'2019-03-28',56.4,63.5,71.5,89.5,78,24.5,23.5,53,53,20,12,24,16,10,10,25),(229,NULL,170,1,'2019-03-28',61.6,70,83.5,96.5,80.5,25,25,57,57,20,19,26,26,15,12,27),(230,NULL,171,1,'2019-03-28',69.7,75,80,100,85,28,27.5,58,58,20,19,23,21,20,14,24),(231,NULL,17,3,'2019-03-28',96.9,93,108.5,124,94,34,36,69.5,70.5,21,27,27,26,22,17,33),(232,NULL,106,4,'2019-03-28',84.7,85.5,88,100.5,97.5,32,31,57,56,11,17,25,27,15,16,16),(233,NULL,26,2,'2019-03-29',48.9,58,68,84,71,22.5,22.5,46,46,14,7,7,12,5,6,18),(234,NULL,25,2,'2019-03-29',73.8,80,80,99,92,28,28,53,53,7,18,14,17,11,12,10),(235,NULL,111,2,'2019-03-29',55.3,61.5,72,91.5,73,23.5,23.5,52,52,16,9,10,14,6,10,21),(236,NULL,88,2,'2019-03-29',56.7,69,73.5,93.5,77,24,24,52,52,17,15,10,13,10,13,23),(237,NULL,21,3,'2019-03-29',70.4,73.5,76,92,93,31,32,50,50,8,11,13,12,6,7,12),(238,NULL,172,1,'2019-03-29',77.7,75.5,88.5,113,87.5,27,27.5,62,61,21,17,24,24,15,14,23),(239,NULL,173,1,'2019-04-01',57,67.5,74.5,94,77,26,26,54,54,16,19,20,15,14,12,24),(240,NULL,174,1,'2019-04-01',63.6,68.5,73.5,95,83,27,27,57.5,58,14,15,11,10,10,13,17),(241,NULL,175,1,'2019-04-01',85.8,93,99,119,102,31,32,64,64,20,29,30,30,26,21,30),(242,NULL,79,2,'2019-04-01',102.7,87,100.5,122.5,93,30,30,63,63,22,26,30,28,21,24,29),(243,NULL,78,2,'2019-04-01',111.9,105.5,114,117,116,34,35,63,64,11,20,25,25,25,20,20),(244,NULL,176,1,'2019-04-02',55,61,69.5,91,79,22.5,22.5,50,50,11,14,12,15,7,6,19),(245,NULL,43,2,'2019-04-02',61.1,65,74.5,95.5,80.5,24.5,24.5,53,53,15,20,12,15,10,10,16),(246,NULL,55,2,'2019-04-02',90.8,98.5,100,102,109,33,33,55,55,7,18,27,22,16,14,14),(247,NULL,177,1,'2019-04-03',60.3,63.5,72.5,94.5,82.5,28,27,53,53.5,17,15,18,22,14,12,18),(248,NULL,178,1,'2019-04-03',81.2,96.5,102,118.5,101.5,28,28,57.5,59,20,24,25,30,27,17,26),(249,NULL,101,2,'2019-04-03',88.5,84.5,87,103,104,36.5,36,59.5,57,5,11,10,10,7,5,10),(250,NULL,93,2,'2019-04-03',76.7,84.5,85.5,98.5,98.5,33,33,55,55,5,15,19,14,14,6,9),(251,NULL,179,1,'2019-04-04',91.3,91,97.5,115.5,99,34,34,64,63.5,19,29,30,30,28,16,29),(252,NULL,82,3,'2019-04-04',58.2,72,81.5,94,82,27.5,27.5,52.5,52.5,16,19,24,22,15,13,21),(253,NULL,24,3,'2019-04-04',85.2,93,96.5,96.5,98,31,31,53,53,14,24,20,25,15,16,15),(254,NULL,180,1,'2019-01-17',83.3,82,89.5,106,101,30,30,56,56,14,15,20,19,10,10,15),(255,NULL,180,2,'2019-02-20',82.4,81,87.5,104,99.5,30,30,56,56,13,15,15,16,9,8,14),(256,NULL,180,3,'2019-04-04',81.7,79,86.5,102,98,29.5,29.5,57,57,10,14,15,14,9,7,13),(257,NULL,181,1,'2019-04-05',95.7,92,102,104,105,31,31,59,59,11,16,24,28,16,11,15),(258,NULL,102,2,'2019-04-05',62.5,66,69.5,96,83,25.5,25.5,56,56,19,14,23,17,13,11,20),(259,NULL,182,1,'2019-04-06',56.8,69,77,96,79.5,25,25,55.5,55.5,19,11,20,22,16,14,24),(260,NULL,183,1,'2019-04-08',95.2,91,97,104,105.5,33.5,32.5,55.5,55.5,14,23,17,24,15,13,19),(261,NULL,51,2,'2019-04-10',63.4,64.5,70,99.5,80,26,26,57,56.5,15,11,17,16,8,9,20),(262,NULL,184,1,'2019-04-10',104,104,106.5,111,108,31.5,32.5,55,55,20,26,30,29,26,23,29),(263,NULL,44,2,'2019-04-11',69.7,72.5,78.5,93,91.5,30,30,52,52,8,11,11,11,8,9,8),(264,NULL,33,3,'2019-04-11',83.4,84.5,85,97,97,32.5,32.5,56,56,7,15,16,27,11,14,10),(265,NULL,185,1,'2019-04-11',94.1,85.5,97.5,122,99,32,32,63,63,22,21,30,25,20,16,26),(266,NULL,186,1,'2019-04-11',78.6,89,94,112,90,32,32,62,61,20,24,30,25,23,16,30),(267,NULL,187,1,'2019-04-11',67.6,74.5,81.5,98.5,85,27.5,27.5,56.5,57.5,17,16,26,26,19,18,17),(268,NULL,188,1,'2019-04-11',51.5,66.5,71,90,81,22,23,50,50,20,11,20,15,9,9,22),(269,NULL,189,1,'2019-04-12',86.3,99,109,98,99,39,39,52,54,18,26,27,29,26,16,22),(270,NULL,190,1,'2019-04-16',73.3,74.5,85,105.5,82,28,28.5,58.5,58.5,19,20,24,25,15,15,25),(271,NULL,128,2,'2019-04-16',96.1,92,96,106,108,35,35,60,60,6,17,24,24,14,14,9),(272,NULL,191,1,'2019-04-16',75.2,78.5,80.5,97.5,95,30,31,54.5,53.5,7,17,21,21,10,8,14),(273,NULL,56,3,'2019-04-16',74.7,78,87,104,87.5,29.5,29.5,55,56,15,22,21,22,18,10,21),(274,NULL,3,3,'2019-04-16',55.9,65,73,98,78.5,24.5,24.5,53,53,19,12,21,17,11,10,24),(275,NULL,4,3,'2019-04-16',83.2,81,87,102,95,29.5,29.5,56,56,14,16,21,20,14,11,16),(276,NULL,125,2,'2019-04-16',77.9,79,88,107,86,29.5,29.5,62,61,21,23,29,26,20,15,27),(277,NULL,117,4,'2019-04-16',98.6,93,113,119,100,34,34,66,66,25,27,29,25,28,18,32),(278,NULL,105,2,'2019-04-16',113.1,99,110,107,108,35.5,35.5,65.5,65.5,19,26,27,29,22,19,28),(279,NULL,104,2,'2019-04-16',102.1,96.5,113,119,99,28,28,68,67,29,29,32,28,29,20,31),(280,NULL,86,2,'2019-04-16',67.4,76,83,103,86,26,26,55,55,19,22,25,24,22,13,24),(281,NULL,108,2,'2019-04-17',77.7,74,82,99,93,28.5,28.5,57,56,13,10,17,17,10,9,22),(282,NULL,58,3,'2019-04-17',75.6,83.5,92.5,97,91.5,29,29.5,52,52,16,22,20,22,20,16,20),(283,NULL,57,3,'2019-04-17',58.5,67.5,75.5,96,78,25.5,25.5,53,51,18,17,20,24,12,14,23),(284,NULL,116,3,'2019-04-17',65,70,78,97,82.5,27.5,27.5,60,60,19,20,18,18,15,15,29),(285,NULL,91,3,'2019-04-17',47.3,63,68,83,76.5,20,20,45,45,11,6,14,15,6,11,18),(286,NULL,192,1,'2019-04-18',70.6,81.5,86,99.5,91.5,29,29,55,55,19,29,25,26,20,17,25),(287,NULL,90,3,'2019-04-18',57,71.5,74,91,82,26,26,53.5,53.5,14,18,16,17,14,8,22),(288,NULL,103,2,'2019-04-18',63.8,68,72,97.5,80.5,25.5,25.5,55,55,13,14,15,15,14,12,19),(289,NULL,28,4,'2019-04-23',71.9,85,94,108,93,28,28,60,60,23,22,22,24,20,10,26),(290,NULL,193,1,'2019-04-23',101.5,89.5,98.5,115.5,98.5,37,36.5,68,68,22,29,28,26,28,28,30),(291,NULL,152,2,'2019-04-23',80.7,88,96.5,101.5,95,30,29,56,56,18,25,21,25,23,15,21),(292,NULL,194,1,'2019-04-23',75.5,77,85.5,110,86,29.5,29.5,62,63,20,20,24,20,25,19,30),(293,NULL,196,1,'2019-04-27',89.6,90,94.5,96.5,89,31.5,30.5,57,57,12,15,23,24,16,13,9),(294,NULL,195,1,'2019-04-27',87.4,95,108,109,89.5,29,29,58,59,20,25,24,23,25,19,29),(295,NULL,172,2,'2019-05-02',77,74.5,84.5,113,87,27,27,62,61,20,16,20,23,15,14,23),(296,NULL,30,3,'2019-05-02',58.2,62,69,89,81,25,25,50.5,50.5,15,8,10,10,9,9,17),(297,NULL,6,3,'2019-05-02',63.6,72.5,75.5,89,89,26,26,48,48,6,12,13,21,6,9,10),(298,NULL,197,1,'2019-05-02',88.6,83,96,112,85.5,31.5,32,63,64,24,22,25,24,20,16,26),(299,NULL,198,2,'2019-05-02',91.8,88,93,101,99,33,32,57,57,9,20,20,28,15,13,10),(300,NULL,105,3,'2019-05-02',112,96,107.5,106,107,35.5,35.5,63.5,63.5,18,25,27,28,20,19,26),(301,NULL,104,3,'2019-05-02',99.5,94,108,117,97,28,28,67,66,26,27,30,28,23,19,30),(302,NULL,86,3,'2019-05-02',66.7,74,81.5,100,86,26,26,55.5,55,16,21,25,21,22,13,23),(303,NULL,116,4,'2019-05-03',64.8,70,77,99,81,28,28,60,60,18,20,19,17,15,14,29),(304,NULL,111,3,'2019-05-03',55.7,61,72,91,74,24,24,52,52,15,8,10,13,6,11,20),(305,NULL,100,2,'2019-05-03',101.5,93,103,108,100,32,32,54,55,16,16,18,20,19,12,18),(306,NULL,112,2,'2019-05-03',84.1,85,100,108,96,30,30,60,60,21,23,26,26,22,12,24),(307,NULL,93,3,'2019-05-03',76.8,81,83,96,98,32,32,56,56,6,13,19,13,13,6,10),(308,NULL,189,2,'2019-05-03',84.9,100,109,101,97,38,38,53,54,16,26,23,28,25,16,21),(309,NULL,198,1,'2017-10-01',96.4,94,96,105.5,103,33.5,33.5,60,59,10,25,19,34,18,20,15),(310,NULL,199,1,'2019-05-06',78.9,74,80,104,87,28.5,28.5,61.5,61.5,24,22,26,24,16,15,24),(311,NULL,181,2,'2019-05-06',96.2,92,101,104,105,30.5,30.5,59.5,59.5,11,16,21,26,16,12,15),(313,NULL,181,1,'2019-02-01',95,0,0,0,0,0,0,0,0,21,13,20,28,34,55,21),(314,NULL,200,1,'2019-05-06',92.9,85,97,117,95,32,32,62,62,21,26,29,27,27,22,30),(315,NULL,201,1,'2019-05-06',61.4,68,71.5,97,82,27,26.5,56,56,20,19,15,17,13,14,25),(316,NULL,202,1,'2019-05-06',83.2,80,102,120,89,31.5,32.5,65,64,16,20,16,20,19,13,22),(317,NULL,203,1,'2019-05-06',64.3,74,79,99,85,27,27,56,56.5,19,19,22,19,10,14,23),(318,NULL,204,1,'2019-05-06',113.1,104,113,114,115,34,34,59,59,16,24,26,34,29,20,29),(319,NULL,205,1,'2019-05-06',76.5,88,98,102,90,30,29.5,56,56,19,24,21,25,16,15,22),(320,NULL,206,1,'2019-05-06',86.4,91.5,99,112,97,31,30,63,62.5,21,30,34,34,28,24,30),(321,NULL,5,3,'2019-05-06',88.1,78,84,99,102,32,32,59,59,10,10,15,18,9,10,13),(322,NULL,207,1,'2019-05-06',88.5,90.5,93,106,97,29.5,29,61,61,20,23,21,26,26,15,33),(323,NULL,208,1,'2019-05-07',64.5,65,76.5,97,82.5,26,26,54,54,17,16,22,20,12,11,16),(324,NULL,54,3,'2019-05-07',78.8,81,84,95,94.5,33,33,53,52,6,15,20,15,12,10,14),(325,NULL,92,2,'2019-05-08',87.5,83,93.5,106.5,95.5,34,34,62,62,26,20,20,19,15.5,10,32),(326,NULL,55,3,'2019-05-09',89.4,96.5,99,102,108,33,33,54,54,9,20,26,22,18,13,14),(327,NULL,209,1,'2018-10-30',69.9,74,75,93,95,28,28,50,50,5,10,9,10,7,6,12),(328,NULL,32,3,'2019-05-09',65.5,87,85.5,98,82,27,27,49,49,18,20,22,26,20,15,23),(329,NULL,209,2,'2019-05-09',73.5,74,78.5,95,95.5,27,27,52,52,6,10,10,13,8,6,11),(330,NULL,129,2,'2019-05-09',70.8,81,84,89,90,29,29,50,50,10,15,17,24,10,11,11),(331,NULL,40,3,'2019-05-09',71.3,79,84.5,98,87,27,27,57.5,57.5,15,25,24,25,23,13,23),(332,NULL,107,2,'2019-05-09',59.7,67,74,96,79.5,24.5,24.5,54,53,18,17,16,16,17,14,20),(333,NULL,210,1,'2019-05-10',59.2,67.5,69,87.5,79.5,26,25,49,48.5,10,10,11,14,9,7,11),(334,NULL,211,1,'2019-05-10',55,59.5,63.5,85.5,74,24.5,24.5,50,49,11,10,12,11,8,6,14),(335,NULL,212,1,'2019-05-10',51.2,62.5,65,86.5,73,22.5,23,50,50,15,9,11,10,6,6,19),(336,NULL,151,2,'2019-05-13',79,90,97,107,93,32,33,57,58,21,27,25,25,27,20,22),(337,NULL,213,1,'2019-05-13',49.9,60,67.5,87,76,21,21,48,48,11,10,10,11,5,7,19),(338,NULL,44,3,'2019-05-13',69.3,73.5,77,94,91,30,30,51,51,7,11,9,11,6,9,7),(339,NULL,214,1,'2019-05-13',81.9,97,96,102,95,30,31,58,57,16,26,27,26,25,20,21),(340,NULL,179,2,'2019-05-14',90.7,91,95,114,99,34,34,63.5,62.5,19,27,30,30,26,16,29),(341,NULL,178,2,'2019-05-14',83.3,95,99,116,99.5,28,28,56,57,19,24,25,28,26,17,26),(342,NULL,25,3,'2019-05-15',73.9,82,80,98,94,27,27,54,54,6,18,14,16,11,12,10),(343,NULL,180,4,'2019-05-15',82.3,81.5,87,103,98,29.5,29.5,56,56,10,14,15,14,9,7,12),(344,NULL,39,2,'2019-05-15',81.4,77,89,108,87,28,28,59,59,19,19,26,24,15,16,26),(345,NULL,215,1,'2019-05-16',52.1,65,76,92.5,75,22,22.5,52.5,52.5,17,14,21,24,12,17,24),(346,NULL,216,1,'2019-05-16',75.7,90.5,93,106,94,29,29,58.5,59,21,30,20,29,25,22,29),(347,NULL,216,2,'2019-05-16',75.7,90.5,93,106,94,29,29,58.5,59,21,30,20,29,25,22,29),(348,NULL,152,3,'2019-05-20',79.1,85.5,91.5,100,93,29.5,29.5,55.5,55.5,16,24,20,25,20,13,21),(349,NULL,217,1,'2019-05-20',85.2,87.5,98,111,95,32.5,31.5,59.5,58.5,20,26,26,26,27,16,29),(350,NULL,130,2,'2019-05-20',71.5,68,74,99.5,82.5,26.5,25.5,56.5,56.5,18,11,11,15,10,12,22),(351,NULL,191,2,'2019-05-20',74.1,76.5,77.5,95,91.5,29.5,29.5,53.5,52.5,6,14,16,18,10,8,14),(352,NULL,36,5,'2019-05-20',64.4,69.5,72,92,82.5,27.5,27.5,56,56,15,14,15,15,14,10,20),(353,NULL,35,5,'2019-05-20',65.7,81,79.5,89,95,27.5,27.5,51,51,5,11,14,20,10,9,8),(354,NULL,56,4,'2019-05-21',74,77,88,103,86,29,29,55,56,15,19,19,21,18,10,21),(355,NULL,186,2,'2019-05-21',83,0,0,0,0,0,0,0,0,0,0,0,0,0,0,0),(356,NULL,58,4,'2019-05-21',73,82,89.5,95,91,28,28,51.5,51.5,15,19,17,20,20,15,18),(357,NULL,57,4,'2019-05-21',57.1,67,75,95,78,24.5,24.5,52,51,18,15,20,22,12,14,23),(358,NULL,193,2,'2019-05-23',100.5,87,97,114,98.5,36,35,67,67,20,26,29,25,26,25,28),(359,NULL,34,2,'2019-05-23',96.4,97,102.5,113,103,33,33,61.5,61.5,18,25,26,29,25,18,27),(360,NULL,218,1,'2019-05-23',62.2,80.5,89.5,94,89.5,27.5,27.5,50,50,16,24,31,30,24,19,20),(361,NULL,184,2,'2019-05-27',103.7,107,105.5,109,108,31,32,54,54,19,25,27,27,23,20,26),(362,NULL,219,1,'2019-05-27',132,113.5,124,118,122.5,37,37,60,60,20,34,39,30,27,20,29),(363,NULL,220,1,'2019-05-29',82.8,92.5,93,100,99,30.5,30.5,50,50,11,21,24,25,15,17,16),(364,NULL,23,2,'2019-05-29',85.6,95,100,99,106,31,31,41,52,6,18,21,21,19,20,7),(365,NULL,221,1,'2019-05-30',77.2,88,92,106,94,29,29,61,60,23,30,28,30,26,20,27),(366,NULL,28,5,'2019-05-30',72,83.5,93,106,93,28,28,59,59,23,20,21,24,20,10,26),(367,NULL,222,1,'2019-05-30',53.2,69,77,92,78,25,25,52,52,19,19,29,28,24,15,25),(368,NULL,82,4,'2019-05-30',59.1,71.5,79,92,82,26,26,51,51,14,19,25,23,15,14,22),(369,NULL,128,3,'2019-05-30',95.8,93,98,104,109.5,34,34,59,59,9,17,26,29,15,16,9),(370,NULL,89,2,'2019-05-31',82,86.5,89,98,97,29.5,29.5,55,55,9,16,17,25,13,12,11),(371,NULL,26,3,'2019-05-31',49.3,60,65,84,73,23,23,47,47,14,7,8,11,5,6,18),(372,NULL,195,2,'2019-06-01',86.4,91,103,108.5,89,28.5,28.5,57,58,19,25,24,24,22,18,29),(373,NULL,196,2,'2019-06-01',90.2,89,94,96,89,31,30,57,57,12,15,19,22,16,11,9),(374,NULL,223,1,'2019-06-03',68.2,74.5,83.5,101,84,27,27,56,56,20,25,30,24,20,20,17),(375,NULL,176,2,'2019-06-03',54.5,61,68.5,91.5,80,22.5,22.5,49,49,12,11,10,15,7,6,19),(376,NULL,53,3,'2019-06-03',62.3,71.5,76,97,80.5,25,25,53,53,13,17,16,19,15,12,15),(377,NULL,125,3,'2019-06-03',80.3,81,91,108,87,30,30,65,64,22,23,32,27,22,16,26),(378,NULL,177,2,'2019-06-05',60.7,62.5,71,93,79.5,27,26,53,53,15,14,18,20,14,10,18),(379,NULL,79,3,'2019-06-05',97.8,83,98,118,90,29,29,63,63,20,25,22,25,20,20,25),(380,NULL,78,3,'2019-06-05',108.5,104,113,115,112.5,32,33,59,59,10,20,21,22,20,16,16),(381,NULL,224,1,'2019-06-05',72.7,83,82.5,95,97.5,33,33,48,48,8,15,14,17,10,13,13),(382,NULL,192,2,'2019-06-06',68.1,77.5,84,99,88,28.5,28.5,55,55,19,24,25,26,20,15,24),(383,NULL,225,1,'2019-06-06',61.1,66.5,76,96.5,78.5,26,26,57,57,20,14,18,12,13,15,24),(384,NULL,205,2,'2019-06-06',73.6,82.5,92,98,87,28.5,28.5,55,55,19,24,19,20,15,14,21),(385,NULL,131,2,'2019-06-06',72.3,90,93,99,88.5,29,28,51,51,20,20,21,21,20,15,17),(386,NULL,202,2,'2019-06-06',83.7,80,91,117,88,29.5,29.5,61.5,61.5,15,20,14,18,16,10,22),(387,NULL,43,3,'2019-06-06',61.7,65,73,94.5,81,24.5,24.5,54,54,15,17,12,15,10,10,15),(388,NULL,197,2,'2019-06-06',87.9,83,95,111,85,31,31,63,63,21,21,24,24,20,16,25),(389,NULL,6,4,'2019-06-06',64,74,76,89,89,25,25,48,48,7,11,12,20,7,10,9),(390,NULL,86,4,'2019-06-06',66.7,74,83,99,86,27,27,55,55,17,20,22,21,22,13,23),(391,NULL,226,1,'2019-06-06',91.1,95,110,117,100,35,36,59,59,21,23,33,31,28,18,28),(392,NULL,200,2,'2019-06-10',92.4,83,95,114,92,31,31,62,62,18,25,28,26,24,20,29),(393,NULL,58,5,'2019-06-10',71.8,80,87.5,93,91,28,28,51.5,51.5,14,19,15,19,16,14,16),(394,NULL,57,5,'2019-06-10',57.3,65,72,91,78,24,24,51,50,15,15,17,20,11,14,19),(395,NULL,30,4,'2019-06-10',58.7,64,70,89,80,24,24,50,50,15,8,9,9,9,7,15),(396,NULL,54,4,'2019-06-10',79.1,81,83.5,95,95,32,32,53,52,6,15,17,15,11,9,13),(397,NULL,208,2,'2019-06-12',64,64.5,75.5,97.5,81,26,26,54,54,16,16,20,19,12,11,16),(398,NULL,179,3,'2019-06-12',90.5,88,93,114,99,34,34,62.5,62.5,19,25,30,29,26,15,26),(399,NULL,227,1,'2019-06-12',72.7,71,85,109,82,27,27,59,59,20,16,26,22,18,15,29),(400,NULL,180,5,'2019-06-12',81.7,79.5,86,101,97.5,30,30,55,55,10,14,12,15,9,7,12),(401,NULL,39,3,'2019-06-12',80,76,87,108,86,28,28,59,59,19,16,25,21,15,15,26),(402,NULL,228,1,'2019-06-13',75.8,87,98,114,90,29,29,55,55,25,25,25,30,24,24,26),(403,NULL,44,4,'2019-06-13',70.3,72.5,77,94,90,30,30,52,52,7,11,9,14,7,9,7),(404,NULL,32,4,'2019-06-13',67,87,87.5,98,83,26,26,49,49,16,21,20,26,20,15,22),(405,NULL,55,4,'2019-06-13',88,95.5,97,100,105,33,33,54,54,8,17,20,21,17,13,14),(406,NULL,201,2,'2019-06-13',60,67,69.5,94,78,26,26,55,55,20,19,15,16,12,14,23),(407,NULL,123,2,'2019-06-13',82.1,83,90.5,107,93,31.5,31.5,61.5,61.5,18,21,25,22,21,16,28),(408,NULL,187,2,'2019-06-14',69.7,73,81.5,99.5,84,26,26,54.5,55.5,17,16,26,26,19,18,17),(409,NULL,188,2,'2019-06-14',53.4,68,70,90,81.5,23,23,50,50,19,10,20,15,9,10,21),(410,NULL,12,2,'2019-06-24',54.9,65.5,69,92,75.5,24.5,24.5,52,52,16,10,11,11,7,11,24),(411,NULL,203,2,'2019-06-25',67.2,76,85,100.5,87,27,27,57,57,20,19,21,19,10,11,20),(412,NULL,56,5,'2019-06-25',73.4,77,88,103,86,28,28,55,56,15,20,18,20,18,11,21),(413,NULL,214,2,'2019-06-25',81.3,89,94,102,95,30,30,56,56,16,26,26,25,25,20,21),(414,NULL,229,1,'2019-06-25',72.3,77,89,104,88,29.5,29.5,57,57,19,22,24,25,19,17,24),(415,NULL,152,4,'2019-06-25',77.8,85,91,100,91.5,29,29,54,54,16,24,20,25,20,13,21),(416,NULL,230,1,'2019-06-25',51.2,65.5,73.5,9.5,81,23,23,50,50,12,10,9,12,10,14,10),(417,NULL,231,1,'2019-06-25',58.2,78.5,80.5,93,83.5,28,28,50,49,16,15,20,20,15,18,21),(418,NULL,83,2,'2019-06-25',63.6,67,78.5,103,76.5,23,23,54,54,16,12,21,20,16,16,26),(419,NULL,232,1,'2019-06-26',65.5,71,79,96,86,28,29,52,51,18,19,15,18,16,18,20),(420,NULL,28,6,'2019-06-27',71.5,83.5,92,106,93,28,28,59,59,20,18,21,22,19,10,25),(421,NULL,183,2,'2019-06-27',99.4,95.5,99,107,106.5,33.5,33.5,57,57,11,23,18,25,16,16,19),(422,NULL,82,5,'2019-06-27',59.2,72,79,94,83,26,26,51,51,14,19,22,20,15,14,22),(423,NULL,233,1,'2019-06-27',92.1,98,106.5,114,104,33.5,33.5,58,58,20,26,27,29,25,19,24),(424,NULL,234,1,'2019-06-28',90.7,104,110,119,101,34,34,56,57,0,0,0,0,0,0,0),(425,NULL,92,3,'2019-06-24',87.4,84,93.5,108.5,96.5,34.5,34.5,63,63,25,20,19,16,17,11,31),(426,NULL,235,1,'2019-07-01',91.6,86,100,115,93,32,31,59,60,20,30,26,26,29,16,29),(427,NULL,236,1,'2019-07-01',64.5,65,70,97,84.5,25.5,26,55,55,20,19,20,16,14,9,24),(428,NULL,237,1,'2019-07-01',67.5,75,80,106,89,30,30,59,58,20,20,20,25,21,14,28),(429,NULL,238,1,'2019-07-01',77.9,80,90.5,108,91,31,30.5,59,59,20,19,21,23,18,16,28),(430,NULL,239,1,'2019-07-01',60.4,70,75,98,84,26,26,54,54,17,16,16,16,10,11,24),(431,NULL,240,1,'2019-07-01',89.3,82,91,116,100,31,32,63,63,20,21,22,23,22,10,28),(432,NULL,103,3,'2019-07-01',66,71,75.5,100.5,85,26,26,56,56,15,16,15,16,15,10,20),(433,NULL,219,2,'2019-07-01',131.9,113.5,124,121,120,35,35,59,59,21,30,37,30,27,20,26),(434,NULL,241,1,'2019-07-01',69.4,75,84,101,90.5,27,27,55,55,16,14,25,25,15,15,23),(435,NULL,242,1,'2019-07-01',76.6,79,80.5,102,90.5,31.5,32,59.5,59.5,19,23,17,20,21,20,30),(436,NULL,243,1,'2019-07-01',77,76,83.5,113,89,29,30,63,63,22,19,22,20,20,20,29),(437,NULL,244,1,'2019-07-01',67.2,75,84,96,86,26,26,53,53,16,19,20,20,15,16,22),(438,NULL,16,2,'2019-07-01',73.2,77,78,98,93,30,30,54,53,7,11,15,19,10,10,10),(439,NULL,245,1,'2019-07-02',79.5,84.5,88,106,92,32,32,62,63,20,24,24,25,26,20,25),(440,NULL,246,1,'2019-07-02',76.6,78.5,86,114,88,28,28,62,61,21,20,31,24,24,20,25),(441,NULL,223,2,'2019-07-02',69.2,76,85,101,84,27,27,56,56,19,23,27,22,22,16,16),(442,NULL,110,2,'2019-07-08',52.2,71,73,84,77,23,23,45.5,45.5,14,9,16,18,10,12,15),(443,NULL,197,3,'2019-07-09',87.9,85,97,112,87,30.5,30.5,62,62,20,21,22,23,20,16,25),(444,NULL,6,5,'2019-07-09',64.2,74,77.5,90,89,25,25,48,48,7,11,12,22,7,9,10),(445,NULL,247,1,'2019-07-09',86.3,105,113,110,100,28,28,54,54,0,0,0,0,0,0,0),(446,NULL,179,4,'2019-07-10',92.3,90,95,114,99,34,34,63,63,18,25,30,27,25,15,26),(447,NULL,227,2,'2019-07-10',71.5,71,85,109,82,26,26,57,57,18,16,22,20,16,13,27),(448,NULL,177,3,'2019-07-10',60.1,64,72,93,81,26,25,53,53,15,14,16,20,14,10,17),(449,NULL,79,4,'2019-07-10',97.2,84,98,118,90,29,29,62,62,18,22,22,24,20,19,24),(450,NULL,78,4,'2019-07-10',107.5,103,111,115,113,33,34,59,59,10,18,19,22,20,16,16),(451,NULL,220,2,'2019-07-10',79.7,93,93,100,97.5,29.5,29.5,50,50,10,21,23,25,15,16,16),(452,NULL,44,5,'2019-07-11',73.4,75,79,97,94,31,31,52,52,7,11,9,14,7,9,7),(453,NULL,36,6,'2019-07-11',64.8,69.5,74,92,83,27,27,55,55,15,14,12,15,13,10,19),(454,NULL,35,6,'2019-07-11',66.3,82,82,89,98,28.5,28.5,52,52,5,11,12,20,10,9,9),(455,NULL,160,2,'2019-07-12',75.5,69,77.5,104,80.5,25,25,57.5,58,14,12,12,15,10,7,20),(456,NULL,163,2,'2019-07-12',69.4,74,76,100,88,26,25,54,54,16,21,17,22,20,12,22),(457,NULL,164,2,'2019-07-12',66.8,89,79,100,83,26,26,59,59,18,16,19,15,15,10,20),(458,NULL,165,2,'2019-07-12',75.8,73,81,105,85,28,27,62,62,19,16,24,23,23,15,27),(459,NULL,166,2,'2019-07-12',75.8,74,76,98,83,27,26,57,56,15,12,16,17,15,9,21),(460,NULL,38,3,'2019-07-12',67.7,71.5,81.5,93,88,24.5,24.5,52,52,12,16,23,21,15,14,20),(461,NULL,167,2,'2019-07-12',58.2,63,71,94,77.5,24,24,53,52,14,11,15,14,8,6,21),(462,NULL,168,2,'2019-07-12',58.8,67.5,73,92,78,24,24,54,54,20,12,24,18,12,12,25),(463,NULL,211,2,'2019-07-12',57.1,61,64,87,75,23,23,49,49,11,10,12,14,8,6,15),(464,NULL,154,2,'2019-07-12',73.3,79,84,97,89,26,26,54,54,18,20,20,20,18,15,22),(465,NULL,143,2,'2019-07-12',68,71,72,88,90,27,27,52,52,6,10,10,10,6,6,12),(466,NULL,142,2,'2019-07-12',67.1,73,74,92,87,27,27,52,52,11,19,20,21,14,9,13),(467,NULL,141,2,'2019-07-12',70.2,70,74,90,87,27,27,53,53,7,8,13,11,7,6,11),(468,NULL,140,2,'2019-07-12',99.6,89,95,110,101,30,30,61,61,16,18,25,25,17,13,19),(469,NULL,139,2,'2019-07-12',72.1,73,76,93,88,27,27,51,51,10,10,12,15,9,9,12),(470,NULL,138,2,'2019-07-12',74.9,72,75,92,92,27,27,54,54,12,11,13,20,10,11,14),(471,NULL,148,2,'2019-07-12',62.3,73,71.5,85,85,24,24,53,53,6,10,9,9,6,6,11),(472,NULL,137,2,'2019-07-12',67.3,75,79,93,87,26,26,50,50,10,10,11,9,6,6,15),(473,NULL,147,2,'2019-07-12',57.7,66,68,88,79,23,23,48,48,11,8,10,10,7,7,13),(474,NULL,136,2,'2019-07-12',96.7,88,92,105,98,30,30,61,62,14,17,21,25,15,14,16),(475,NULL,135,2,'2019-07-12',69,70,75,87,85,25,25,49,49,8,9,6,8,6,6,11),(476,NULL,134,2,'2019-07-12',62.2,66,68.5,86,79,26,26,50,50,7,10,10,10,6,5,14),(477,NULL,146,2,'2019-07-12',56.6,63,64.5,83,80,24,24,44,44,7,9,7,9,6,6,9),(478,NULL,133,2,'2019-07-12',67.8,67,69,93,84,26,26,52,52,10,10,10,12,8,7,14),(479,NULL,145,2,'2019-07-12',58.6,70,73,87,84,23.5,23.5,45,45,6,7,6,7,6,6,10),(480,NULL,132,2,'2019-07-12',82.7,74.5,77,96,91,28,27,56,56,9,12,12,14,7,6,11),(481,NULL,196,3,'2019-07-13',90.9,90.5,96,96.5,100.5,31.5,30.5,57,57,11,15,18,24,16,11,7),(482,NULL,195,3,'2019-07-13',87.9,94,105,109,91,29,29,58,59,19,24,25,24,23,19,28),(483,NULL,248,1,'2019-06-13',73.1,88,91,97.5,96,27.5,27.5,57,57,17,22,20,15,17,11,20),(484,NULL,248,2,'2019-07-11',73.1,88,90.5,98,96,28,28,57,57,16,22,19,15,17,11,20),(485,NULL,249,1,'2019-07-17',89.8,92,96.5,116,94,30,31,61.5,61,20,24,25,30,26,17,26),(486,NULL,178,3,'2019-07-17',86.5,98,101,118,98,28.5,28.5,58,59,19,26,26,26,25,18,28),(487,NULL,250,1,'2019-07-17',70.8,72.5,76,102,88,30,30,53,52,20,18,10,12,16,16,22),(488,NULL,191,3,'2019-06-18',73.8,76.5,77,95,92,30,30,53,53,6,14,15,16,9,6,13),(489,NULL,191,4,'2019-07-18',75.1,78,78.5,95,94.5,30.5,30.5,53,53,6,14,16,16,9,6,13),(490,NULL,251,1,'2019-07-18',57.7,69.5,72.5,93,80,23,23,49,49,20,15,16,15,10,9,24),(491,NULL,252,1,'2019-07-18',63.3,70.5,84,94,81,26,27,47.5,47,20,23,26,29,20,16,24),(492,NULL,253,1,'2019-07-18',100.5,102,110,112,108,34,34,58,58,20,26,32,31,25,22,24),(493,NULL,254,1,'2019-07-18',85.6,87.5,91.5,103,98.5,30,30,53,53,12,17,25,25,14,10,16),(494,NULL,28,7,'2019-07-30',71.8,85.5,91,106,94,28,28,58.5,58.5,20,18,21,23,17,10,24),(495,NULL,152,5,'2019-07-30',76.4,85,87.5,98,91.5,28,28,52.5,52.5,16,24,18,25,16,13,20),(496,NULL,255,1,'2019-07-30',64.9,73,76,93,83,24.5,24.5,46,46,10,11,10,16,9,9,14),(497,NULL,218,2,'2019-06-19',59.3,79,88,93,88,27,27,49,49,16,22,30,29,24,18,19),(498,NULL,183,3,'2019-07-30',94.8,93,97,105,102.5,32.5,32.5,56,56,11,23,18,24,15,14,16),(499,NULL,193,3,'2019-07-30',99.5,86,97,113,100,35,34,67,67,20,25,29,28,27,22,25),(500,NULL,55,5,'2019-07-30',89.2,96.5,97,100,107,32,32,53,53,9,19,22,22,18,13,12),(501,NULL,231,2,'2019-07-30',58.6,76,81,90,82,26,26,49,49,16,15,20,20,15,18,20),(502,NULL,227,3,'2019-07-31',71.6,72,82,109,82,26,26,56,56,18,15,21,20,15,12,26),(503,NULL,180,6,'2019-07-31',82.9,80,86,102,100,30,30,56,56,10,14,13,15,10,7,12),(504,NULL,256,1,'2019-07-31',84.4,88,99,115,95.5,29,29,61,62,16,25,25,22,22,15,20),(505,NULL,257,1,'2019-07-31',60.1,67,76,95,78,24,24,54,54,19,15,16,20,16,14,21),(506,NULL,258,1,'2019-07-31',63.4,67,74,103,79,24,24,57,57,18,10,16,19,9,10,26),(507,NULL,259,1,'2019-07-31',107.6,102,108,118,106,34,34,65,65,24,29,26,28,26,20,34),(508,NULL,201,3,'2019-08-02',58.8,67,69.5,94,78,25,25,54,54,18,15,12,13,11,13,21),(509,NULL,151,3,'2019-06-19',73,88,94,106,91,31,32,56,56,20,25,24,24,26,20,21),(510,NULL,260,1,'2019-08-06',105,94,104,127,100,32,32,69,69,21,22,31,29,20,14,27),(511,NULL,82,6,'2019-08-06',58.8,73,78,94,83,25,25,51,51,13,20,21,21,17,12,21),(512,NULL,230,2,'2019-08-06',52.2,66,70.5,89.5,80,23,23,50,50,12,11,10,10,10,12,10),(513,NULL,261,1,'2018-10-18',82.8,94.5,95.5,104,98,29,29,53,53,10,20,25,27,20,15,15),(514,NULL,261,2,'2019-08-06',85.2,95,97,105,101,31,31,56,56,12,22,30,26,20,16,16),(515,NULL,262,1,'2019-08-06',52,68,72,994,78,23,23,52,51,21,12,19,16,11,11,25),(516,NULL,32,5,'2019-08-08',67,86,84,98,82,26,26,49,49,16,18,19,24,18,14,22),(517,NULL,214,3,'2019-08-08',81.2,88,93,101,95,29,29,56,56,16,25,24,25,23,18,20),(518,NULL,218,3,'2019-08-08',57.4,75,81,89,82,26,26,48,48,16,18,25,24,20,18,19),(519,NULL,151,4,'2019-08-08',68.7,82,90,101,90,30,31,54,54,18,25,20,24,24,18,18),(520,NULL,128,4,'2019-08-08',99,96,100,104,109.5,34,34,60,60,10,18,26,27,15,17,9),(521,NULL,264,1,'2019-08-08',103.2,103,109,11,105.5,32.5,32.5,56,56,10,22,30,32,22,21,26),(522,NULL,263,1,'2019-08-08',75.5,78.5,84,107,87,27,28,59,58,20,25,25,25,18,15,26),(523,NULL,265,1,'2019-08-08',66.5,84,90.5,101.5,88,29,28,54,54,17,25,23,26,21,10,16),(524,NULL,234,2,'2019-08-09',87.3,103,108,113,101,33,33,53,53,0,0,0,0,0,0,0),(525,NULL,266,1,'2019-08-12',58.5,68,73,93,78,23.5,23.5,52,52,16,14,16,15,12,15,21),(526,NULL,238,2,'2019-08-12',75.4,78,87,104,88.5,30,30,58,58,20,19,18,22,16,12,26),(527,NULL,243,2,'2019-08-12',73.8,70.5,79,106,86,28,29,61,61,17,16,18,18,20,17,23),(528,NULL,267,1,'2019-08-12',75,77,87,112,93,30,30,60,60,19,20,25,20,19,14,25),(529,NULL,268,1,'2019-08-12',61.3,68,78,97,83,26,26,55,55,20,16,19,18,14,12,20),(530,NULL,269,1,'2019-08-12',63,65,78.5,107,81,26,26,57.5,57.5,15,17,17,16,10,9,23),(531,NULL,184,3,'2019-08-13',104.5,107,108,110,109,31,31,53,53,18,24,26,23,24,18,26),(532,NULL,270,1,'2019-08-13',67.2,75.5,77,97,87,25,25,55,56,16,20,25,21,11,15,18),(533,NULL,123,3,'2019-08-13',79.7,8.3,89.5,104,90,31,31,61.5,61.5,16,21,22,21,21,15,26),(534,NULL,247,2,'2019-08-13',84.2,101,109,108,96,28,28,54,54,0,0,0,0,0,0,0),(535,NULL,34,3,'2019-08-13',95.8,98,104,112,104,32,32,62,62,20,30,30,29,25,22,27),(536,NULL,181,3,'2019-08-14',96.4,93,103,106,103.5,30,30,59,59,10,16,21,24,15,11,13),(537,NULL,179,5,'2019-08-14',90.4,90,95,114,99,32,32,62,62,18,25,27,25,25,15,22),(538,NULL,249,2,'2019-08-14',85.7,90,95.5,113,90,30,31,61,61,17,24,21,26,25,16,23),(539,NULL,271,1,'2019-08-14',96.3,85.5,86,108,95,31,32,68,67,19,29,19,17,15,18,27),(540,NULL,93,4,'2019-08-14',78.5,83,86,98,98,32,32,55,55,6,15,19,15,14,6,10),(541,NULL,78,5,'2019-08-14',106,100,109,114,113.5,34,34,59,59,10,18,19,21,18,16,15),(542,NULL,79,5,'2019-08-14',95.4,83,97,117,90,29,29,62,62,18,21,21,22,17,18,22),(543,NULL,219,3,'2019-08-16',131.9,113,122,121,120,35,35,59,59,20,26,34,30,27,20,25),(544,NULL,245,2,'2019-08-02',76.9,83,90,106,94,31,32,60,57,27,37,29,36,24,20,34),(545,NULL,272,1,'2019-08-21',85.5,92.5,101,114.5,96,31,31,69,68,19,29,30,18,25,14,24),(546,NULL,273,1,'2019-08-21',62,69,78,96.5,80.5,25,25,45,54,20,17,24,24,14,11,29),(547,NULL,274,1,'2019-08-21',103.9,99,110,114,98,33,33,57,58,11,22,25,26,21,17,18),(548,NULL,275,1,'2019-08-21',61.6,82,84,100,87,26,27,50,51,16,21,19,18,17,10,17),(549,NULL,86,5,'2019-08-23',68.5,75,84,103,86,28,28,56,56,18,20,22,21,22,14,24),(550,NULL,277,1,'2019-08-23',59.6,71,78,98,81.5,24,24,52,51.5,15,18,14,11,10,10,16),(551,NULL,278,1,'2019-08-27',54,64.5,68,82,79.5,22,22,42,42,9,6,6,7,5,5,11),(552,NULL,279,1,'2019-08-27',65.6,77,82.5,101,88,28,28,57,56,16,24,22,25,25,12,23),(553,NULL,280,1,'2019-08-27',100.3,100,110,117,105.5,31.5,31.5,65,65,16,26,25,26,22,16,24),(554,NULL,231,3,'2019-08-27',59.2,77,82,91,82.5,27,27,49,49,16,16,20,20,15,16,19),(555,NULL,254,2,'2019-08-27',83.2,84,87,98,98,29,29,55,55,10,15,20,25,14,10,15),(556,NULL,6,6,'2019-08-27',63.4,73.5,78,88,89,25,25,48,48,7,10,10,21,6,8,10),(557,NULL,197,4,'2019-08-27',87.3,82,96,108,86,30,30,62.5,62.5,20,21,22,23,20,15,22),(558,NULL,83,3,'2019-08-27',62.4,66,78.5,99,74,23,23,51,51,16,11,22,20,15,16,23),(559,NULL,84,2,'2019-08-27',67.3,71.5,84,103,85.5,26,26,56,56,18,16,15,18,12,12,21),(560,NULL,227,4,'2019-08-28',71.3,72,83,108,83,26.5,26.5,56,56,17,15,21,20,15,13,25),(561,NULL,281,1,'2019-08-28',82.4,90,98,101,99.5,29,31,59,61,22,25,25,26,25,18,30),(562,NULL,259,2,'2019-08-28',105.9,102,108,117,106,34,34,64,64,24,27,26,27,26,18,33),(563,NULL,92,4,'2019-08-28',86.7,83,92,108,96.5,34,34,63,63,24,19,18,18,15,10,32),(564,NULL,28,8,'2019-08-29',71.1,85,90,106,92,28,28,58.5,58.5,18,18,21,23,16,10,24),(565,NULL,282,1,'2019-08-29',100.4,90,100,129,100,33,32,69,69,21,26,21,26,25,20,35),(566,NULL,152,6,'2019-08-29',77.1,84.5,87,98,91.5,28,28,53,53,16,23,16,25,15,13,20),(567,NULL,229,2,'2019-08-29',70.4,74,83,100,84,28,28,55,55,19,20,24,20,19,14,20),(568,NULL,255,2,'2019-08-29',64.1,71.5,76,93,84,24.5,24.4,47,47,10,10,9,15,9,8,14),(569,NULL,283,1,'2019-08-29',62.1,68.5,77.5,100,80,27,26,54,54,16,15,15,19,8,7,20),(570,NULL,25,4,'2019-08-30',74.2,81,80,97,93,25,25,53,53,6,20,15,19,11,13,9),(571,NULL,284,1,'2019-09-02',93.6,85,102,116.5,100,30.5,30.5,67,68,20,24,27,31,26,20,29),(572,NULL,100,3,'2019-09-02',105.5,97,107.5,113,103,33,33,54,55,15,21,21,20,17,11,19),(573,NULL,177,4,'2019-09-04',61.9,64,73,94,82.5,26,25,53,53,15,14,16,20,13,10,17),(574,NULL,285,1,'2019-09-04',49.6,59,64.5,89.5,75,25,24,48,49,14,10,7,14,9,9,13),(575,NULL,178,4,'2019-09-04',83.6,96,99,117,98,28,28,59,59,19,25,24,22,23,18,25),(576,NULL,286,1,'2019-09-05',68.6,76.5,80,103,86,27,27,54,54,13,21,16,16,15,16,22),(577,NULL,34,4,'2019-09-05',94.5,96,100,111,102.5,31,31,62,62,18,26,28,25,25,19,25),(578,NULL,287,1,'2019-09-05',97.2,93,98,110,103,30,30,54,55,10,23,27,25,20,15,24),(579,NULL,288,1,'2019-09-05',86.1,92,90,99,101,30,31,55.5,55.5,9,18,20,20,17,14,12),(580,NULL,125,4,'2019-09-05',82,82,91,113,89,30,30,65,64,21,22,30,28,26,18,30),(581,NULL,289,1,'2019-09-05',62.6,72.5,78,93,84,25,25,52.5,52.5,18,16,16,23,11,11,21),(582,NULL,89,3,'2019-09-05',83.3,88,89,100,98,29.5,29.5,55,55,10,19,20,25,13,11,10),(583,NULL,82,7,'2019-09-05',58.9,72.5,80,96,83.5,26,26,51,51,15,21,20,19,16,14,20),(584,NULL,290,1,'2019-09-05',72.3,78,83,95.5,91,28,28,52,52,9,12,15,24,14,15,15),(585,NULL,291,1,'2019-09-05',61,69,77.5,98,80,25,26,55,56,19,17,20,20,11,11,25),(586,NULL,243,3,'2019-09-09',71.1,70.5,76.5,103,86,28,28.5,59,59,17,14,18,17,16,12,22),(587,NULL,238,3,'2019-09-09',73.8,76.5,83,103,88,30,30,57,57,20,19,16,20,16,12,25),(588,NULL,292,1,'2019-09-09',57.4,68,72,98,79,26,26,55.5,54.5,16,16,17,15,12,12,26),(589,NULL,293,1,'2019-09-09',87,79,84,115,98,30,30,68,68,21,19,21,23,22,17,26),(590,NULL,51,3,'2019-09-09',65.2,68.4,74.5,100,82,26,26,58,57,16,11,20,17,10,9,21),(591,NULL,294,1,'2019-09-10',69.2,81,91,100,88,28,28,55,55,20,20,25,23,23,16,25),(592,NULL,30,5,'2019-09-10',56,65,71,87,78,24,24,50,50,15,8,5,6,6,6,15),(593,NULL,40,4,'2019-09-10',73.8,81,88,104,89,27.5,27.5,58.5,58.5,15,25,26,29,23,18,23),(594,NULL,214,4,'2019-09-10',81.7,87,93,101,93,29,29,58,58,15,22,22,21,22,15,20),(595,NULL,230,3,'2019-09-10',52.2,66,71,90,80,23,23,50,50,12,11,11,12,11,12,11),(596,NULL,261,3,'2019-09-10',82,92,94,103,95,31,31,54,54,11,21,27,25,20,16,16),(597,NULL,180,7,'2019-09-11',84,82,88.5,102,100,30,30,56,56,10,14,14,14,9,7,11),(598,NULL,295,1,'2019-09-11',58.4,66,72,95,78.5,23.5,23.5,53,53,12,12,10,11,11,9,17),(599,NULL,296,1,'2019-09-11',105.1,101,112,114,110,33,32,61,60,16,26,30,30,27,18,24),(600,NULL,297,1,'2019-09-11',59.5,75,83,96,86,25,24.5,54,54,20,20,21,24,20,19,24),(601,NULL,298,1,'2019-09-11',89.3,88,95.5,96.5,105.5,32,32,49,49,6,15,20,25,12,11,10),(602,NULL,181,4,'2019-09-12',97.9,94,103,107,104,30.5,30.5,60,60,11,19,23,28,18,15,15),(603,NULL,79,6,'2019-09-12',93.8,82,95,113.5,89,28,28,59,59,15,21,20,20,15,16,21),(604,NULL,78,6,'2019-09-12',101.5,97,105.5,112,108,33,33,57,57,9,15,16,18,17,12,12),(605,NULL,189,3,'2019-09-13',87.5,99.5,108,104,100,38,38,54,55,17,26,26,30,25,20,22),(606,NULL,234,3,'2019-09-13',87.3,99,106,113,101,33,33,53,53,15,0,0,0,0,0,0),(607,NULL,229,3,'2019-09-13',70.8,74,84,100,85,28,28,56,56,18,20,24,22,20,14,24),(608,NULL,299,1,'2019-09-13',60.5,68,75,99,81,24,24,56,56,16,12,15,19,10,10,21),(609,NULL,260,2,'2019-09-13',103.4,92,103,124,100,31,31,67,67,21,22,28,25,20,15,25),(610,NULL,134,3,'2019-09-13',64.2,68,70,89,80,26,26,51,51,9,10,12,10,6,5,15),(611,NULL,136,3,'2019-09-13',96.7,86,92,106,99,31,31,62,63,14,16,22,24,14,12,15),(612,NULL,137,3,'2019-09-13',67.7,74,77,92,88,26.5,26.5,49,49,9,10,10,8,6,6,15),(613,NULL,139,3,'2019-09-13',71.9,73,75,91,87,27,27,50,50,10,9,11,14,8,7,10),(614,NULL,140,3,'2019-09-13',98.5,87,95,109,99,29,29,60,60,16,18,25,25,16,11,17),(615,NULL,141,3,'2019-09-13',72.5,72,77.5,92,90,27.5,27.5,55,55,6,9,13,11,7,5,11),(616,NULL,142,3,'2019-09-13',67.6,75,76,92,90,27,27,52,52,10,21,18,20,15,8,13),(617,NULL,143,3,'2019-09-13',70,72,72,89,89,27,27,53,53,9,9,11,9,6,6,12),(618,NULL,210,2,'2019-09-13',58.8,66,67,85,79,25,25,50,50,10,10,10,11,10,6,10),(619,NULL,300,1,'2019-09-13',67.3,79,92,95,84,27,27,49,50,12,20,24,30,20,20,21),(620,NULL,133,3,'2019-09-13',68.6,67.5,68,91,84,26,26,51,51,10,10,10,11,7,7,15),(621,NULL,135,3,'2019-09-13',69.9,71,74,89,87,25,25,49,49,8,9,6,10,5,6,10),(622,NULL,301,1,'2019-09-13',69.9,72,75,95,84.5,25.5,25.5,46,46,14,11,12,14,10,8,16),(623,NULL,148,3,'2019-09-13',63,73.5,72.5,86,85.5,24.5,24.5,50,50,6,10,8,8,5,6,10),(624,NULL,154,3,'2019-09-13',73.4,79,83,98,89,26,26,56,56,17,20,20,20,18,14,21),(625,NULL,302,1,'2019-09-13',44,63,65,80,70.5,19,19,45,45,10,9,10,10,6,6,14),(626,NULL,303,1,'2019-09-13',59.1,69,79,94,79,28,29,57,57,17,16,25,20,11,11,26),(627,NULL,155,2,'2019-09-13',48.2,65.5,66,82,76,21,21,47,47,11,8,12,12,10,7,16),(628,NULL,159,2,'2019-09-13',52.6,63,67,89,73,22,22,49,49,16,9,10,13,6,6,16),(629,NULL,161,2,'2019-09-13',52.6,61.5,69,87,76,24,24,52,52,15,10,10,11,8,6,18),(630,NULL,163,3,'2019-09-13',72.8,76,78,105,87,26,26,56,56,14,23,18,20,21,12,23),(631,NULL,165,3,'2019-09-13',78.1,76,85,106,86,28,27,62,62,16,19,27,25,20,16,25),(632,NULL,38,4,'2019-09-13',69.8,72.5,83,93,87,25,25,52,52,15,16,22,21,15,11,21),(633,NULL,168,3,'2019-09-13',58.9,68,73,91,79,24,24,53,53,17,13,21,19,11,12,24),(634,NULL,212,2,'2019-09-13',52.5,61.5,65,88,76,23,23,50,50,15,9,9,10,6,6,19),(635,NULL,304,1,'2019-09-13',81.8,85,91,107,94,29,29,59,59,15,20,25,26,22,16,23),(636,NULL,191,5,'2019-09-17',74.5,78,80,94.5,93,30,30,54,54,6,15,19,19,10,9,15),(637,NULL,247,3,'2019-09-17',84.7,101,107.5,108,96,28,28,54,54,0,0,0,0,0,0,0),(638,NULL,249,3,'2019-09-18',82.8,89,90,110,90,39.5,30,60,61,16,20,21,24,23,15,23),(639,NULL,110,3,'2019-09-18',54.5,70.5,75.5,86,76,23,23,48,48,15,10,19,19,10,14,17),(640,NULL,305,1,'2019-09-18',75.1,78,82,106.5,90,31,30,63,63,20,25,25,25,22,15,25),(641,NULL,267,2,'2019-09-18',76.5,76.5,90,114,90,30,30,60,60,19,20,24,20,18,14,25),(642,NULL,306,1,'2019-09-25',87.5,89,91,105,100,33,32,56,58,12,21,22,28,21,21,15),(643,NULL,28,9,'2019-09-26',70.7,83,87,106,91,27,27,58,58,18,18,21,22,15,10,24),(644,NULL,28,10,'2019-09-26',70.7,83,87,106,91,27,27,58,58,18,18,21,22,15,10,24),(645,NULL,308,1,'2019-09-26',110.5,104,110,122,109,38,38,66,66,24,30,28,29,25,21,29),(646,NULL,56,6,'2019-09-26',72.9,77,84,103,84,28,28,54,55,14,20,15,19,16,11,18),(647,NULL,29,3,'2019-09-26',69.4,74,84.5,103,84,27,27,55,55,16,20,21,20,20,15,23),(648,NULL,309,1,'2019-09-26',69,86,89,97,91,26,27,50,51,20,27,20,22,21,15,21),(649,NULL,279,2,'2019-09-26',63.3,74,80,97,87,28,28,55,55,16,20,20,25,22,12,22),(650,NULL,282,2,'2019-09-26',99.3,88.5,97,126,96.5,31,30,68,69,20,26,20,23,22,16,30),(651,NULL,310,1,'2019-10-01',76,81,87,107,93,31,31,62,62,22,20,17,25,20,15,25),(652,NULL,311,1,'2019-10-01',50.8,63.5,71.5,88.5,78,25,25,48,48,10,15,15,15,9,12,16),(653,NULL,294,2,'2019-10-01',66.9,79,84,100,86,28,28,54,54,18,20,21,21,20,15,23),(654,NULL,288,2,'2019-10-01',81,87,88.5,94.5,97.5,30,29.5,54,54,9,16,16,17,15,13,12),(655,NULL,312,1,'2019-10-01',88.5,87.5,89,115,94.5,34.5,34.5,62,61,20,27,26,25,26,16,26),(656,NULL,313,1,'2019-10-01',80.4,87,96,107,95,29,28,61,61,21,23,26,26,25,19,25),(657,NULL,314,1,'2019-10-01',52.7,69,78,87,82,26,25,47,46,15,20,26,24,20,18,25),(658,NULL,315,1,'2019-10-01',89.5,103,112,115.5,105,27,28,59,59,22,20,21,21,22,17,29),(659,NULL,273,2,'2019-10-01',61.3,69,77.5,94.5,79,24,24,54,54,18,16,20,21,12,11,25),(660,NULL,197,5,'2019-10-01',86.4,82,93.5,108,86,30,30,61.5,61.5,20,21,21,23,20,15,21),(661,NULL,316,1,'2019-10-02',85.7,90,92,105,97.5,29,28,50,49,12,16,18,27,15,15,17),(662,NULL,318,1,'2019-10-03',55.4,64.5,75,91.5,76,26,25,52,51,20,16,18,20,13,15,23),(663,NULL,317,1,'2019-10-03',52.9,67.5,78,87.5,82,26.5,26,49.5,49.5,19,18,26,24,20,16,23),(664,NULL,321,1,'2019-10-03',78.2,87,98,103.5,92,33,32,57,57,20,27,27,28,25,19,22),(665,NULL,322,1,'2019-10-03',85.5,94,95.5,104,95,31,31,55,54,15,23,21,20,26,16,15),(666,NULL,323,1,'2019-10-03',70.7,84,89,1007,87,29.5,29.5,58,59,18,24,29,25,24,10,26),(667,NULL,237,2,'2019-10-07',63.6,71.5,76,99,86,29,29,58,57,20,19,20,20,16,12,25),(668,NULL,324,1,'2019-10-07',76.8,73,84,116,89,29,29,62,62,20,17,16,18,17,11,23),(669,NULL,235,2,'2019-10-07',92.8,86,100,114,93,32,31,61,62,20,26,21,24,25,14,27),(670,NULL,295,2,'2019-10-07',58.4,64.5,68,94,78.5,23,23,53,53,12,12,10,11,7,9,16),(671,NULL,325,1,'2019-10-07',59.6,68,74.5,96,81,26,26,52,52,25,20,24,23,16,17,22),(672,NULL,326,1,'2019-10-07',73.5,71.5,79,101,91,27.5,27.5,59,59,20,17,24,23,16,10,29),(673,NULL,243,4,'2019-10-07',69.8,69.5,76,99.5,84,28,28,58,58,17,15,15,15,15,11,21),(674,NULL,297,2,'2019-10-07',58.9,73,79,95,85,25,24,54,54,19,20,21,22,20,16,24),(675,NULL,103,4,'2019-10-07',65.2,70,74,98.5,82.5,25.5,25.5,54,54,15,15,13,15,13,11,20),(676,NULL,327,1,'2019-10-07',67.9,76,82,103,86,27,27,55,56,20,25,25,23,25,16,25),(677,NULL,16,3,'2019-10-07',74.3,77.5,80,97,94,30.5,30.5,55,54,9,13,15,19,11,10,11),(678,NULL,328,1,'2019-10-07',61.3,69,74,92.5,83.5,24,24,51,51,16,17,11,13,14,11,16),(679,NULL,329,1,'2019-10-07',71.6,77,82.5,105.5,83,30.5,30.5,58,59,23,25,27,20,15,15,27),(680,NULL,330,1,'2019-10-09',95.8,90,99,107,104,31.5,31.5,62,61,15,21,27,27,18,16,24),(681,NULL,180,8,'2019-10-09',82,79,85.5,102,99.5,30,30,55,55,10,14,11,14,7,7,11),(682,NULL,17,4,'2019-10-09',103.8,98,108.5,127,98,35,38.5,69,70,24,29,30,29,25,20,28),(683,NULL,219,4,'2019-10-09',131.7,113,122,120,120,35,35,59,59,20,26,32,30,27,20,25),(684,NULL,246,2,'2019-10-10',79.5,76.5,88,115,86,28.5,28.5,60,60,23,20,25,25,25,22,30),(685,NULL,34,5,'2019-10-10',94.7,97,100,112,101,31,31,62,62,18,24,26,25,25,17,24),(686,NULL,152,7,'2019-10-10',76.7,85,88,98,92,28,28,52.5,52.5,16,23,16,25,15,11,20),(687,NULL,255,3,'2019-10-10',64.1,72,75.5,92,85,24,24,46,46,9,10,9,13,9,7,14),(688,NULL,286,2,'2019-10-10',68.1,73.5,79,102.5,84,26.5,26.5,54,54,13,20,15,16,15,15,21),(689,NULL,44,6,'2019-10-10',70.6,74,78,95,90,31,31,51,51,6,11,10,14,7,7,7),(690,NULL,18,3,'2019-10-11',56.7,66.5,73.5,95,74.5,24,24,54,54,20,14,15,15,10,6,20),(691,NULL,331,1,'2019-10-11',77.8,83,93,108.5,90,30,31,61,62,18,24,26,25,20,15,25),(692,NULL,332,1,'2019-10-11',94.1,100,104.5,101,105,30,30,48,48,15,22,30,25,20,17,20),(693,NULL,106,5,'2019-10-11',86,87.5,89.5,103,99,31,31,57,57,14,18,28,28,19,16,19),(694,NULL,82,8,'2019-10-15',59.3,72.5,80,95,83,27,27,51.5,51.5,0,0,0,0,0,0,0),(695,NULL,151,5,'2019-10-15',66.3,81,86,97,88,29,30,53,53,16,25,19,20,20,15,16),(696,NULL,218,4,'2019-10-15',57.5,74,81.5,88,82,25.5,25.5,46,46,15,15,21,24,16,18,19),(697,NULL,191,6,'2019-10-15',79.1,81,83,100,99,31,31,56,56,5,15,20,21,14,9,16),(698,NULL,125,5,'2019-10-15',83.5,86,95,113,88,29,29,64,63,18,20,30,28,26,17,25),(699,NULL,229,4,'2019-10-15',71.6,76,84,100,87,28,28,56,56,18,20,22,21,20,13,23),(700,NULL,184,4,'2019-10-15',105,105,106,109,109,30,30,52,52,18,21,26,23,22,18,25),(701,NULL,336,1,'2019-10-15',76.1,73,81.5,106,86,27,27,57.5,57.5,17,15,24,24,12,7,23),(702,NULL,337,1,'2019-10-15',76.6,88.5,90,109,92,32,31,60,59,20,25,24,25,21,16,26),(703,NULL,338,1,'2019-10-15',97.7,105.5,111.5,107,108.5,31,32,55,55,15,21,23,22,16,17,24),(704,NULL,261,4,'2019-10-15',82,93,93,102,96,32,32,55,55,11,20,25,29,20,16,18),(706,NULL,25,5,'2019-10-16',71.4,79,78,94,94,25,25,54.5,54.4,6,19,12,16,10,13,9),(707,NULL,339,1,'2019-10-16',82.6,88,97,107,97,30,30,56,56,16,28,28,26,24,14,27),(708,NULL,110,4,'2019-10-16',52.9,69.5,73,84,76,23,23,48,48,15,10,17,18,10,13,17),(709,NULL,285,2,'2019-10-16',49.9,60,64.5,89,76,25,24,49,49.5,15,10,6,14,8,9,13),(710,NULL,340,1,'2019-10-17',56.9,64.5,72.5,95,80,26,26,52,51.5,20,15,13,15,11,10,22),(711,NULL,341,1,'2018-04-12',75.7,90.5,94,100.5,98,28,29,60,59,20,28,21,15,20,14,25),(712,NULL,341,2,'2018-05-17',75,89,93,100,97.5,28,29,60,59,18,28,20,15,20,12,23),(713,NULL,341,3,'2019-01-31',73.6,89,94,100,98,28,28,58,57,17,21,17,14,16,11,20),(714,NULL,341,4,'2019-03-28',74.5,90,94,101,97,28,28,58,58,16,21,17,13,16,10,20),(715,NULL,341,5,'2019-05-02',72.6,88,91.5,98,95,27.5,27.5,57,57,16,21,17,13,16,10,20),(716,NULL,341,6,'2019-08-23',73.8,88,91.5,99,96,28,28,58,58,15,21,16,13,16,10,20),(717,NULL,341,7,'2019-10-28',74.3,87,90,99,96,27,27,57,57,15,21,16,13,16,9,18),(718,NULL,28,11,'2019-10-31',70.2,83,87,107,93,28,28,57,57,16,18,19,21,15,10,22),(719,NULL,342,1,'2019-10-31',71.8,71.5,82,105,86,27,27,57,56,16,20,20,15,10,16,20),(720,NULL,214,5,'2019-10-31',81.7,85,91,101,93,29,29,58,58,15,23,24,21,20,15,20),(721,NULL,273,3,'2019-10-31',61.4,69,77,93,78,24,24,53,53,15,16,18,20,11,11,24),(722,NULL,279,3,'2019-10-31',61.7,73,77,95.5,86,27,27,54,54,16,20,19,25,21,11,20),(723,NULL,201,4,'2019-10-31',60.4,67,73,96,80,26,26,54,54,18,15,15,14,11,14,22),(724,NULL,55,6,'2019-10-31',90,98,99,102,108,33,32,54,54,10,18,20,22,17,12,13),(725,NULL,344,1,'2019-11-05',78.9,86.5,92,102,96,31,32,53,54,20,26,26,29,25,17,26),(726,NULL,128,5,'2019-11-05',98.2,97,100,105,109.5,34,34,60,60,10,19,24,25,15,17,10),(727,NULL,311,2,'2019-11-05',51.5,63,70,88,78,25.5,25.5,50,50,10,15,15,15,9,10,16),(728,NULL,191,7,'2019-11-05',79.4,80,82,99,98,32,32,55,55,5,15,18,20,12,8,15),(729,NULL,131,3,'2019-11-05',73.7,91,98,102,92,30,29,52,52,18,19,21,20,21,18,18),(730,NULL,40,5,'2019-11-05',74.6,80,89,103,88,26,26,58,58,16,24,24,25,20,16,23),(731,NULL,123,4,'2019-11-05',80.9,82,88.5,102,92,30,30,61.5,61.5,17,21,21,21,19,13,21),(732,NULL,345,1,'2019-11-05',62.9,68.5,73.5,100,80,27,26,56.5,56.5,12,11,10,15,12,6,17),(733,NULL,247,4,'2019-11-05',85.6,101,109,108,97,28,28,53,53,0,0,0,0,0,0,0),(734,NULL,286,3,'2019-11-05',65.6,73,76,99,83,26,26,54,54,13,20,15,15,15,15,20),(735,NULL,346,1,'2019-11-05',77.6,80,88,115,90.5,31,32,63,63,21,20,20,21,14,14,22),(736,NULL,282,3,'2019-11-05',99,90,97,126,96.5,30,29,67,68,20,26,18,21,21,14,28),(737,NULL,84,3,'2019-11-05',68.1,72.5,81,104,84.5,26,26,58,58,18,16,19,18,13,16,20),(738,NULL,347,1,'2019-11-05',84.3,95,98,93,95,32,32,54,53,9,21,25,28,25,16,16),(739,NULL,6,7,'2019-11-05',64.7,73,78,90,89.5,25.5,25.5,48,48,7,12,11,21,7,10,10),(740,NULL,197,6,'2019-11-05',87.5,82,95,110,90,30,30,61,61,20,23,21,23,21,15,20),(741,NULL,313,2,'2019-11-07',76.7,81.5,89.5,103,92,28,27,60,60,20,23,23,23,21,17,22),(742,NULL,348,1,'2019-11-07',54,64,70.5,86,77,24.5,24.5,50,50,16,16,19,18,12,10,21),(743,NULL,349,1,'2019-11-07',86.8,94.5,102,110,107,31.5,31.5,58,57,18,25,24,25,25,15,21),(744,NULL,306,2,'2019-11-08',86.9,87,89.5,105,102,33,32,55,57,11,21,21,26,21,18,15),(745,NULL,249,4,'2019-11-08',82.1,89,90,107,90,30,30,60,59,15,20,20,21,21,15,20),(746,NULL,17,5,'2019-11-11',102.1,94,104,126,95,34,38,68,69,22,24,30,26,22,17,26),(747,NULL,315,2,'2019-11-11',87.3,102,107,114,102,27,27,57,57,20,20,20,20,20,15,26),(748,NULL,314,2,'2019-11-11',50.9,68,74.5,85.5,81,25,25,47,47,15,17,23,20,17,13,22),(749,NULL,350,1,'2019-11-12',73.7,77.5,86,101,90,25,25,58,58,19,19,18,16,16,11,24),(750,NULL,351,1,'2019-11-12',63.9,69,76,96,83,27,26,55,55,16,21,25,17,15,15,24),(751,NULL,229,5,'2019-11-12',69.7,75,83.5,98,85,27,27,55,55,18,16,21,21,20,11,23),(752,NULL,246,3,'2019-11-12',78.5,77.5,85.5,114,86,28.5,28.5,61,61,21,20,25,24,23,18,25),(753,NULL,307,1,'2019-11-12',76.3,78,87,108,84,30,30,61,58,24,20,25,25,23,15,27),(754,NULL,352,1,'2019-11-12',79.5,81.5,88,100,92,28,29,53.5,53.5,14,18,20,25,15,15,22),(755,NULL,353,1,'2019-11-12',85.9,81,96,116,94,32,32,62,62,23,26,30,27,21,20,30),(756,NULL,354,1,'2019-11-13',83,88.5,94,98,101,34,32,52,51,12,25,20,22,20,12,16),(757,NULL,180,9,'2019-11-13',83.1,80,86,103,100,30,30,55,55,10,14,12,14,9,7,12),(758,NULL,330,2,'2019-11-13',94.6,89,96.5,105,104,32,32,61,60,12,20,25,24,15,15,21),(759,NULL,285,3,'2019-11-13',50.5,60,65,89,76,25,24,49,49,15,11,6,15,11,9,15),(760,NULL,44,7,'2019-11-14',70.2,73,78,93,91,30,30,50,50,6,12,9,15,6,7,7),(761,NULL,341,8,'2019-11-14',74.6,88,92,100,97,28,28,57,57,16,21,16,13,16,10,18),(762,NULL,355,1,'2019-11-14',68.8,77,86,100,90,26,26,55,55,18,23,27,25,19,14,28),(763,NULL,260,3,'2019-11-14',106.5,96,103,127,103,32,32,68,68,20,22,26,26,23,19,28),(764,NULL,356,1,'2019-11-16',61.2,70,79,101,82,28,28,56,56,14,20,17,17,15,12,21),(765,NULL,357,1,'2019-11-16',88.7,85,90,105,95,30,31,60,59,11,11,22,20,10,12,20),(766,NULL,358,1,'2019-11-17',58.1,65,74,96,78,23,22,50,50,14,13,10,15,7,12,20),(767,NULL,360,1,'2019-11-17',65.4,72,75,90,84,26,26,51,51,6,12,13,16,9,9,11),(768,NULL,361,1,'2019-11-17',81.7,87,90,97,92.5,27,27,51,51,10,11,16,21,11,9,11),(769,NULL,362,1,'2019-11-17',60.5,74,78.5,90,82.5,28,29,51.5,51.5,16,23,15,16,16,9,19),(770,NULL,363,1,'2019-11-17',69.8,73.5,77,96,85,27.5,27.5,57,57,18,21,14,16,14,7,17),(771,NULL,158,2,'2019-11-18',68.2,66,74,100,83,25,25,58,58,16,15,10,14,10,11,18),(772,NULL,338,2,'2019-11-18',97.9,104.5,108,107,108,31,32,55,55,14,20,22,22,16,16,22),(773,NULL,337,2,'2019-11-18',75.2,86.5,87,105,92,31,31,58,57,16,25,22,24,20,16,24),(774,NULL,107,3,'2019-11-18',60.3,68,76,95,79,24.5,24.5,53,52,17,17,16,15,14,13,17),(775,NULL,364,1,'2019-11-19',73.3,73,82,103,88.5,32,30.5,61.5,61,15,18,19,15,19,9,17),(776,NULL,30,6,'2019-11-19',58.5,63.5,69,90,78,24,24,50.5,50.5,15,7,5,5,6,6,14),(777,NULL,365,1,'2019-11-19',99.2,93,99,120,102,35,35,70,68,27,25,25,25,24,16,26),(778,NULL,366,1,'2019-11-19',85.1,83,92,107,95,31,31,53,53,23,30,21,20,20,17,20),(779,NULL,340,2,'2019-11-20',56.2,64,72,95.5,80,26,26,52,51,17,14,10,13,10,8,19),(780,NULL,110,5,'2019-11-20',53,70,74,85,77,23,23,48,48,14,10,18,18,11,13,15),(781,NULL,220,3,'2019-11-20',86.1,95,95,102,101,30,30,51,51,11,20,25,26,15,16,16),(782,NULL,191,8,'2019-11-27',77.8,80,80.5,95,99,32,32,56,56,5,14,16,18,10,6,15),(783,NULL,223,3,'2019-11-27',67.7,72.5,83.5,99,83,27,27,53,53,16,23,20,18,18,16,17),(784,NULL,28,12,'2019-11-28',74,86,90,109,93,28,28,58,58,19,18,18,21,15,10,23),(785,NULL,367,1,'2019-11-28',118.8,94,116,127.5,99,38,38,73.5,73.5,19,30,32,28,31,20,32),(786,NULL,152,8,'2019-11-28',76.3,84,88,98,92,28,28,52.5,52.5,15,23,16,25,16,10,18),(787,NULL,313,3,'2019-12-02',77.4,81.5,88,102,92,28,27,59,59,18,23,20,20,20,16,21),(788,NULL,348,2,'2019-12-02',53.3,64,69.5,86,75,24.5,24.5,53,53,16,16,15,16,10,10,20),(789,NULL,56,7,'2019-12-02',72.9,76,84,102,84,28,28,54,54,14,20,15,17,16,11,17),(790,NULL,308,2,'2019-12-02',108.1,103,116,122,109,34,34,65,65,24,30,26,26,25,21,27),(791,NULL,342,2,'2019-12-02',70.6,69,80,103,85,26,26,56,55,16,19,16,14,10,15,20),(792,NULL,282,4,'2019-12-02',97.6,90,96,126,96,29.5,29,66,67,20,26,17,20,19,14,27),(793,NULL,214,6,'2019-12-03',82.2,87,94,102,93,29,29,58,58,15,24,23,20,20,15,19),(794,NULL,346,2,'2019-12-03',76.7,78,87.5,115,88,30,31,61,61,21,20,20,20,14,13,21),(795,NULL,299,2,'2019-12-03',61.3,68,75,97,83,25,25,56,56,16,12,16,16,10,10,21),(796,NULL,197,7,'2019-12-05',87.7,82,91,110,91,30,30,61,61,19,23,21,23,21,16,21),(797,NULL,6,8,'2019-12-05',65.1,75,77,89,87.5,26,26,48,48,8,11,11,21,7,9,10),(798,NULL,345,2,'2019-12-05',64.6,67,73,100,78,27,26,57,57,12,11,12,15,14,6,17),(800,NULL,311,3,'2019-12-05',53.5,63,72,89,81,25,25,51,51,11,15,14,14,9,10,16),(801,NULL,324,2,'2019-12-09',78.1,73,81,115,87,29,29,61,61,17,17,18,20,17,10,21),(802,NULL,237,3,'2019-12-09',64.7,71,74,100,85,29,29,57,56,19,19,18,20,14,13,22),(803,NULL,369,1,'2019-12-09',78.9,79.5,89,113,89,32,32,61,61,19,22,29,20,19,13,29),(804,NULL,328,2,'2019-12-09',60.9,67,72,92.5,81,24,24,51,51,15,16,11,11,10,11,15),(805,NULL,370,1,'2019-12-09',58.2,62.5,67,90,79.5,26.5,26.5,53,53,12,10,6,10,5,5,18),(806,NULL,295,3,'2019-12-09',60.6,65,70,94,79,23,23,52,52,12,13,10,11,11,10,18),(807,NULL,371,1,'2019-12-09',80.1,69,78,120.5,84,29,29,67,66,25,25,20,24,16,18,30),(808,NULL,101,3,'2019-12-09',88.4,82,84,101,100,36,36,59,56,5,11,9,11,8,5,11),(809,NULL,372,1,'2019-12-09',87.2,82.2,94,108,99,33.5,34,65,64,33,26,28,32,18,15,31),(810,NULL,241,2,'2019-12-09',69.7,74,80,99,85,27,27,56,56,16,14,19,20,15,14,22),(811,NULL,84,4,'2019-12-12',68.9,71.5,82,105,83.5,26,26,58,58,18,15,17,18,14,15,20),(812,NULL,347,2,'2019-12-12',82.9,92.5,95,93,93,31.5,31.5,53,52,7,20,23,25,24,15,16),(813,NULL,279,4,'2019-12-12',59.3,69,74,93,83,26,26,52,52,16,17,19,22,18,10,20),(814,NULL,128,6,'2019-12-12',99.3,96,98.5,103,109.5,34,34,60,60,9,19,23,24,15,15,10),(815,NULL,373,1,'2019-12-12',60.4,70,73.3,98,77,25,25,50,50,19,18,11,19,16,12,23),(816,NULL,55,7,'2019-12-12',89.9,100,98,99,105,32,32,52.5,52.5,6,15,20,21,13,10,13),(817,NULL,286,4,'2019-12-12',65.1,72,75,99,83,26,26,52,52,13,20,15,15,14,14,17),(818,NULL,349,2,'2019-12-12',86.5,91.5,99,108,105,31.5,31.5,57,56,18,25,24,25,23,15,21),(819,NULL,374,1,'2019-12-13',97.6,94,104,109,103,31,30,53,53,14,26,19,28,21,16,21),(820,NULL,375,1,'2019-12-13',72,76,84.5,107,86,26.5,26.5,54,54,20,16,20,24,16,16,27),(821,NULL,369,2,'2019-12-16',78.2,79,89,112,87,31,31,60,60,19,22,27,19,19,13,28),(822,NULL,354,2,'2019-12-16',83.2,87.5,90.5,96,98,32,31,52,51,12,25,18,20,18,13,16),(823,NULL,339,2,'2019-12-16',82.4,88,95,104.5,97,30,30,55.5,55.5,16,26,28,26,24,12,24),(824,NULL,180,10,'2019-12-16',85,80,87,104,100,30,30,54,54,10,14,11,15,10,6,12),(825,NULL,314,3,'2019-12-16',51.2,68,71.5,85,81,25,25,47,47,15,16,21,20,16,11,20),(826,NULL,315,3,'2019-12-16',86.8,102,105.5,113,100,27,27,56,56,17,20,20,20,20,15,24),(827,NULL,28,13,'2019-12-17',73.3,84,91,108,93,27,27,58,58,18,18,18,21,16,11,24),(828,NULL,338,3,'2019-12-17',96.2,102,104.5,104,106,30,31,55,55,14,20,18,22,16,16,18),(829,NULL,337,3,'2019-12-17',73.6,83,87,103,89,30,30,57,56,16,25,20,22,18,12,24),(830,NULL,366,2,'2019-12-17',84,82,89,106,93,30,30,53,53,20,27,21,20,20,16,20),(831,NULL,218,5,'2019-12-17',60,76,83,90,82,26.5,26.5,49,49,15,18,24,24,16,19,16),(832,NULL,151,6,'2019-12-17',65.3,78,85,95.5,86.5,29,29,50,50,16,21,19,18,19,15,16),(833,NULL,341,9,'2019-12-17',73,88,92,98,97,27.5,27.5,56,56,16,21,16,12,15,10,18),(834,NULL,107,4,'2019-12-17',60.3,67,74,95,79,24.5,24.5,53,52,17,16,16,14,14,11,17),(835,NULL,223,4,'2019-12-17',65.1,70,78,96,82,27,27,53,53,16,23,20,18,18,16,17),(836,NULL,350,2,'2019-12-17',73.1,76,83,100,86,25,25,57,57,19,18,15,16,12,11,24),(837,NULL,306,3,'2019-12-17',87.5,85,86.6,105,102,33,32,56,58,11,21,18,26,17,16,15),(838,NULL,365,2,'2019-12-17',98.3,93,97,116,101,34,34,65,64,26,25,25,25,23,16,26),(839,NULL,191,9,'2019-12-17',77.4,79,79,95,95,32,32,56,56,5,11,15,17,10,6,15),(840,NULL,82,9,'2019-12-17',60.2,73,80,95,82,27,27,52,52,16,25,20,21,19,13,20),(841,NULL,83,4,'2019-12-17',66.7,68,78.5,104,77,25,25,55,54,19,14,23,22,16,16,26),(842,NULL,351,2,'2019-12-17',61.5,68,74,96,82,25.5,25.5,56,56,16,16,17,16,13,13,22),(843,NULL,330,3,'2019-12-18',96.6,88,96,106,103,32,32,61,61,12,18,24,24,15,15,20),(844,NULL,249,5,'2019-12-18',78.1,86,88,103,90,30,30,57,57,15,19,20,21,18,15,20),(845,NULL,2,2,'2020-01-06',75.2,91,93,96,97,29.5,29.5,51,50,11,20,21,21,12,15,14),(846,NULL,376,1,'2020-01-09',98.1,100,99,100,110,33,32,52,52,9,16,20,22,15,12,11),(847,NULL,308,3,'2020-01-09',108.1,104,116,120,109,34,34,63,63,22,30,26,24,25,19,26),(848,NULL,349,3,'2020-01-09',87.1,95,100,110,106,31.5,31.5,58,59,20,27,25,26,24,15,21),(849,NULL,226,2,'2020-01-10',94,96,110,122,98,34,34,54,55,20,27,27,35,30,22,27),(850,NULL,377,1,'2020-01-10',58.5,72,77.5,87,79,25,24,49,49,9,10,21,20,9,10,9),(852,NULL,124,4,'2020-01-10',70.8,65.5,83.5,105,78,24,24,55,55,19,11,18,17,8,11,26),(853,NULL,82,10,'2020-01-10',61,75,81,96,82,27,27,52,52,17,25,25,24,21,14,22),(854,NULL,378,1,'2020-01-10',85.2,90,96,116,95,32,31,66,65,26,30,30,28,31,20,32),(855,NULL,260,4,'2020-01-10',108.6,94,105,130,105,32,32,69,69,22,29,26,31,23,24,30),(856,NULL,368,1,'2020-01-10',125.2,120,122,112,122,36.5,34,54,54,15,30,26,32,25,24,30),(857,NULL,5,4,'2020-01-13',96.1,85,90.5,106,100,32,32,59,59,14,15,21,24,16,15,17),(858,NULL,379,1,'2020-01-13',79.2,79,89,108.5,90,31,31,58,58,20,24,22,19,18,11,25),(859,NULL,17,6,'2020-01-13',106.5,100,104,129.5,96,34,37,68,70,20,26,27,25,21,18,29),(860,NULL,221,2,'2020-01-14',80,86,90,104,94,29,29,58,58,24,30,26,26,26,18,28),(861,NULL,273,4,'2020-01-14',64.1,73,84,95,79,24,24,52,51,15,17,20,21,14,12,23),(862,NULL,131,4,'2020-01-14',74.5,92,99,102,93,30,30,50,50,20,21,24,24,22,19,20),(863,NULL,44,8,'2020-01-14',68.8,73,79,92,91,29,29,50,50,8,15,9,15,8,10,8),(864,NULL,129,3,'2020-01-14',76.5,87,89.5,90,97.5,30,30,52,52,10,21,20,29,11,14,13),(865,NULL,380,1,'2020-01-15',62.9,72.5,77,98,82.5,28,28,53,53,21,21,26,31,20,19,25),(866,NULL,177,5,'2020-01-15',62.2,64,73,93,83,27,26,53.5,53.5,17,17,20,23,14,12,19),(867,NULL,90,4,'2020-01-15',58.2,74,76,91,82,26,26,51.5,51.5,16,20,16,20,16,11,22),(868,NULL,128,7,'2020-01-23',96.6,93.5,96.5,103,107.5,34,34,59,59,9,19,21,24,15,14,10),(869,NULL,255,4,'2020-01-23',64.6,73,74,89,84,24,24,46,46,8,10,9,14,6,6,14),(870,NULL,381,1,'2020-01-23',87.1,84,100,116,95,34.5,34.5,61,61,20,30,28,27,26,24,30),(871,NULL,282,5,'2020-01-23',98.3,88,97,125,95,30,30,65,65,20,26,20,21,21,11,26),(872,NULL,382,1,'2020-01-23',83.8,86,92,108,96,31,32,62,62,22,31,24,24,21,20,27),(873,NULL,24,4,'2020-01-23',93.5,101,101,102.5,104,32,32,54,52,15,26,21,25,22,20,16),(874,NULL,383,1,'2020-01-23',111.7,110.5,120,112,114,31,31,62,63,19,30,35,31,25,24,21),(875,NULL,384,1,'2020-01-24',54.5,67,73,86,79,25,25,49.5,48.5,16,12,10,16,9,9,16),(876,NULL,369,3,'2020-01-24',77.2,78,89,109,88,30.5,30.5,59,59,20,29,27,21,20,15,27),(877,NULL,339,3,'2020-01-24',83.6,88,93,105.5,97,30,30,55.5,55.5,16,26,27,25,24,12,24),(878,NULL,375,2,'2020-01-24',73.6,75,85,108,87,27,27,55,55,20,18,18,24,16,15,26),(879,NULL,189,4,'2020-01-24',88.2,100,109,105,100,38,38,52,52,20,28,26,30,26,20,22),(880,NULL,87,2,'2020-01-24',62.4,76,81,91.5,83.5,26,26,54,54,15,19,15,18,15,15,19),(881,NULL,178,5,'2020-01-24',81.5,92,94.5,116,96,27,27,58,58,19,26,23,23,23,18,25),(882,NULL,385,1,'2020-01-27',73.5,70,83.5,109,84.5,30,30,60,60.5,19,24,15,20,15,11,26),(883,NULL,220,4,'2020-01-27',84.4,97,97,102,97,30,30,51,51,11,19,25,26,15,15,16),(884,NULL,386,1,'2020-01-27',50.9,65,71,86,73,23,23,44,44,15,14,11,14,6,12,19),(885,NULL,92,5,'2020-01-27',90,85,95.5,100,100,34,34,63,63,26,21,20,25,20,10,35),(886,NULL,93,5,'2020-01-27',78.7,85,95,98,99,33,33,56,55,6,14,20,13,14,6,10),(887,NULL,260,5,'2020-01-28',105.7,93,101.5,125,100,32,32,68,68,20,25,25,28,23,18,28),(888,NULL,387,1,'2020-01-28',62.4,70,74,88.5,85,26,26,50,50,11,10,15,15,10,10,15),(889,NULL,28,14,'2020-01-30',71.5,83,91,105,91,27,27,58,58,16,17,19,21,16,11,24),(890,NULL,140,4,'2020-01-30',104.8,91,103,112,102,30,30,61,61,21,22,26,30,20,15,20),(891,NULL,341,10,'2020-01-30',75.4,91,94,99,98,28,28,57,57,18,25,20,15,20,11,17),(892,NULL,40,6,'2020-01-30',75.5,80.5,88,101,88,28,28,58,58,18,26,26,30,23,18,26),(893,NULL,222,2,'2020-01-30',54.2,72,77,94,77,25,25,51,50,17,22,21,25,24,14,20),(894,NULL,388,1,'2020-01-30',68.1,77.5,84,101.5,89,25,25,53,53,16,20,21,21,21,15,16),(895,NULL,389,1,'2020-01-30',72.1,83,84,105,91,29.5,28.5,58,57,20,30,20,26,24,22,30),(896,NULL,390,1,'2020-01-31',114,98,118,118,108.5,34,34,58,59,10,28,30,30,25,17,24),(897,NULL,391,1,'2020-01-31',59.3,63,70,97,76.5,23.5,23.5,52,52,19,15,15,17,10,10,24),(898,NULL,392,1,'2020-01-31',58,63,72,92.5,75,23.5,23.5,50,50,15,14,14,15,6,7,18),(899,NULL,393,1,'2020-01-31',57.7,67.5,73.5,92,79,23.5,23.5,50,49,19,19,21,20,14,15,24),(900,NULL,25,6,'2020-01-31',75.3,81.5,81,94,94,26,26,55,55,6,19,11,19,12,12,9),(901,NULL,394,1,'2020-02-03',60.5,64,67.5,99,78,26.5,26.5,54,54,20,15,15,15,10,11,24),(902,NULL,395,1,'2020-02-03',88.3,90,98,115,100,32,32,61,61,20,31,24,21,20,15,29),(903,NULL,396,1,'2020-02-03',73.1,73,80,107,88,27,27,58,57,19,20,25,29,24,19,29),(904,NULL,397,1,'2020-02-03',60.2,77,80,89,88,26,25,47,47,15,20,20,18,21,12,19),(905,NULL,398,1,'2020-02-03',56.9,69,76,90.5,77,23,23,50,51,19,19,19,21,15,11,21),(906,NULL,399,1,'2020-02-03',64.7,74.5,77,96,84,27,27,54,54,20,26,25,25,20,19,25),(907,NULL,400,1,'2020-02-03',72.1,88,92,104,91,30,30,56,56,25,30,30,25,24,15,26),(908,NULL,401,1,'2020-02-03',58.5,66,71,97,77,24,24,51,51,17,10,9,15,11,9,20),(909,NULL,402,1,'2020-02-03',98.3,93.5,104,113,101,33,33,59,60,25,25,26,26,23,25,28),(911,NULL,403,1,'2020-02-03',72.5,76,83,98.5,93,31,30,56,55,21,25,25,24,21,15,28),(912,NULL,404,1,'2020-02-03',64.7,69,78,96.5,80,26.5,26.5,54,54,15,25,21,21,21,15,27),(913,NULL,405,1,'2020-02-03',65.7,66,74,103,81,25.5,25.5,54,53,20,15,25,20,13,14,24),(915,NULL,406,1,'2020-02-03',60.6,68,77,96.5,81.5,25,25,50.5,50.5,15,15,20,17,15,10,21),(916,NULL,407,1,'2020-02-03',59.4,67.5,75,94.5,79,25,24.5,50,49,16,16,19,18,10,7,21),(917,NULL,408,1,'2020-02-03',83.9,78,81.5,115,88,32,33,60,60,26,26,21,26,24,12,26),(918,NULL,409,1,'2020-02-03',82.9,86,93,101,92,31.5,31.5,59,58,20,25,26,26,26,12,29),(919,NULL,410,1,'2020-02-03',50.1,60,66,90,70,23,22,48,48,21,12,15,13,8,9,22),(920,NULL,411,1,'2020-02-03',52.3,61,64,89,75,25,25,51,50,18,20,15,19,9,6,16),(921,NULL,412,1,'2020-02-03',62.6,65.5,70,96,79,24.5,24.5,46,46,22,19,18,17,14,10,19),(922,NULL,413,1,'2020-02-03',65.2,71.5,78.5,100,84,26,26,53,54,16,21,27,26,16,16,25),(923,NULL,414,1,'2020-02-03',69.9,73,78,99.9,86,24,24,551,51,16,16,16,17,10,9,21),(924,NULL,415,1,'2020-02-03',78.2,82.5,89,107.5,93,33,33,61,60,21,26,30,24,28,14,32),(925,NULL,416,1,'2020-02-03',62.1,73,80,88,80,25,25,40,40,15,15,16,26,15,14,19),(926,NULL,417,1,'2020-02-03',69.1,73,76,97,84,25,26,58,58,15,22,15,19,14,17,24),(927,NULL,418,1,'2020-02-03',52.7,64,68,92,73.5,23,23,49,50,20,10,14,15,7,8,24),(928,NULL,419,1,'2020-02-03',68.3,74,82,96,84,26,26,56,56,20,29,24,20,19,12,26),(929,NULL,421,1,'2020-02-03',62.9,69,76,97,81,22,22,53,53,15,15,16,17,11,11,18),(930,NULL,223,5,'2020-02-04',63.9,71,78,94,78.5,26,26,50,50,15,23,20,16,15,16,17),(931,NULL,82,11,'2020-02-04',60,74,81,94,82,27,27,50,50,17,25,24,23,20,13,20),(932,NULL,123,5,'2020-02-04',81.2,81,90,104,92,30,30,61,61,18,21,21,24,21,14,21),(933,NULL,56,8,'2020-02-04',74.1,76,87,103,85,28,28,54,54,15,20,16,18,18,12,18),(934,NULL,176,3,'2020-02-04',57.2,64.5,72,92,81,23,23,48,48,16,11,15,20,10,8,20),(935,NULL,422,1,'2020-02-04',107.7,94,103,121,101,33.5,33.5,64,65,26,30,36,30,33,19,28),(936,NULL,423,1,'2020-02-04',67.6,83,87.5,94.5,90,27,27,52,52,17,30,28,26,20,21,24),(937,NULL,229,6,'2020-02-06',67.5,73,83,97,82,26,26,53,53,18,16,21,21,18,11,22),(938,NULL,307,2,'2020-02-06',77.8,78,88,109,83,29,29,60,59,21,21,24,25,22,16,26),(939,NULL,6,9,'2020-02-06',65,73,77,89,88,25,25,47,47,7,12,10,21,6,10,10),(940,NULL,197,8,'2020-02-06',88,81.5,92,109,94,30,30,60,60,19,24,22,21,21,16,21),(941,NULL,424,1,'2020-02-06',68.9,76,78,99.5,85,27.5,27.5,55,55,26,20,20,19,16,11,23),(942,NULL,180,11,'2020-02-10',86.3,81,89,105,100,30,30,56,56,11,15,15,17,11,10,17),(943,NULL,330,4,'2020-02-10',99.7,90,98.5,111,104,32,32,61,61,14,23,25,26,19,16,19),(944,NULL,378,2,'2020-02-10',79.8,83,95,111,92,30,30,63.5,63.5,23,29,28,28,28,17,30),(945,NULL,377,2,'2020-02-11',57.2,71,73,85,78,24,24,48,48,7,9,19,19,8,8,9),(946,NULL,124,5,'2020-02-11',70.6,64,79.5,103,78,23,23,55,55,19,11,18,15,8,10,24),(947,NULL,350,3,'2020-02-11',74.4,77,85,99,85,28,28,57,57,19,18,15,16,12,10,22),(948,NULL,425,1,'2020-02-11',70.2,72,79,91,89,25,25,43,43,5,9,5,8,5,5,6),(949,NULL,247,5,'2020-02-11',87.8,104,117,114,98,28,28,52,52,0,0,0,0,0,0,0),(950,NULL,345,3,'2020-02-11',66.7,70,74,101,80.5,27,27,57,57,11,12,14,14,14,6,18),(951,NULL,340,3,'2020-02-12',57.1,65,71.5,95,79.5,25.5,25.5,52,51,15,14,10,12,9,8,18),(952,NULL,354,3,'2020-02-12',82.6,87.5,92,96,100,32,30,49,49,12,25,16,20,16,13,16),(953,NULL,392,2,'2020-02-12',58.6,63,72.5,92.5,74.5,24,24,50,50,14,14,13,14,6,7,16),(954,NULL,426,1,'2020-02-12',77.8,73,73.5,103,85.5,27,27,58,57,11,14,10,13,7,8,21),(955,NULL,427,1,'2020-02-12',68.7,75,76,100,82.5,27,28,53,52,23,14,19,20,10,7,20),(956,NULL,385,2,'2020-02-12',74,70,81.5,109,84,30,30,58,58,18,24,13,16,14,11,25),(957,NULL,92,6,'2020-02-12',89.1,85,96,108,96,33.5,33.5,62.5,62.5,25,20,20,20,19,9,34),(958,NULL,308,4,'2020-02-13',109.4,105,117,120,107,34,34,61,61,22,30,26,24,24,18,25),(959,NULL,428,1,'2020-02-13',71.4,74.5,78.5,93,88,29,29,49,49,5,9,8,13,5,8,9),(960,NULL,376,2,'2020-02-13',98.2,99,99,99,109,31,31,51,51,9,16,20,22,14,12,11),(961,NULL,83,5,'2020-02-13',66.5,68.5,75.5,102,75,24.4,24.5,53,53,18,13,20,19,15,16,24),(962,NULL,144,2,'2020-02-14',64.2,67,72,90,83.5,23,23,46,46,7,9,8,9,6,6,10),(963,NULL,132,3,'2020-02-14',84.5,73.5,78.5,97,90,28,27,55,55,9,13,14,14,7,7,14),(964,NULL,429,1,'2020-02-14',111.4,85,96,113,100,32,31,59,59,12,24,19,21,20,16,20),(965,NULL,133,4,'2020-02-14',67.1,66.5,66,90,83,26,26,50,50,10,11,11,11,7,6,16),(966,NULL,430,1,'2020-02-14',62.5,67,70,89,83,24,24,44,44,9,8,8,7,6,5,13),(967,NULL,134,4,'2020-02-14',63.6,67,69,89,78,25,25,50,50,9,10,11,10,7,6,14),(968,NULL,135,4,'2020-02-14',68.7,69,75,87,83,25,25,48,48,9,9,6,10,6,6,10),(969,NULL,431,1,'2020-02-14',70.4,70,74,90,80,25.5,25.5,49,50,10,12,12,12,9,7,13),(970,NULL,147,3,'2020-02-14',62.4,68,71,90,80,23,23,47.5,47.5,11,10,9,11,8,7,13),(971,NULL,141,4,'2020-02-14',70.5,71,75,90,85,27,27,51,51,9,9,11,11,8,6,13),(972,NULL,301,2,'2020-02-14',73.4,72.5,78,95,85,26.5,26.5,49,49,15,13,15,18,14,10,19),(973,NULL,432,1,'2020-02-14',60.6,68,69,85,81,25,24,47,47,10,10,9,9,8,7,13),(974,NULL,433,1,'2020-02-14',57.6,69,71,84,80,23,23,44,44,8,7,6,7,6,6,10),(975,NULL,143,4,'2020-02-14',68.9,69,71,89,89,26,26,52,52,8,9,11,9,6,6,11),(976,NULL,136,4,'2020-02-14',99.3,87,93,107,101,33,33,60,60,15,17,25,24,15,11,15),(977,NULL,434,1,'2020-02-14',81.6,79,84,100,93,29,29,53,53,15,15,17,20,13,11,17),(978,NULL,140,5,'2020-02-14',103.2,91,101,112,101,30,30,58,58,20,21,24,26,19,13,20),(979,NULL,137,4,'2020-02-14',66.2,74.5,75.5,89,89,26,26,49,49,9,9,9,8,6,6,15),(980,NULL,164,3,'2020-02-14',70.8,0,0,0,0,0,0,0,0,17,18,17,16,17,10,20),(981,NULL,38,5,'2020-02-14',69.8,0,0,0,0,0,0,0,0,14,15,20,18,17,11,20),(982,NULL,212,3,'2020-02-14',51.9,0,0,0,0,0,0,0,0,14,9,10,10,7,6,18),(983,NULL,435,1,'2020-02-14',50.5,0,0,0,0,0,0,0,0,12,9,11,15,10,7,19),(984,NULL,436,1,'2020-02-14',40.3,0,0,0,0,0,0,0,0,9,9,9,9,6,6,14),(985,NULL,437,1,'2020-02-14',52.4,0,0,0,0,0,0,0,0,14,11,11,14,10,6,16),(986,NULL,438,1,'2020-02-14',45.4,0,0,0,0,0,0,0,0,11,11,12,14,6,5,16),(987,NULL,439,1,'2020-02-14',40.8,0,0,0,0,0,0,0,0,10,10,14,12,9,6,16),(989,NULL,440,1,'2020-02-14',53.7,0,0,0,0,0,0,0,0,16,10,16,16,14,11,21),(990,NULL,441,1,'2020-02-14',51.7,0,0,0,0,0,0,0,0,15,11,10,12,9,6,15),(991,NULL,442,1,'2020-02-14',52.4,0,0,0,0,0,0,0,0,11,13,17,14,11,9,18),(992,NULL,158,3,'2020-02-14',69.2,0,0,0,0,0,0,0,0,17,12,14,16,14,10,21),(993,NULL,443,1,'2020-02-14',48.7,0,0,0,0,0,0,0,0,12,11,15,15,8,7,19),(994,NULL,444,1,'2020-02-14',59.1,0,0,0,0,0,0,0,0,16,14,19,19,14,11,17),(995,NULL,168,4,'2020-02-14',60.5,0,0,0,0,0,0,0,0,16,16,20,20,14,12,26),(996,NULL,302,2,'2020-02-14',43.5,0,0,0,0,0,0,0,0,10,9,9,11,7,6,14),(997,NULL,211,3,'2020-02-14',58.1,0,0,0,0,0,0,0,0,12,10,11,14,9,6,16),(998,NULL,161,3,'2020-02-14',51.4,0,0,0,0,0,0,0,0,15,9,10,10,9,6,18),(999,NULL,167,3,'2020-02-14',59,0,0,0,0,0,0,0,0,14,12,13,16,10,6,20),(1000,NULL,155,3,'2020-02-14',48.2,0,0,0,0,0,0,0,0,11,10,11,15,10,8,15),(1001,NULL,304,2,'2020-02-14',85.4,0,0,0,0,0,0,0,0,13,20,20,21,21,15,23),(1002,NULL,445,1,'2020-02-14',48.5,0,0,0,0,0,0,0,0,15,12,19,18,11,9,18),(1003,NULL,446,1,'2020-02-14',64,0,0,0,0,0,0,0,0,14,14,19,20,14,9,19),(1004,NULL,447,1,'2020-02-14',56.9,0,0,0,0,0,0,0,0,14,14,15,19,12,9,24),(1005,NULL,448,1,'2020-02-14',52.6,0,0,0,0,0,0,0,0,15,13,13,15,9,6,19),(1006,NULL,163,4,'2020-02-14',75.9,0,0,0,0,0,0,0,0,15,24,20,20,19,16,21),(1007,NULL,449,1,'2020-02-18',62,68,74,96,81,25,25,52,52,16,16,20,24,15,15,24),(1008,NULL,177,6,'2020-02-18',63.5,64,71.5,94,83,28,28,53.5,53.3,16,17,17,21,14,10,19),(1009,NULL,312,2,'2020-02-18',84.5,83,87,111,91,32.5,32.5,60,59,18,27,26,20,21,15,24),(1010,NULL,349,4,'2020-02-18',88.7,96,99,109.5,106,31.5,31.5,58,58,19,27,25,25,23,15,20),(1011,NULL,191,10,'2020-02-18',76.9,78.5,81,95,96,31,31,55,55,4,12,15,20,12,8,16),(1012,NULL,450,1,'2020-02-18',104.5,93,98,113,111,36.5,36.5,57,58,9,29,29,29,18,12,20),(1013,NULL,387,2,'2020-02-18',62,69,72.5,89,85,26,26,49,49,10,10,15,14,9,9,14),(1014,NULL,451,1,'2020-02-18',119.3,96,111,133,103,34,34,70,70,20,29,25,23,27,15,33),(1015,NULL,121,2,'2020-02-18',85.4,98,101,110.5,101.5,28,27,56,55,18,25,25,17,24,20,23),(1016,NULL,44,9,'2020-02-19',68.3,71,77,91,90,29,29,50,50,7,13,9,12,6,9,8),(1017,NULL,17,7,'2020-02-19',102.5,95,109,127,96,34,37,66,68,20,26,27,25,21,18,28),(1018,NULL,5,5,'2020-02-19',93.6,82,87,103,100,32,32,58,58,11,14,18,22,15,12,15),(1019,NULL,452,1,'2020-02-20',69,86,87,88.5,96,28,28,43,43,9,15,14,16,15,13,9),(1020,NULL,362,2,'2020-02-21',55.6,70,73,86,78.5,26.5,26.5,49,49,16,20,13,14,13,10,17),(1021,NULL,453,1,'2020-02-24',76.8,97,100,100,92,34,34,55,58,19,26,25,30,30,20,29),(1022,NULL,28,15,'2020-02-27',71.3,83,89,103,90,27,27,57,57,16,17,19,21,16,10,23),(1023,NULL,260,6,'2020-02-27',105,92,97.5,123,100,32,32,68,68,20,24,25,28,20,18,26),(1024,NULL,368,2,'2020-02-27',122.3,116,115,108,117,35,33,51,51,15,30,26,30,24,21,26),(1025,NULL,299,3,'2020-02-27',59,66,71,95,80.5,24,24,54,54,14,12,12,14,9,9,19),(1026,NULL,454,1,'2020-02-28',70.6,75,81,91,88,27,27,45,45,16,15,15,20,10,14,16),(1027,NULL,405,2,'2020-02-28',63.7,65,72,101,79,25.5,25.5,54,53,18,15,22,19,13,14,24),(1028,NULL,397,2,'2020-02-28',60,76,80,89,88,26,25,47,47,14,20,19,18,20,10,19),(1029,NULL,400,2,'2020-02-28',71.3,86.5,90,104,90,29,29,56,56,22,27,29,22,22,15,26),(1030,NULL,401,2,'2020-02-28',57.9,66,69,97,77,23,23,50,50,15,10,9,14,11,9,19),(1031,NULL,408,2,'2020-02-28',82.5,76,79,111,84,31,32,60,60,21,25,21,25,23,12,24),(1032,NULL,419,2,'2020-02-28',67.3,73,76,95,80,26,26,54,54,19,25,21,20,19,12,24),(1033,NULL,396,2,'2020-02-28',73.5,74,79,107,87,27,27,59,58,19,20,25,28,22,19,29),(1034,NULL,413,2,'2020-02-28',66.2,71.5,78.5,100,82,26,26,54,55,16,21,26,26,16,17,24),(1035,NULL,407,2,'2020-02-28',59.1,65,72,94,76,24,24,49,48,16,13,16,18,10,7,20),(1036,NULL,409,2,'2020-02-28',81.9,84,91,99,92,30,30,59,58,20,25,26,26,26,12,28),(1037,NULL,455,1,'2020-02-28',53.7,64,67,86,77,23,23,48,48,14,19,19,9,11,10,20),(1038,NULL,418,2,'2020-02-28',53.7,64,68,92,74,23,23,49,50,20,12,14,15,9,8,24),(1039,NULL,402,2,'2020-02-28',98.9,94,103,112,101,32,32,58,58,24,25,26,27,24,23,28),(1040,NULL,414,2,'2020-02-28',69.5,73,77,99,86,24,24,50,50,16,16,15,16,10,9,21),(1041,NULL,395,2,'2020-02-28',88.3,89,92,113,98,31,31,60,60,20,30,24,21,20,15,29),(1042,NULL,406,2,'2020-02-28',59.8,67,75,95,81,24,24,50,50,15,14,20,17,13,9,20),(1043,NULL,411,2,'2020-02-28',52.3,60.5,63,90,75,25,25,51,50,17,19,15,19,9,6,16),(1044,NULL,403,2,'2020-02-28',72,76,79,98,91,29,29,56,55,19,24,24,24,20,15,28),(1045,NULL,415,2,'2020-02-28',75.6,79,86,106,92,31,31,59,58,21,24,28,24,26,14,28),(1046,NULL,398,2,'2020-02-28',57.3,69,75,90.5,77,23,23,50,50,19,19,20,22,15,11,21),(1047,NULL,410,2,'2020-02-28',49.7,59,65,90,70,23,22,48,48,20,12,15,11,8,9,21),(1048,NULL,399,2,'2020-02-28',65,74.5,77,96,84,26,26,52,52,19,26,25,25,20,18,24),(1049,NULL,417,2,'2020-02-28',69.2,73,75,97,84,25,25,57,57,15,22,15,19,14,15,23),(1050,NULL,412,2,'2020-02-28',61.1,64,70,96,78,24,24,47,47,21,19,16,17,14,9,19),(1051,NULL,421,2,'2020-02-28',61.5,67,73,96,81,22,22,51,51,15,15,16,16,11,11,18),(1052,NULL,456,1,'2020-03-02',81.3,83,86,98,96,31.5,31.5,54,53,10,14,16,20,20,15,16),(1053,NULL,457,1,'2020-03-03',68.5,70.5,75,91,87,25,25,51,51,11,12,15,18,9,11,15),(1054,NULL,388,2,'2020-03-03',67.9,76,81.5,101,87,25,25,52,52,16,19,18,19,20,14,16),(1055,NULL,140,6,'2020-03-03',102.5,91,101,111,100,30,30,58,58,19,20,24,26,19,12,19),(1056,NULL,131,5,'2020-03-03',72.9,89,99,100,91,28,28,50,50,18,21,22,21,22,18,20),(1057,NULL,286,5,'2020-03-03',64.2,69,73,97,81,26,26,50,50,13,20,16,15,14,14,17),(1058,NULL,458,1,'2020-03-04',81.3,86,90,114,93,33,33,63,63,20,20,20,20,18,15,24),(1059,NULL,369,4,'2020-03-04',76.3,78,89,108,88,30.5,30.5,59,59,19,25,25,20,15,15,27),(1060,NULL,12,3,'2020-03-04',54,67,67,92,76,23.5,23.5,49,49,15,9,10,11,6,11,22),(1061,NULL,427,2,'2020-03-04',71.4,78,83,103,86,28,29,54,53,21,14,19,20,10,7,19),(1062,NULL,198,3,'2020-03-04',96.2,93,97,105,104,34,33,58,58,8,18,19,28,17,15,12),(1063,NULL,341,11,'2020-03-05',75.8,91,96,100,97,28,28,57,57,18,25,20,14,18,12,18),(1064,NULL,40,7,'2020-03-05',75.5,82,91,102,90,28,28,57.5,57.5,17,25,24,27,23,16,23),(1065,NULL,41,3,'2020-03-05',88.6,77,89,100,101,31,30,55,54,9,14,14,19,13,12,16),(1066,NULL,214,7,'2020-03-05',83,89,96,103,96,30,30,56,56,15,28,24,20,23,15,21),(1067,NULL,459,1,'2020-03-05',100.8,103.5,115,122,106.5,38,38,68,68,16,29,27,27,26,19,25),(1068,NULL,82,12,'2020-03-05',60,73.5,82,95,82,27,27,51,51,16,25,22,22,20,13,21),(1069,NULL,383,2,'2020-03-05',105.2,107,117,110,110,31,31,60,60,15,28,30,26,24,24,20),(1070,NULL,19,3,'2020-03-09',83.9,95,96.5,103,99,31.5,31.5,55,56,11,21,27,26,19,17,19),(1071,NULL,315,4,'2020-03-09',90,108,111,116,103,28,28,56,56,19,27,23,24,24,15,24),(1072,NULL,379,2,'2020-03-09',79.7,78,86,108.5,90,31,31,58,58,20,24,19,17,18,12,25),(1073,NULL,460,1,'2020-03-10',69.3,79,82,104.5,91,26.5,26.5,56,56,19,25,23,24,22,21,24),(1074,NULL,461,1,'2020-03-11',60.7,68,74,96,79.5,27,27,54,54,14,9,8,10,8,9,15),(1075,NULL,312,3,'2020-03-12',85.3,84,84,110,91,32,32,57,56,18,25,24,20,21,15,22),(1076,NULL,462,1,'2020-03-12',98.8,96,103,107,107,32,32,45,46,11,20,26,27,20,19,19),(1077,NULL,282,6,'2020-03-12',98.5,87,95,125,96,29.5,29.5,66,66,19,27,18,19,19,12,26),(1078,NULL,424,2,'2020-03-12',66.2,71,73,99,83,27,27,54,54,23,17,19,16,15,11,23),(1079,NULL,463,1,'2020-03-13',107.5,91,105,127,103,35,35,70,70,20,26,25,26,25,20,30),(1080,NULL,464,1,'2020-03-13',76.1,99,100,96,99,26,26,41,42,6,16,16,11,18,18,12),(1081,NULL,373,2,'2020-03-17',63.5,74,79,100,81,26,26,51,51,17,19,11,18,15,12,22),(1082,NULL,345,4,'2020-03-17',66.8,70,74,101,81.5,27.5,27.5,58,58,12,13,10,14,13,6,15),(1083,NULL,372,2,'2020-03-17',84.5,81,94.5,107,97,34,34,64,63.5,30,23,24,32,16,14,25),(1084,NULL,465,1,'2020-03-17',84,81.5,90,113,90,31,31,61,61,18,24,23,22,23,11,23),(1085,NULL,92,7,'2020-03-17',84.5,82,94,105,96,33.5,33.5,62.5,62.5,25,19,18,19,13,8,33),(1086,NULL,93,6,'2020-03-17',76,79,82,96,93,32,32,55,54,6,14,15,12,14,5,8),(1087,NULL,466,1,'2020-03-18',77.8,80,86,108,90,28,28,61,60,16,18,22,16,14,13,21),(1088,NULL,177,7,'2020-03-18',63.8,65,71,96,83,27.5,27.5,53.5,53.5,16,16,17,20,14,10,19),(1089,NULL,467,1,'2019-11-19',78,84,94,96,99,33,33,54,54,18,12,11,14,11,10,23),(1090,NULL,467,2,'2019-12-15',76,82,84,94,98,33,33,54,54,16,12,11,12,12,10,22),(1091,NULL,468,1,'2020-04-06',106.9,100,108,119,110,31.5,31.5,59,60,20,35,30,32,25,19,22),(1092,NULL,469,1,'2020-04-06',73.4,82,88,100,89,27,27,51,51,20,28,25,26,24,15,26),(1093,NULL,426,2,'2020-04-06',78.9,74,76,104,91,28.5,28.5,59,58,13,15,11,13,10,9,21),(1094,NULL,354,4,'2020-04-16',84.2,89.5,92,99,100,32,30,49,49,12,24,16,19,16,13,17),(1095,NULL,391,2,'2020-04-16',57.1,63.5,67.5,99,75,23.5,23.5,51,51,18,15,14,17,10,10,21),(1096,NULL,470,1,'2020-04-20',68,71,76,105,85,27,27,56,57,19,17,19,18,12,14,25),(1097,NULL,110,6,'2020-04-23',58.5,70,76,87,77,24,24,50,50,14,11,19,19,12,13,18),(1098,NULL,465,2,'2020-04-28',86,83,90.5,113,91,31,31,64,64,19,24,20,21,23,10,23),(1099,NULL,140,7,'2020-04-28',103.4,93,102,112,103,32,32,60,60,17,20,21,28,19,18,20),(1100,NULL,471,1,'2020-04-28',87.2,98,102,106,105,31,31,48,48,15,29,26,29,19,19,16),(1101,NULL,215,2,'2020-04-28',54.7,67,77,95,77,23,23,49,49,17,18,27,25,14,16,21),(1102,NULL,296,2,'2020-05-04',104,99,109,108,106,32,31,63,64,14,24,24,21,22,16,20),(1103,NULL,458,2,'2020-05-04',82.7,87.5,89,111,90,32,32,60,60,20,20,19,20,17,10,20),(1104,NULL,472,1,'2020-05-04',56.8,63,68,98,74,26,26,53,54,16,11,16,14,11,9,22),(1105,NULL,426,3,'2020-05-04',76,70.5,72,99,85,27.5,27.5,57.5,57.5,11,12,9,11,9,7,20),(1106,NULL,473,1,'2020-05-05',65.2,70.5,74.5,100,86.5,26.5,26.5,55,55,15,14,20,19,13,12,21),(1108,NULL,191,11,'2020-05-05',75.5,78,80,95,95,30,31,54,54,8,14,16,20,11,9,18),(1109,NULL,474,1,'2020-05-05',65.6,68.5,74,96,84,26,26,53,52,19,14,17,18,10,6,20),(1110,NULL,457,2,'2020-05-07',67,68,73,92,87,25,25,48,48,10,12,13,18,9,8,15),(1111,NULL,44,10,'2020-05-07',68.3,71,76,92,90,29.5,29.5,49,49,6,11,8,12,6,9,8),(1112,NULL,341,12,'2020-05-07',72.6,88,92,98,97,27,27,56,56,18,25,18,13,18,12,19),(1113,NULL,341,13,'2020-05-07',72.6,88,92,98,97,27,27,56,56,18,25,18,13,18,12,19),(1114,NULL,475,1,'2020-05-07',80.1,84,85,100.5,94,29,29,56,54,6,9,9,11,6,5,9),(1115,NULL,424,3,'2020-05-08',66,70.5,73,99,84,27,27,54,54,23,18,18,16,14,12,22),(1116,NULL,136,5,'2020-05-08',104.9,92,100,113,104,33,32,63,63,16,20,29,30,19,15,20),(1117,NULL,476,1,'2020-05-12',95.9,94,109,118,103,35,35,63,62,21,32,26,25,26,16,28),(1118,NULL,214,8,'2020-05-12',84.7,92,97,105,102,31,31,56,56,17,27,22,22,22,14,22),(1119,NULL,477,1,'2020-05-13',106,105,107,116,111,36,35,60,60,26,31,29,29,25,19,25),(1120,NULL,470,2,'2020-05-13',67.2,68,73.5,102,83,27,27,55,56,18,16,14,15,12,14,21),(1121,NULL,478,1,'2020-05-15',105.4,104,114,118,119,36,37,60,60,14,25,20,19,18,11,23),(1122,NULL,479,1,'2020-05-15',79.6,81,94,113,92,28,28,55.5,55.5,15,25,22,23,24,16,23),(1123,NULL,2,3,'2020-05-23',69.3,84,84.5,91,90.5,29,29,51,50,10,19,14,19,11,14,11),(1124,NULL,5,6,'2020-05-27',93.3,82,87.5,104,100,31.5,31.5,59,59,11,15,16,19,12,11,17),(1125,NULL,480,1,'2020-05-27',47.5,65,71,86,76,23,22,45,45,15,16,11,15,9,12,20),(1126,NULL,481,1,'2020-05-27',69.9,72,80,104,86,28.5,28.5,55,55,19,24,13,16,10,6,22),(1127,NULL,471,2,'2020-05-28',85.3,98,100,102,104,31,31,48,48,14,25,24,27,19,18,16),(1128,NULL,140,8,'2020-05-28',102.5,93,102,112,101,31,31,60,60,15,20,21,26,18,16,19),(1129,NULL,229,7,'2020-05-28',68.7,75,84,101,87,27,27,54,54,18,18,20,24,18,12,24),(1130,NULL,286,6,'2020-05-28',66.4,73,78,103,84,26,26,53,53,15,24,16,16,15,14,19),(1131,NULL,180,12,'2020-05-28',88.9,88,97,111,106,31,31,56,56,15,17,20,24,14,12,19),(1132,NULL,482,1,'2020-05-28',91.9,92,100,104,107,32,33,58,59,14,23,25,30,19,19,15),(1133,NULL,483,1,'2020-05-29',120.3,108,125.5,127,105,30,30,64,64,24,29,25,24,23,14,29),(1134,NULL,296,3,'2020-06-01',96,93,102,107,102.5,31,30,62,61,14,24,24,20,18,16,17),(1135,NULL,465,3,'2020-06-01',87.7,85,91,116,92.5,32,32,64,64,21,27,20,24,24,14,24),(1136,NULL,457,3,'2020-06-01',67.3,68,73.5,92,89,26,26,49,49,10,12,10,15,8,8,15),(1137,NULL,388,3,'2020-06-01',70.8,78,85,105,90,26,26,54,54,16,18,22,20,19,14,19),(1138,NULL,484,1,'2020-06-01',75.9,85,91.5,104,94,28,28,61,61,19,26,26,24,19,14,24),(1139,NULL,485,1,'2020-06-04',73.1,76,78.5,95,89,29,29,49,48,5,10,7,14,9,9,9),(1140,NULL,473,2,'2020-06-04',62.1,68,70,97,86,25,25,53,53,14,13,18,18,10,12,21),(1141,NULL,486,1,'2020-06-04',62.7,70,78,86,85,27,27,42,41,10,14,12,24,10,10,14),(1142,NULL,177,8,'2020-06-08',63.4,65,74,97,83,28,28,54,54,16,16,17,22,14,10,20),(1143,NULL,487,1,'2020-06-08',62,67.5,74,98,79.5,26.5,26.5,55,55,17,14,14,14,13,9,22),(1144,NULL,458,3,'2020-06-10',83.4,88,89,110,88,31,31,62,62,19,19,19,20,18,11,20),(1145,NULL,477,2,'2020-06-10',107.3,105,106,116,111,36,35,60,60,25,31,27,29,22,19,25),(1146,NULL,470,3,'2020-06-10',68.3,67,73,102.5,83,27,27,55,56,18,15,11,15,11,14,18),(1147,NULL,136,6,'2020-06-10',108.4,94,99,118,106,33,33,63,63,16,20,29,30,19,15,21),(1148,NULL,474,2,'2020-06-10',67.3,68,74,100,85,25,25,55,54,15,15,16,15,10,6,19),(1149,NULL,488,1,'2020-06-10',68.9,78,81,101,84,26,26,55,54,19,19,13,16,14,9,21),(1150,NULL,489,1,'2020-06-10',117.3,111,125,120,116,36.5,36.5,57,57,20,34,30,30,35,20,24),(1151,NULL,386,2,'2020-06-15',49.9,68,70.5,84,74,22,22,41,41,11,13,9,11,8,9,15),(1152,NULL,490,1,'2020-06-15',69.3,67,72,98,84,26,26,54,54,14,12,14,11,9,6,20),(1153,NULL,491,1,'2020-06-15',45.6,60,64,81,74,19,19,42,42,6,6,9,10,5,6,16),(1154,NULL,492,1,'2020-06-15',85.5,88,95,110,96,29,29,59,60,23,29,23,20,22,19,28),(1155,NULL,178,6,'2020-06-17',83.9,94,97,117,99,28,28,56,56,20,30,19,24,22,21,25),(1156,NULL,44,11,'2020-06-18',68.5,73,76,90,90,30,30,49,49,6,13,9,13,6,8,8),(1157,NULL,252,2,'2020-06-18',67.2,74,85,100,84.5,27.5,27.5,53,54,16,26,25,31,24,17,21),(1158,NULL,214,9,'2020-06-18',83.9,92,97,105,96,30,30,57,57,16,26,22,23,21,15,22),(1159,NULL,341,14,'2020-06-18',73.2,88,93,99,98,27,27,56,56,16,25,17,13,18,12,20),(1160,NULL,493,1,'2020-06-18',110.4,98,102,110,109,38,38,56,56,9,20,25,20,19,18,19),(1161,NULL,494,1,'2020-06-18',77,93,97,108,98.5,30,31,57,58,18,28,22,25,26,22,28),(1162,NULL,140,9,'2020-06-23',101.9,93,102,112,102,30,30,60,60,16,20,24,27,18,15,19),(1163,NULL,495,1,'2020-06-23',53.3,67.5,71,93,80.5,25.5,25.5,47,48,14,16,18,18,17,16,20),(1164,NULL,201,5,'2020-06-24',63,69,76,96,85,27,27,53,53,18,18,16,15,12,14,24),(1165,NULL,496,1,'2020-06-25',84.6,81,86,113.5,91,30,29,64,63,19,28,25,21,23,21,25),(1166,NULL,468,2,'2020-06-25',96,91,98,110,103,28.5,28.5,58,58,15,27,25,29,21,19,19),(1167,NULL,362,3,'2020-06-25',55,70,73,86,79,26,26,48,48,16,19,12,14,15,14,17),(1168,NULL,123,6,'2020-07-02',83.4,84,92,109,96,31,31,63,63,19,25,21,24,21,14,22),(1169,NULL,497,1,'2020-07-02',74.5,83,85,98,95.5,26.5,26.5,52,51,9,14,19,22,12,9,15),(1170,NULL,471,3,'2020-07-08',84.4,94,99,102,101,30,30,47,47,13,24,24,26,19,18,16),(1171,NULL,498,1,'2020-07-08',72.9,76,82.5,100,89,28,28,55,55,14,14,14,13,10,9,16),(1172,NULL,499,1,'2020-07-13',73.6,74,83,100,86,28,27.5,57,56,15,14,18,16,15,11,25),(1173,NULL,16,4,'2020-07-27',74.5,80,82,98,93.5,30,29.5,52,51,9,14,18,21,14,10,14),(1174,NULL,494,2,'2020-07-14',73.7,88,90,106,95,29,29,54,54,18,28,22,24,26,22,28),(1175,NULL,473,3,'2020-07-14',61.6,67.5,70,96,84,25,25,52,52,14,12,17,16,9,12,21),(1176,NULL,500,1,'2020-07-14',62.2,68,79,96,79,26,26,50,50,19,11,16,19,12,10,24),(1177,NULL,501,1,'2020-07-14',87.2,87,90,101,102,32,32,52,52,13,19,21,23,21,18,19),(1178,NULL,503,1,'2020-07-14',93,86,92,122.5,93,30,30,64,63,15,26,20,21,24,18,29),(1179,NULL,504,1,'2020-07-15',114.5,117,130,127,115.5,35,35,57,58,20,29,30,29,29,27,20),(1180,NULL,487,2,'2020-07-16',61.7,66,71,97,78,26,26,53,53,16,11,14,13,9,9,20),(1181,NULL,260,7,'2020-07-16',106.2,93,104,126,103,32.5,32.5,67,67,20,24,25,29,22,18,28),(1182,NULL,505,1,'2020-07-21',65.4,75.5,79,98,93.5,28,27,54,54,18,19,25,28,24,18,24),(1183,NULL,506,1,'2020-07-21',75.5,84,91,105,91.5,29,28,54,53,24,26,28,28,28,21,28),(1184,NULL,140,10,'2020-07-21',92.5,83,93,106,97,30,30,58,58,14,18,23,26,15,14,18),(1186,NULL,507,1,'2020-07-21',86.3,100,115,102,103,33,32,52,53,21,24,29,32,26,18,24),(1187,NULL,24,5,'2020-07-23',92.6,99,101,103,103,31,31,49,49,15,24,20,28,22,19,17),(1188,NULL,136,7,'2020-07-23',107.9,93,100,106,105,32,32,63,63,19,21,29,31,19,17,24),(1189,NULL,308,5,'2020-07-23',112,112,122,121,111,36,37,64,64,22,33,29,29,29,22,30),(1190,NULL,191,12,'2020-07-23',76.9,78,79,94,97,30,30,55,55,5,14,12,15,9,9,14),(1191,NULL,474,3,'2020-07-23',67.7,68.5,74.5,100.5,85,26,26,55,54,15,14,18,15,10,7,19),(1192,NULL,214,10,'2020-07-23',81.4,88,96,103,95,29.5,29.5,58,58,16,26,23,22,21,17,21),(1193,NULL,495,2,'2020-07-23',53.1,66,70,91,80.5,25,25,46,46,14,14,17,17,16,14,17),(1194,NULL,508,1,'2020-07-27',73.3,77,81,110,87,30,30,63,63,18,19,19,19,18,19,22),(1195,NULL,496,2,'2020-07-28',82.5,80,86,113,89.5,29,29,63,62,19,28,23,21,22,21,25),(1196,NULL,468,3,'2020-07-28',90.9,87,95,108,100,28,28,54,54,15,27,22,25,19,19,19),(1197,NULL,509,1,'2020-07-28',83.5,95.5,97,104.5,101,30,30,49,49,17,29,26,31,26,26,21),(1198,NULL,44,12,'2020-07-30',69,71.5,75,91,91,30,3,48,48,6,12,9,11,6,7,9),(1199,NULL,341,15,'2020-07-30',73.4,90,92,98,98,28,28,56,56,14,24,15,12,16,11,19),(1200,NULL,29,4,'2020-07-30',71.5,78.5,88.5,103,90,29,29,56,56,18,24,26,25,25,19,27),(1201,NULL,510,1,'2020-07-30',65.4,75.5,79,101,82.5,28,27.5,56,55,19,18,25,24,20,14,26),(1202,NULL,511,1,'2020-07-30',95.5,102,101,103,109,32,32,54,54,8,19,23,25,21,16,17),(1203,NULL,512,1,'2020-08-03',50.9,62.5,69,87,78,25,24,49,48,16,13,10,19,9,7,24),(1204,NULL,312,4,'2020-08-04',82.9,84,94,110,94,33,33,59,59,18,25,22,20,24,19,25),(1205,NULL,313,4,'2020-08-04',82.2,88,96,108,99,30,29,61,61,21,29,23,29,25,21,26),(1206,NULL,479,2,'2020-08-04',82.5,82,94,114,92,28,28,54,54,16,25,24,24,23,15,25),(1207,NULL,160,3,'2020-08-04',82.7,72.5,78,108,85,27,27,57,57,18,16,16,16,10,9,21),(1208,NULL,513,1,'2020-08-04',100.4,96,104,116,101,31.5,31.5,65,64,15,25,29,29,29,18,30),(1209,NULL,482,2,'2020-08-04',93.4,93,99.5,105,107,32,32,59,59,15,21,23,29,19,19,15),(1210,NULL,514,1,'2020-08-10',84,87,91,117,95.5,32,31,66,66,22,21,21,19,20,11,25),(1211,NULL,515,1,'2020-08-10',71.2,93.5,93.5,92,88.5,26,26,44,44,14,19,17,21,22,14,16),(1212,NULL,516,1,'2020-08-10',84.3,84,93.5,117,94,32,32,63,63,20,22,25,26,26,19,28),(1213,NULL,517,1,'2020-08-10',68.1,77.5,82.5,94,92,30,30,47,47,11,21,15,20,11,14,17),(1214,NULL,518,1,'2020-08-10',78.4,75,79,99,93.5,31,31,55,55,10,10,9,9,6,6,18),(1215,NULL,494,3,'2020-08-11',73.7,86,89,106,95,29,29,53,53,16,28,22,24,25,22,25),(1216,NULL,473,4,'2020-08-11',63.5,69.5,72.5,95,85,25,25,51,51,14,11,16,16,10,11,19),(1217,NULL,519,1,'2020-08-11',56.8,69,72,93,81,26,26,52.5,52.5,19,16,14,15,13,14,19),(1218,NULL,488,2,'2020-08-11',69.3,79,82,102,84.5,27,27,55,54,18,21,17,16,15,11,21),(1219,NULL,5,7,'2020-08-11',92.1,82,86.5,104,100,33,33,59,59,11,15,16,20,12,10,19),(1220,NULL,487,3,'2020-08-12',60,66,71,95,78,26,26,53,53,16,11,13,12,9,9,20),(1221,NULL,508,2,'2020-08-12',71.3,76,81,110,87,30,30,61,61,16,19,17,20,18,17,21),(1222,NULL,243,5,'2020-08-12',64,68.5,73,97,83,25,25,57,57,13,13,12,10,14,8,19),(1223,NULL,178,7,'2020-08-12',86.4,97,100,120,100,29,29,59,59,19,30,21,25,23,20,26),(1224,NULL,260,8,'2020-08-13',103.4,91,101,124,101,32,32,65.5,65.5,19,24,24,25,22,18,26),(1225,NULL,520,1,'2020-08-14',67.8,75,83,98,84.5,28,28,57,56,20,21,26,30,20,12,29),(1226,NULL,506,2,'2020-08-14',75.6,84,95,105,91.5,29,29,54,53,20,26,27,27,27,20,28),(1227,NULL,24,6,'2020-08-14',89.6,97,99,101,103,30,30,49,49,15,24,17,26,22,19,17),(1228,NULL,501,2,'2020-08-14',84.1,85,87,97,99,30,30,51,51,11,18,19,23,21,18,19),(1229,NULL,521,1,'2020-08-14',95.6,85,103,117,98,31,31,62,62,20,29,30,30,23,18,28),(1230,NULL,280,2,'2020-08-14',109.1,102,113,112,110,32,32,65,64,20,29,34,29,29,24,35),(1231,NULL,286,7,'2020-08-14',65.9,72.5,75.5,101,86,26,26,54,54,14,21,16,16,15,14,20),(1232,NULL,522,1,'2020-08-17',93.8,90.5,93,106,104,35,34,60,60,10,14,19,23,11,12,24),(1233,NULL,523,1,'2020-08-17',73,74,80,111,86.5,28,28,58,56,20,20,16,20,14,16,27),(1234,NULL,524,1,'2020-08-18',108.3,105,124,134,103,30,30,66,65,19,31,34,37,32,20,35),(1235,NULL,471,4,'2020-08-18',83.9,94,98,102,103,29,29,47,47,13,24,24,26,18,16,16),(1236,NULL,136,8,'2020-08-18',106.5,92.5,98,115,104,32,32,64,64,18,21,29,28,19,15,24),(1237,NULL,503,2,'2020-08-18',93.2,85,90,121.5,93,30,30,63,63,15,26,20,20,24,17,27),(1238,NULL,480,2,'2020-08-19',47.2,65,70,87,78,23,23,46,46,15,15,11,14,9,11,19),(1239,NULL,525,1,'2020-08-26',89.2,87,89,103,108.5,32.5,32.5,55,56,9,19,11,15,14,9,10),(1240,NULL,526,1,'2020-08-26',57.4,66,72,100,82,25.5,26.5,54,54,19,18,16,18,13,13,22),(1241,NULL,527,1,'2020-08-26',92.1,92.5,103,114,99,31,31,54,54,18,25,24,30,21,20,18),(1242,NULL,468,4,'2020-08-26',86.2,85.5,94,106,96.5,28,28,53,53,14,24,18,25,19,19,19),(1243,NULL,507,2,'2020-08-26',84.3,97.5,113,102,103,31,30,52,52,18,24,25,28,26,16,22),(1244,NULL,16,5,'2020-08-27',76.2,80,80,94,96,31,31,55,53,7,14,14,19,11,9,11),(1245,NULL,140,11,'2020-08-28',93.8,83,93,106,99,30,30,59,59,13,16,19,23,14,13,18),(1246,NULL,6,10,'2020-08-28',64.4,74,78,92,90,26,26,49,49,9,12,10,22,7,10,11),(1247,NULL,197,9,'2020-08-28',90.8,83.5,94.5,111,98,32,32,62,62,22,26,22,21,21,14,22),(1248,NULL,528,1,'2020-08-28',66.1,75,78,100,84,27,26,55,56,15,16,11,18,12,10,20),(1249,NULL,505,2,'2020-08-28',63.2,75,77,95,91,28,27,54,54,16,17,21,22,16,13,21),(1250,NULL,288,3,'2020-09-01',73.3,78,80,94,99,28.5,28.5,51.5,51.5,6,14,12,14,11,10,10),(1251,NULL,529,1,'2020-09-01',43.2,62.5,64.5,61,73,19,19,44,44,8,11,11,11,9,9,14),(1252,NULL,107,5,'2020-09-01',58.5,67,72.5,94,80,25,25,50,50,16,18,14,14,11,11,18),(1253,NULL,108,3,'2020-09-01',81.2,79,87,104,95,30,30,56,55,14,15,18,24,12,10,24),(1254,NULL,530,1,'2020-09-01',87.5,92,96,106,102,31,31,52,52,11,25,30,29,21,14,18),(1255,NULL,312,5,'2020-09-01',80.8,83,84,105,93,30,30,59,59,17,25,21,19,22,15,20),(1256,NULL,313,5,'2020-09-01',81,85,93,106,96,29,29,60,60,19,26,22,26,24,18,23),(1257,NULL,531,1,'2020-09-02',59.4,74,84.5,97,83.5,25,25,52,52,17,14,22,21,16,15,26),(1258,NULL,476,2,'2020-09-02',95.7,95,107.5,117,102,33,33,63,62,21,30,22,25,26,16,28),(1259,NULL,532,1,'2020-09-03',57.2,73.5,77,88,82.5,27,27,45,45,14,14,19,20,9,9,18),(1260,NULL,512,2,'2020-09-03',50.9,62.5,64.5,87,78,25,25,49,49,15,13,9,15,9,7,19),(1261,NULL,514,2,'2020-09-03',83.2,84,90,115,95,32,31,65,65,20,20,18,17,18,11,25),(1262,NULL,496,3,'2020-09-03',83.5,80,86,114,89,28,28,62,61,19,28,23,21,21,20,25),(1263,NULL,533,1,'2020-09-07',96.4,88.5,90,109,114.5,32.5,33.5,57,56,8,20,22,26,19,14,13),(1264,NULL,534,1,'2020-09-07',69.5,77.5,77,95,88,28,28,53,52,10,10,11,18,9,10,16),(1265,NULL,517,2,'2020-09-08',68.2,77,82,94,91,29.5,29.5,47,47,10,19,15,20,9,12,17),(1266,NULL,521,2,'2020-09-11',90.9,82,98,114,94,30.5,30.5,61,61,16,25,25,29,18,17,26),(1267,NULL,280,3,'2020-09-11',104.4,99,110,109,105,32,32,63,62,17,29,29,28,22,19,28),(1268,NULL,520,2,'2020-09-14',67.2,74,81,98,84,28,28,58,57,19,19,26,26,20,12,26),(1269,NULL,220,5,'2020-09-14',85,99,99,102,97,28,28,54,54,16,20,23,26,18,20,16),(1270,NULL,518,2,'2020-09-14',80,74,78,99,92,31,31,55,55,10,10,9,9,6,6,17),(1271,NULL,515,2,'2020-09-14',69.4,93,90,92,91,26,26,42,42,14,19,15,21,18,14,15),(1272,NULL,522,2,'2020-09-14',91.1,88.5,89,105,102.5,33,32,59,59,9,14,19,22,11,11,19),(1273,NULL,474,4,'2020-09-15',70.4,70,75,100,87,27,27,58,58,15,14,15,15,10,9,17),(1274,NULL,191,13,'2020-09-15',76.3,78.5,78.5,91.5,97,30.5,30.5,54,54,4,14,13,14,9,8,14),(1275,NULL,473,5,'2020-09-15',63.9,70,72.5,98,88,26,26,54,54,14,11,16,17,10,10,16),(1276,NULL,535,1,'2020-09-16',67.1,73,79,102,88,28,29,54,54,16,20,18,22,16,15,20),(1277,NULL,226,3,'2020-09-16',96.7,100,120,120,103.5,36,36,56,56,22,26,31,30,30,23,24),(1278,NULL,180,13,'2020-09-16',91.6,89,99,112,105,30,30,58,58,14,19,22,24,18,13,19),(1279,NULL,508,3,'2020-09-16',70.4,75,81,109,86,29,29,61,61,16,19,17,19,18,15,21),(1280,NULL,482,3,'2020-09-17',93.2,91,100,105,107,32,32,58,58,13,20,23,28,17,19,15),(1281,NULL,341,16,'2020-09-17',74.1,91,93,99,100,28,28,56,56,15,24,16,13,16,14,21),(1282,NULL,214,11,'2020-09-17',79.6,88,94,101,95,28,28,57,57,16,25,22,21,21,17,21),(1283,NULL,498,2,'2020-09-17',68.7,73,77,97,89,27,27,54,54,14,12,11,11,9,9,16),(1284,NULL,519,2,'2020-09-17',57.1,68,68.5,92,81,26,26,52,52,15,13,12,15,13,12,16),(1285,NULL,536,1,'2020-09-17',67.3,78,81.5,99,92,32,32,56,55,20,21,23,26,21,16,26),(1286,NULL,537,1,'2020-09-17',104.4,110,120,108,110,32,31,46,46,15,30,30,35,30,30,20),(1287,NULL,539,1,'2020-09-21',69.3,70,82.5,103,90.5,27,27,53,53,19,16,16,24,11,13,22),(1288,NULL,540,1,'2020-09-21',61.9,67,72,94,88,27,27,51.5,52.5,20,16,14,14,13,9,18),(1289,NULL,541,1,'2020-09-23',69.7,83,84,95,89,29,28,54,54,24,26,29,26,24,19,29),(1290,NULL,542,1,'2020-09-23',74.1,85,90,105,97,29.5,29.5,57,56,20,26,20,20,19,15,26),(1291,NULL,543,1,'2020-09-24',74.1,0,0,0,0,0,0,0,0,0,0,0,0,0,0,0),(1292,NULL,544,1,'2020-09-24',112.7,105,116,115,110,36,35,62,61,20,35,32,36,25,21,33),(1293,NULL,471,5,'2020-09-24',84.2,96,101,103,103,30,30,47,47,15,24,22,26,19,16,16),(1294,NULL,201,6,'2020-09-25',62.4,69,71,92,83,26.5,26.5,50,50,15,16,13,14,11,13,22),(1295,NULL,545,1,'2020-09-27',70.4,74,80,106,85,27,27,56,56,16,19,22,25,12,12,21),(1296,NULL,546,1,'2020-09-27',68.5,71,78.5,94,82,27.5,27.5,55,55,16,16,15,11,14,11,19),(1297,NULL,547,1,'2020-09-27',72,75,85.5,98,83,28,28,56,56,19,23,22,25,19,14,23),(1298,NULL,548,1,'2020-09-27',78.4,75.5,85,108.5,91.5,30,30,58,58.5,20,18,25,28,18,20,19),(1299,NULL,549,1,'2020-09-27',66.3,71,71.5,97.5,85.5,25.5,26,55,55.5,11,10,9,11,8,8,19),(1300,NULL,550,1,'2020-09-27',79,80.5,86,107,89.5,32,31.5,59,60,18,20,24,19,19,17,25),(1301,NULL,551,1,'2020-09-27',62.3,69.5,78,92.5,84,27,26,50,50,16,11,19,20,11,14,20),(1302,NULL,552,1,'2020-09-27',53.5,59.5,68.5,89,81,24,24,49,49,14,14,14,18,9,7,19),(1303,NULL,553,1,'2020-09-27',74.5,78,81,55,90,29,29,57,57,14,16,14,14,9,9,12),(1304,NULL,554,1,'2020-09-27',61.4,73,77,99,85,26,25.5,50.5,50.5,16,19,24,16,16,13,19),(1305,NULL,555,1,'2020-09-27',81.9,80,92.5,113,90.5,32,32,60,60,20,25,31,30,26,21,29),(1306,NULL,556,1,'2020-09-27',63.4,69,80,97.5,80,27,27,55,54.5,19,11,24,24,9,14,25),(1307,NULL,557,1,'2020-09-27',59.4,69,75,92,84,27,27,52,51,8,7,5,7,4,5,15),(1308,NULL,558,1,'2020-09-27',79,77,82,112,88,33,32.5,64,63,15,20,20,25,17,10,35),(1309,NULL,559,1,'2020-09-27',65.7,74,79,97,88,27,27,53,54,10,15,19,19,9,5,20),(1310,NULL,560,1,'2020-09-27',59.7,70,77,98,86,27,27,50,51,12,10,13,15,7,4,20),(1311,NULL,561,1,'2020-09-27',56.4,71,74,92,85,25,25,47,47,10,10,23,19,10,3,28),(1312,NULL,562,1,'2020-09-27',63.9,75,79,95,90,29,28,54,53,13,16,25,18,10,9,30),(1313,NULL,488,3,'2020-09-28',70.2,78,80,101,83,26,26,55,54,18,21,16,14,15,11,21),(1314,NULL,503,3,'2020-09-28',93.9,85,92,120,93,30,30,63,63,15,22,20,19,24,14,23),(1315,NULL,494,4,'2020-09-29',72.2,84,89,104,92,28,28,53,53,16,28,22,22,23,22,22),(1316,NULL,229,8,'2020-09-29',70,76,86,99,88,28,28,54,54,18,20,25,26,17,12,24),(1317,NULL,29,5,'2020-09-29',71.8,77.5,86,102,86,28,28,56,56,18,23,22,22,23,19,25),(1318,NULL,40,8,'2020-09-29',74.7,81,87,102,90,27.5,27.5,56.5,56.5,16,24,23,26,21,16,22),(1319,NULL,510,2,'2020-09-29',65.5,75,76,98,83,28,28,55,55,19,18,24,23,18,15,25),(1320,NULL,529,2,'2020-09-29',44.5,62,62.5,80,73,20,20,44,44,8,10,11,11,9,9,14),(1321,NULL,480,3,'2020-09-29',47.1,64,73,87,78,23,23,46,46,13,14,9,13,9,10,18),(1322,NULL,563,1,'2020-09-29',121,110,120,122,117,36,35,54,54,20,29,35,35,25,19,25),(1323,NULL,564,1,'2020-09-29',75.3,84,97,106.5,95,29,29,52,52,21,20,25,25,21,19,24),(1324,NULL,565,1,'2020-09-29',82.8,82.5,83,110,97,30,29,64,65,16,19,18,21,23,12,29),(1325,NULL,566,1,'2020-09-30',71.3,74.5,80.5,110,84,29,29,61,62,15,19,15,13,19,9,24),(1326,NULL,527,2,'2020-10-02',89.6,88.5,97,109,99,30.5,30.5,53,53,18,21,21,29,21,18,18),(1327,NULL,567,1,'2020-10-02',92.4,86,94,112,102,35,35,62,61,19,25,24,25,22,15,29),(1328,NULL,568,1,'2020-10-05',77.3,79,85,110,90,30,29,60,60,20,24,28,23,23,20,24),(1329,NULL,128,8,'2020-10-06',103.5,99,103,107.5,112.5,37,37,61,61,12,24,24,24,23,17,17),(1330,NULL,476,3,'2020-10-06',95.1,94,107.5,116,102,33,33,62,61,20,29,22,25,25,16,28),(1331,NULL,176,4,'2020-10-06',59.1,65,74,94,83,24,24,46,46,16,11,16,21,10,10,21),(1332,NULL,140,12,'2020-10-06',93.8,83,93,107,100,30,30,57,57,11,16,19,22,12,10,16),(1333,NULL,530,2,'2020-10-06',82.8,87.5,91,99,101,31,31,53,53,11,21,22,26,17,12,16),(1334,NULL,312,6,'2020-10-06',79.4,81,82.5,104,93,30.5,30.5,60,60,15,24,19,19,19,13,20),(1335,NULL,313,6,'2020-10-06',79.5,84,88,104,95,29,29,59,59,16,26,19,24,23,17,23),(1336,NULL,569,1,'2020-10-06',91.3,90,111,118,99,33.5,33.5,64,64,18,25,31,31,33,21,29),(1337,NULL,570,1,'2020-10-08',79,81.5,88.5,96,93,32,33,56,56,9,14,19,25,10,9,16),(1338,NULL,571,1,'2020-10-08',93.2,81.5,85,104,94.5,31.5,31.5,64,64,11,14,16,21,9,11,15),(1339,NULL,572,1,'2020-10-08',111.7,91.5,98,114.5,103.5,36,35,64,64,15,14,20,30,11,9,26),(1340,NULL,573,1,'2020-10-08',60,79,82,96,86,24,25,51,51,18,23,22,27,24,18,21),(1341,NULL,574,1,'2020-10-08',68.1,78.5,85,100,89,27,27,56,55,19,24,23,24,22,18,26),(1342,NULL,499,2,'2020-10-08',73.4,73,82,100,85,28,28,57,56,15,14,17,16,13,11,23),(1343,NULL,575,1,'2020-10-08',98,95,99,107,104,31,30.5,49,49,14,21,24,25,18,19,15),(1344,NULL,576,1,'2020-10-08',59,63,66,92,83,25,25,53,53,15,10,6,11,8,5,16),(1345,NULL,521,3,'2020-10-09',89.2,82,94,113.5,94,30,30,60,60,15,24,22,26,18,15,24),(1346,NULL,280,4,'2020-10-09',101.3,96,106,106,105,31,31,62,61,15,28,27,26,20,18,27),(1347,NULL,578,1,'2020-10-09',60.4,66,75,94,80,22,22,49,48,18,11,10,12,9,9,19),(1348,NULL,501,3,'2020-10-09',84.5,85,88,97,99.5,31,31,52,52,11,16,20,29,21,19,18),(1349,NULL,579,1,'2020-10-15',61.5,69,70,95,86,25,25,49.5,49.5,9,10,8,9,7,6,14),(1350,NULL,580,1,'2020-10-15',58.6,73.5,77,92,86,26,26,48,48,11,24,19,18,19,11,19),(1351,NULL,518,3,'2020-10-15',82.4,77,80,99,94,32,32,56,56,10,9,9,9,6,6,16),(1352,NULL,507,3,'2020-10-15',84.9,97,113,101,104,30,30,52,52,18,24,24,28,25,16,22),(1353,NULL,581,1,'2020-10-15',125.3,112,121,123,112,34,35,55,55,14,30,25,30,23,19,19),(1354,NULL,577,1,'2020-10-16',97.9,99,109,120,107,34,34,59,59,25,21,29,30,29,22,28),(1355,NULL,582,1,'2020-10-17',88.8,92,94.5,103,106,36,36,57,58,13,27,21,29,19,16,16),(1356,NULL,583,1,'2020-10-17',56.3,67,75,93,84,26,26,50,49,16,24,14,19,14,9,19),(1357,NULL,286,8,'2020-10-20',64.6,72.5,74,99,83,26,26,53,53,14,19,15,15,13,12,17),(1358,NULL,215,3,'2020-10-20',56.9,69,76,98,80,23.5,23.5,49,49,14,18,20,22,16,16,24),(1359,NULL,584,1,'2020-10-20',51.1,70,74,87,78,25,25,50,50,14,16,25,25,19,14,26),(1360,NULL,585,1,'2020-10-20',69,74,77,102,92,29,29,56,55,21,18,15,21,16,14,26),(1361,NULL,424,4,'2020-10-20',68.4,77,79,101,87,27,27,57,56,20,18,20,18,14,16,24),(1362,NULL,131,6,'2020-10-20',73.3,93,99,102,91,29,29,52,52,16,27,24,23,24,16,23),(1363,NULL,90,5,'2020-10-21',57.9,72,77.5,93,83,26,26,52,52,14,23,18,20,16,14,20),(1364,NULL,220,6,'2020-10-22',81.3,94,96,100,97,28,28,51,51,11,18,23,24,16,18,16),(1367,NULL,586,1,'2020-10-22',79,80,89,104,87,31,31,60,61,19,22,26,22,15,11,21),(1368,NULL,515,3,'2020-10-22',67.5,89,90,93,89,25,25,42,42,14,18,15,21,18,14,15),(1369,NULL,214,12,'2020-10-27',78.6,86.5,93,99,94.5,28,28,56,56,16,24,20,21,21,15,21),(1370,NULL,152,9,'2020-10-27',82.7,93,96.5,103,96,30,30,56,56,15,26,25,26,24,14,21),(1371,NULL,536,2,'2020-10-27',65.7,78,80.5,97,90,31,31,54,54,20,21,23,25,20,16,24),(1372,NULL,537,2,'2020-10-27',104.1,110,120,107,110,31,30,46,46,15,32,29,33,30,26,20),(1373,NULL,587,1,'2020-10-27',72.6,77.5,82,100,90,29,29,57,57,16,21,19,20,15,13,19),(1374,NULL,476,4,'2020-10-27',95.5,94,106,116,102,32.5,32.5,62,61,20,26,22,24,25,16,28),(1375,NULL,388,4,'2020-10-27',71.6,78,86,105,90,26,26,54,54,16,20,24,23,19,13,21),(1376,NULL,519,3,'2020-10-27',57.9,68,70,93,82,26.5,26.5,53,53,14,13,15,17,14,13,17),(1377,NULL,522,3,'2020-10-28',88.8,88,87,104,102,33,32,57,57,9,12,15,19,11,10,19),(1378,NULL,341,17,'2020-10-29',73.7,91,94,98.5,100,28,28,56,56,14,24,16,13,16,13,18),(1379,NULL,544,2,'2020-10-29',114.2,106,116,116,111,36,35,63,62,21,35,30,30,23,21,26),(1380,NULL,201,7,'2020-10-29',60.5,70,72.5,93,83,26,26,51,51,16,16,18,16,13,14,24),(1381,NULL,588,1,'2020-10-30',90.7,91,105,122,100,37,36,64,64,24,25,39,30,32,19,33),(1382,NULL,589,1,'2020-10-30',61.6,69,76,98,80,28,28,56,56,18,19,19,16,15,11,21),(1383,NULL,590,1,'2020-10-30',67.3,0,0,0,0,0,0,0,0,0,0,0,0,0,0,0),(1384,NULL,567,2,'2020-10-30',90,84.5,90,111,99,33,33,62,61,18,21,20,21,21,15,24),(1385,NULL,482,4,'2020-11-05',93.9,92,101,106,107,32,32,58,58,13,23,22,29,18,20,16),(1386,NULL,44,13,'2020-11-05',69.2,74,77,94,91,29,29,50,50,6,13,8,12,6,6,9),(1387,NULL,85,2,'2020-11-05',109,105,113,117,109,32.5,33.5,63,62,16,24,30,30,29,24,23),(1388,NULL,140,13,'2020-11-05',94.3,86,95,108,99,30,30,58,58,10,16,19,23,12,10,15),(1389,NULL,140,13,'2020-11-05',94.3,86,95,108,99,30,30,58,58,10,16,19,23,12,10,15),(1390,NULL,140,13,'2020-11-05',94.3,86,95,108,99,30,30,58,58,10,16,19,23,12,10,15),(1391,NULL,471,6,'2020-11-05',84.9,96,100,103,101,31,31,47,47,14,24,24,26,19,16,15),(1392,NULL,591,1,'2020-11-09',111.9,102,109,119,115,37,37,59,59,10,18,21,21,18,11,13),(1393,NULL,592,1,'2020-11-09',77.7,80,89,101,95,31.5,31.5,45,45,8,14,19,21,11,9,16),(1394,NULL,542,2,'2020-11-09',71.4,82,87.5,103.5,93,30,30,58,58,18,21,14,16,16,14,24),(1395,NULL,593,1,'2020-11-10',83.7,86,90,104,94,31,31,47,47,11,18,25,28,19,14,18),(1396,NULL,594,1,'2020-11-10',114,95,115,127,106,33,33,69,69,21,34,35,27,33,19,34),(1397,NULL,531,2,'2020-11-10',58.9,74,79,95.5,81,25,25,53,53,16,11,20,21,12,15,24),(1398,NULL,24,7,'2020-11-10',92.9,101,102.5,103,105,31,31,48,48,16,25,24,26,20,19,18),(1399,NULL,595,1,'2020-11-10',59.9,70,75.5,98,86,29,28,51,51,18,20,24,20,15,18,19),(1400,NULL,597,1,'2020-11-12',61.7,68,78,97,80.5,25.5,25.5,50,50,14,16,20,24,14,16,28),(1401,NULL,596,1,'2020-11-12',81.2,77,85.5,118,85,28,28,61,61,23,22,22,20,16,15,29),(1402,NULL,598,1,'2020-11-12',65.5,77,77,96,86.5,27,27,57,56,15,15,14,15,9,11,19),(1403,NULL,575,2,'2020-11-12',94.8,92,97,106,104,31,30,48,48,13,19,19,24,16,18,14),(1406,NULL,576,2,'2020-11-12',57.7,63,64,91,83,26,26,53,53,14,10,6,10,6,5,16),(1407,NULL,577,2,'2020-11-13',98.7,98,108,118,103,33.3,33.5,58,58,19,21,29,28,28,22,25),(1408,NULL,312,7,'2020-11-13',74.8,77,81.5,101.5,91,31,31,58,58,15,23,19,19,19,13,20),(1409,NULL,280,5,'2020-11-13',98.1,96,103,105,101.5,31,31,62,62,15,26,25,24,19,15,24),(1410,NULL,521,4,'2020-11-13',87.4,79,94,111.5,94,30,30,60,60,15,21,22,24,18,15,23),(1411,NULL,599,1,'2020-11-16',97.3,100,108.5,110,106,35,35,55,55,16,26,26,32,32,25,26),(1412,NULL,318,2,'2020-11-17',52.9,62,70,87,77,25,25,50,50,16,15,17,19,13,13,20),(1413,NULL,317,2,'2020-11-17',64.2,72.5,78,95,83,28,28,52,52,16,23,20,24,20,14,20),(1414,NULL,2,4,'2020-11-17',69.7,84,86,91,93.5,30.5,30.5,50,49,10,20,16,19,12,14,10),(1415,NULL,600,1,'2020-11-18',97.8,101,109,108,104,29,29,49,49,10,26,25,24,17,14,18),(1416,NULL,602,1,'2020-11-18',91.9,91,100,111,95,32,31,61,61,24,24,29,26,19,21,29),(1417,NULL,601,1,'2020-11-18',105.5,97,102,113,108,37,37,59,59,6,20,19,24,19,10,16),(1418,NULL,603,1,'2020-11-19',75.3,84,87,90,101,32,30,50,50,9,18,20,25,19,10,13),(1419,NULL,107,6,'2020-11-19',57,66,72,93,80,24,24,50,50,16,15,14,14,10,10,17),(1420,NULL,604,1,'2020-11-20',100.1,88,110,126,96,36,36,72,71,25,31,32,32,25,24,30),(1421,NULL,605,1,'2020-11-20',104.8,97,103,103,106,37,37,54,53,6,16,21,25,12,6,12),(1422,NULL,582,2,'2020-11-20',86.4,90,92,101,105,35,35,56,57,12,27,19,25,19,14,14),(1423,NULL,545,2,'2020-11-23',69.7,74,78,102,85,26,26,56,56,17,16,19,22,11,10,21),(1424,NULL,606,1,'2020-11-23',69.7,72.5,79,97.5,87.5,26,26,52,54,15,15,14,17,12,11,20),(1425,NULL,570,2,'2020-11-23',81.5,83,90,99,95,33,33,58,58,10,14,20,26,14,10,18),(1426,NULL,548,2,'2020-11-23',73.4,74,81,104,88,29,29,58,58,16,17,21,24,17,18,19),(1427,NULL,607,1,'2020-11-25',98.5,98,105,104,112,38,38,58,58,9,25,29,29,24,16,21),(1428,NULL,585,2,'2020-11-25',65.9,72,73.5,99,90,28,28,55,54,18,16,14,20,14,10,23),(1429,NULL,518,4,'2020-11-25',85.2,79,84,102,94,32,32,55,55,9,9,10,10,6,7,14),(1430,NULL,586,2,'2020-11-25',76.1,76.5,82,104,83.5,30,30,59,59,16,22,22,20,11,11,21),(1431,NULL,608,1,'2020-11-25',60.8,67,73,96,81.5,28.5,28.5,54,54,16,19,15,14,16,10,20),(1432,NULL,577,3,'2020-11-26',97.1,98,107,118,103,33,33,58,58,16,21,25,28,28,16,25),(1433,NULL,519,4,'2020-11-26',57,66,70,93,81,26,26,53,53,14,13,14,16,11,12,16),(1434,NULL,450,2,'2020-11-26',108.2,98,102,115,113.5,38,38,63,63,11,30,29,27,23,20,23),(1435,NULL,214,13,'2020-11-26',77.2,84.5,93,98,94.5,28,28,55,55,17,24,19,20,19,16,20),(1436,NULL,610,1,'2020-12-01',127,101,123,130,110,36,37,73,74,16,29,31,31,26,17,35),(1437,NULL,611,1,'2020-12-01',59.1,65,66,98,81,25,25,46,45,6,7,6,7,5,5,9),(1438,NULL,544,3,'2020-12-02',110.7,103,112,114,106,35,34,60,60,18,31,29,29,23,19,24),(1439,NULL,178,8,'2020-12-02',77.8,89,91.5,114,95,27,27,55,55,18,28,21,23,23,18,26),(1440,NULL,612,1,'2020-12-02',57,68,70,93,82,23,23,52,52,11,11,18,16,10,6,19),(1441,NULL,588,2,'2020-12-03',88.2,90,102,120,100,35,35,62,62,24,25,37,30,29,19,33),(1442,NULL,581,2,'2020-12-03',123.9,111,119,122,112,32,33,54,54,13,29,25,30,23,19,19),(1443,NULL,507,4,'2020-12-03',83.1,97,110,101,102,29,29,52,52,16,24,24,28,25,16,20),(1444,NULL,137,5,'2020-12-04',67.3,72,76,91,91,26,26,46,46,9,10,10,9,6,6,14),(1445,NULL,148,4,'2020-12-04',65.9,73,73,89,88,25,25,49,49,7,10,6,10,6,6,9),(1446,NULL,301,3,'2020-12-04',76.1,77,79,99,86,28,28,53,53,16,14,18,21,15,14,19),(1447,NULL,613,1,'2020-12-04',72.8,79,84,95,92,29.5,29.5,53,53,16,15,13,16,9,6,16),(1448,NULL,134,5,'2020-12-04',63.8,67,69,89,80,25.5,26.5,51,51,9,10,10,9,8,6,14),(1449,NULL,140,14,'2020-12-04',93.3,83,90,106,99,30,30,59,59,12,16,15,21,10,10,14),(1450,NULL,429,2,'2020-12-04',88,71,79,98,96,27,27,54,55,9,11,11,15,9,9,10),(1451,NULL,434,2,'2020-12-04',80.4,78,83,101,95,28,28,55,55,15,14,19,20,12,11,16),(1453,NULL,614,1,'2020-12-04',58.1,65,67,83,82,25,24,46,46,9,9,8,13,8,8,12),(1454,NULL,144,3,'2020-12-04',64.9,67,71,92,86,23,23,47,47,7,10,8,9,6,6,10),(1455,NULL,615,1,'2020-12-04',63.5,67,71,90,82,25,25,50,50,15,15,15,15,10,9,15),(1456,NULL,616,1,'2020-12-04',67.2,71,74,89,88,55,56,50,50,10,9,9,11,8,8,14),(1457,NULL,617,1,'2020-12-04',62.7,66,69,89,79,24,24,46,46,6,9,6,8,5,5,15),(1458,NULL,618,1,'2020-12-04',93.6,85,93,106,95,32,32,59,59,19,15,19,19,16,9,19),(1459,NULL,38,6,'2020-12-04',73.9,0,0,0,0,0,0,0,0,14,19,20,20,20,14,19),(1460,NULL,167,4,'2020-12-04',57,0,0,0,0,0,0,0,0,13,11,11,13,6,9,19),(1461,NULL,619,1,'2020-12-04',64.1,0,0,0,0,0,0,0,0,19,10,14,19,10,10,24),(1463,NULL,163,5,'2020-12-04',77.1,0,0,0,0,0,0,0,0,15,24,19,19,19,13,21),(1464,NULL,164,4,'2020-12-04',68.4,0,0,0,0,0,0,0,0,17,18,19,16,15,9,20),(1465,NULL,444,2,'2020-12-04',62.4,0,0,0,0,0,0,0,0,18,16,19,19,16,10,19),(1466,NULL,211,4,'2020-12-04',56.7,0,0,0,0,0,0,0,0,13,11,11,15,10,9,15),(1467,NULL,620,1,'2020-12-04',68.7,0,0,0,0,0,0,0,0,19,19,24,21,19,10,24),(1468,NULL,443,2,'2020-12-04',50,0,0,0,0,0,0,0,0,13,14,11,15,9,10,20),(1469,NULL,304,3,'2020-12-04',89.2,0,0,0,0,0,0,0,0,18,28,25,20,19,14,24),(1470,NULL,168,5,'2020-12-04',61,0,0,0,0,0,0,0,0,18,14,21,20,15,11,27),(1471,NULL,529,3,'2020-12-04',42.8,0,0,0,0,0,0,0,0,9,9,9,11,9,9,14),(1472,NULL,442,2,'2020-12-04',53.4,0,0,0,0,0,0,0,0,11,14,15,13,10,8,18),(1473,NULL,438,2,'2020-12-04',46.4,0,0,0,0,0,0,0,0,10,10,15,13,7,6,16),(1474,NULL,437,2,'2020-12-04',54,0,0,0,0,0,0,0,0,15,11,10,14,9,9,19),(1475,NULL,445,2,'2020-12-04',50,0,0,0,0,0,0,0,0,15,14,15,19,11,10,20),(1476,NULL,435,2,'2020-12-04',55.4,0,0,0,0,0,0,0,0,14,9,10,14,12,6,23),(1477,NULL,446,2,'2020-12-04',60.1,0,0,0,0,0,0,0,0,15,16,20,25,16,14,23),(1478,NULL,155,4,'2020-12-04',50.4,0,0,0,0,0,0,0,0,11,14,14,20,12,11,19),(1479,NULL,621,1,'2020-12-04',87.8,0,0,0,0,0,0,0,0,19,19,20,21,16,16,31),(1480,NULL,160,4,'2020-12-04',82.6,0,0,0,0,0,0,0,0,18,21,15,18,16,10,24),(1481,NULL,604,2,'2020-12-07',101,88,99,125,96,35.5,35.5,70,70,25,31,28,27,24,20,28),(1482,NULL,189,5,'2020-12-07',91.9,103,115,105,100,30,30,50,50,19,30,27,27,26,20,22),(1483,NULL,488,4,'2020-12-08',70.8,77.5,82,105,84,26,26,56,56,16,20,15,14,15,9,22),(1484,NULL,44,14,'2020-12-08',69.4,73,78,94,91,29,29,49,49,6,12,8,12,6,7,9),(1485,NULL,622,1,'2020-12-08',71.8,76,88,103,88,30,30,56,56,18,29,26,29,25,19,26),(1486,NULL,593,2,'2020-12-08',83.2,85.5,89,104,95,31,31,48,48,10,16,23,26,19,14,16),(1487,NULL,215,4,'2020-12-08',58.1,70,77,98,80,23,23,50,50,14,18,19,22,17,16,22),(1488,NULL,594,2,'2020-12-08',110.2,95,113,124,103,31,31,66,66,18,30,30,23,29,19,29),(1489,NULL,623,1,'2020-12-08',99.4,108.5,113,108,108,28,28,49,40,15,25,19,22,17,16,19),(1490,NULL,152,10,'2020-12-08',81.3,90,93,101,94,29,29,55,55,14,26,24,26,22,14,21),(1491,NULL,476,5,'2020-12-08',94.4,94,104,115,99,31,31,62,61,19,26,22,24,26,16,26),(1492,NULL,388,5,'2020-12-08',69.4,78,83.5,105,90,26,26,54,54,15,19,24,23,19,13,21),(1493,NULL,624,1,'2020-12-08',107.4,104.5,112,108,108,32,32,59,59,15,28,26,32,26,21,19),(1494,NULL,566,2,'2020-12-09',70,71,77,108,79,27,27,61,62,17,17,15,14,17,9,25),(1495,NULL,625,1,'2020-12-09',0,0,0,0,0,0,0,0,0,0,0,0,0,0,0,0),(1496,NULL,605,2,'2020-12-10',106,95,101.5,103,109,37,37,55,54,6,16,17,21,11,5,12),(1497,NULL,601,2,'2020-12-10',103.9,93.5,99,110,109,37,37,61,61,6,19,18,24,18,9,16),(1498,NULL,602,2,'2020-12-10',90.5,91,100,109,95,31,31,61,61,18,24,25,26,21,15,31),(1499,NULL,626,1,'2020-12-10',94.8,93,97,106,102,34,34,54,54,19,24,23,26,18,17,17),(1500,NULL,627,1,'2020-12-10',78.5,82,88,108,95,30,30,60,60,19,29,26,19,24,14,29),(1501,NULL,90,6,'2020-12-10',58.9,72,77,92,83,25,25,52,52,14,23,17,19,16,14,20),(1503,NULL,599,2,'2020-12-14',95.9,95,104,108,106,34,34,55,55,13,21,22,28,28,23,24),(1504,NULL,591,2,'2020-12-14',108.5,98,103,115,115,37,37,57,57,9,16,19,20,16,11,13),(1505,NULL,487,4,'2020-12-14',60.7,65,71,95,80,27,27,56,56,16,13,13,13,9,8,22),(1506,NULL,312,8,'2020-12-14',78,78.5,83,103,91,31.5,31.5,58,58,14,24,16,18,17,14,20),(1507,NULL,603,2,'2020-12-14',74.3,80,83,89,100,32,30,50,50,8,18,18,20,16,9,12),(1508,NULL,586,3,'2020-12-16',73.7,73,82,102,83,30,30,58,58,14,22,21,19,11,11,21),(1509,NULL,339,4,'2020-12-16',85.4,91,98,110,99,32,32,59,59,16,30,34,33,29,20,24),(1510,NULL,501,4,'2020-12-18',83.7,83.5,87,97,94.5,30,30,52,52,11,16,22,29,21,19,18),(1511,NULL,585,3,'2020-12-18',63.7,68,69,97,86,27,27,53,53,18,14,14,20,12,10,20),(1512,NULL,341,18,'2020-12-18',73.3,90,92,97,100,27,27,56,56,14,24,16,13,16,15,19),(1513,NULL,530,3,'2020-12-18',87.6,90,91,99,102,31,31,54,54,10,22,22,24,17,10,14),(1514,NULL,280,6,'2020-12-18',92.9,90,100,103,98,30,30,61,61,15,24,22,21,19,15,20),(1515,NULL,521,5,'2020-12-18',85.5,77,89,111,91,29,29,57,57,15,20,22,23,18,14,21),(1516,NULL,198,4,'2020-12-18',97.7,97,97,104,105,34.5,34.5,58,58,8,20,20,26,17,16,14),(1519,NULL,383,3,'2020-12-18',111.9,112,119,112,113,32,32,59,59,19,28,32,31,25,30,23),(1520,NULL,24,8,'2020-12-18',89.7,96.5,100,100,102.5,31,31,49,49,14,24,22,25,20,19,15),(1521,NULL,24,8,'2020-12-18',89.7,96.5,100,100,102.5,31,31,49,49,14,24,22,25,20,19,15),(1522,NULL,201,8,'2020-12-21',60.1,68.5,71,95,82,26,26,51,51,16,16,16,16,12,14,23),(1523,NULL,176,5,'2020-12-21',58.5,64,70,94,83,24,24,46,46,16,10,15,20,9,9,19),(1524,NULL,577,4,'2021-01-08',91.2,90,98.5,116,100,32,32,58,58,16,21,24,24,20,16,25),(1525,NULL,628,1,'2021-01-11',123.4,118,134,123,117,33,33,55,55,16,33,35,32,24,26,35),(1526,NULL,630,1,'2021-01-13',87.9,87,93,113,100,31,31,60,60,22,26,26,29,25,16,29),(1527,NULL,631,1,'2021-01-13',70.7,72.5,81,97,84.5,28.5,28.5,54,53,14,19,14,15,11,9,24),(1528,NULL,591,3,'2021-01-13',109.1,98,103,114,113,36,36,57,57,9,16,21,23,19,13,16),(1529,NULL,592,2,'2021-01-13',74.6,76,85,96,93,30.5,30.5,45,45,8,14,14,20,11,9,14),(1530,NULL,339,5,'2021-01-13',87,91.5,100,110,98,32,32,58,58,14,29,34,31,27,18,24),(1531,NULL,632,1,'2021-01-13',103.5,99,103,112,108,31,31,57,57,15,24,29,34,25,26,24),(1532,NULL,594,3,'2021-01-14',109.9,94,107,124,101,31,31,65,65,18,27,30,23,26,18,29),(1533,NULL,246,4,'2021-01-14',79.5,79,89,112,87,28,28,58,58,20,20,27,29,29,21,26),(1534,NULL,593,3,'2021-01-14',82.1,84,90,102,94,31,31,48,48,10,17,24,27,20,14,16),(1535,NULL,626,2,'2021-01-14',95,90,94,105,103,34,34,54,54,17,21,21,26,18,15,16),(1536,NULL,633,1,'2021-01-14',59,68,75,88,82,26,26,47,47,19,23,19,27,14,11,23),(1537,NULL,634,1,'2021-01-15',56.5,70,74.5,91,81,23,23,50,50,10,15,14,19,11,9,19),(1538,NULL,635,1,'2021-01-15',85.2,84,88,102,94,31,31,53,53,11,19,23,26,14,19,14),(1539,NULL,636,1,'2021-01-18',116.2,102,111,119,104,34,34,63,62,21,35,30,31,24,20,24),(1540,NULL,637,1,'2021-01-18',68.3,69,86,102,90,26,25,51,51,16,26,21,21,24,20,21),(1541,NULL,638,1,'2021-01-18',102,120,134,0,0,32,32,0,0,9,20,11,11,24,19,13),(1542,NULL,611,2,'2021-01-19',62.3,68,68.5,98,83,26,26,48,48,5,7,7,8,5,5,9),(1543,NULL,525,2,'2021-01-19',91.4,88,90,103,110,33,33,57,57,10,17,12,16,11,10,9),(1544,NULL,610,2,'2021-01-19',123.3,100,118,128,108,35,35,70,70,16,26,29,29,26,16,30),(1545,NULL,542,3,'2021-01-19',72.4,85,87,104,95,29.5,29.5,56.5,56.5,16,26,23,20,20,13,23),(1546,NULL,639,1,'2021-01-19',85.6,100,106,115,99,34,34,61,61,21,32,30,25,25,17,30),(1547,NULL,640,1,'2021-01-19',70.2,80,92,107,89,27,27,53,53,21,21,20,25,20,15,24),(1548,NULL,641,1,'2021-01-19',85.3,85,96,112,93,30,30,60,60,23,25,26,26,29,18,28),(1549,NULL,44,15,'2021-01-22',69.5,72,77,93,92,29,29,50,50,7,12,11,14,6,8,8),(1550,NULL,214,14,'2021-01-22',75.1,84.5,90,97,92.2,28,28,54,54,15,24,20,20,19,15,18),(1551,NULL,642,1,'2021-01-22',84.7,87,94,106.5,97,32,32,60,60,17,25,25,24,21,15,24),(1552,NULL,643,1,'2021-01-26',57.6,85,91,92,86,24,24,42,42,0,0,0,0,0,0,0),(1553,NULL,645,1,'2021-01-26',57.9,75,85,93,84,25,26,47,47,19,16,30,30,16,25,21),(1554,NULL,220,7,'2021-01-26',82.8,92,93,100,99,30,30,49,49,10,19,21,29,16,20,16),(1555,NULL,586,4,'2021-01-27',69.5,70,81,95,82,29,29,56,56,14,23,20,19,10,11,22),(1556,NULL,28,16,'2021-01-28',77.9,89,95,111,96,31,31,60,60,19,25,30,35,26,19,26),(1557,NULL,537,3,'2021-01-28',97.7,106,115,104,108,30,30,45,45,14,30,29,33,30,24,19),(1558,NULL,536,3,'2021-01-28',63.4,76,78.5,94,89,30,30,52,52,19,21,21,24,20,18,24),(1559,NULL,585,4,'2021-01-28',62.5,67.5,69,96,86,26.5,26.5,53.5,53.5,16,14,14,19,12,10,19),(1560,NULL,646,1,'2021-01-28',87.7,90,98,114,99,33,32,60,58,24,30,26,29,29,21,26),(1561,NULL,647,1,'2021-01-29',98.6,0,0,0,0,0,0,0,0,15,20,29,29,20,16,18),(1562,NULL,648,1,'2021-01-29',87,0,0,0,0,0,0,0,0,6,16,15,21,18,19,9),(1564,NULL,164,5,'2021-01-29',67.5,0,0,0,0,0,0,0,0,19,16,11,15,9,10,20),(1565,NULL,619,2,'2021-01-29',63.9,0,0,0,0,0,0,0,0,19,10,11,15,9,10,23),(1566,NULL,135,5,'2021-01-29',72.8,0,0,0,0,0,0,0,0,10,9,6,11,6,5,13),(1567,NULL,304,4,'2021-01-29',87.8,0,0,0,0,0,0,0,0,15,26,21,20,22,14,24),(1568,NULL,649,1,'2021-01-29',53.1,0,0,0,0,0,0,0,0,14,11,14,18,9,6,17),(1569,NULL,650,1,'2021-01-29',66.8,0,0,0,0,0,0,0,0,19,20,24,21,19,16,21),(1570,NULL,651,1,'2021-01-29',58.4,0,0,0,0,0,0,0,0,18,11,15,16,11,9,19),(1571,NULL,429,3,'2021-01-29',93.2,0,0,0,0,0,0,0,0,9,12,10,15,9,6,9),(1572,NULL,443,3,'2021-01-29',48.8,0,0,0,0,0,0,0,0,14,14,20,16,9,11,19),(1573,NULL,652,1,'2021-01-29',50.4,0,0,0,0,0,0,0,0,15,14,15,18,9,9,19),(1574,NULL,446,3,'2021-01-29',62.7,0,0,0,0,0,0,0,0,19,16,20,21,16,16,23),(1575,NULL,168,6,'2021-01-29',61.1,0,0,0,0,0,0,0,0,19,13,24,21,10,11,22),(1576,NULL,437,3,'2021-01-29',54.5,0,0,0,0,0,0,0,0,15,14,15,20,9,9,24),(1577,NULL,444,3,'2021-01-29',61.9,0,0,0,0,0,0,0,0,16,16,19,20,12,14,20),(1578,NULL,653,1,'2021-01-29',97.4,0,0,0,0,0,0,0,0,14,21,31,20,16,12,23),(1579,NULL,529,4,'2021-01-29',44.3,0,0,0,0,0,0,0,0,9,10,10,12,9,6,14),(1580,NULL,434,3,'2021-01-29',78,0,0,0,0,0,0,0,0,14,14,20,23,9,11,14),(1581,NULL,140,15,'2021-01-29',93.6,0,0,0,0,0,0,0,0,15,14,16,23,12,9,15),(1582,NULL,654,1,'2021-01-29',65.2,0,0,0,0,0,0,0,0,10,10,10,14,9,9,15),(1583,NULL,618,2,'2021-01-29',90.4,0,0,0,0,0,0,0,0,19,14,20,24,16,11,16),(1584,NULL,655,1,'2021-01-29',74.9,0,0,0,0,0,0,0,0,15,18,19,23,14,14,19),(1585,NULL,617,2,'2021-01-29',63.5,0,0,0,0,0,0,0,0,7,9,7,8,6,6,15),(1586,NULL,613,2,'2021-01-29',70.5,0,0,0,0,0,0,0,0,15,12,14,14,10,8,19),(1587,NULL,301,4,'2021-01-29',75.6,0,0,0,0,0,0,0,0,19,14,19,19,14,12,18),(1588,NULL,137,6,'2021-01-29',65.5,0,0,0,0,0,0,0,0,9,9,8,9,6,6,12),(1589,NULL,656,1,'2021-01-29',61.4,0,0,0,0,0,0,0,0,9,9,9,13,7,5,13),(1590,NULL,656,1,'2021-01-29',61.4,0,0,0,0,0,0,0,0,9,9,9,13,7,5,13),(1591,NULL,148,5,'2021-01-29',65.1,0,0,0,0,0,0,0,0,8,10,7,10,5,6,9),(1592,NULL,616,2,'2021-01-29',66.7,0,0,0,0,0,0,0,0,9,8,9,10,6,6,14),(1593,NULL,144,4,'2021-01-29',63.7,0,0,0,0,0,0,0,0,8,9,6,9,6,6,11),(1594,NULL,657,1,'2021-01-29',75,0,0,0,0,0,0,0,0,10,11,16,16,10,9,15),(1595,NULL,658,1,'2021-01-29',102.9,0,0,0,0,0,0,0,0,18,28,31,31,24,19,32),(1596,NULL,278,2,'2021-01-29',55.7,0,0,0,0,0,0,0,0,6,8,6,8,5,4,8),(1597,NULL,163,6,'2021-01-29',78.5,0,0,0,0,0,0,0,0,17,22,24,25,23,15,24),(1598,NULL,167,5,'2021-01-29',57.6,0,0,0,0,0,0,0,0,15,11,13,15,9,9,20),(1599,NULL,435,3,'2021-01-29',55.7,0,0,0,0,0,0,0,0,15,10,10,14,9,8,20),(1600,NULL,211,5,'2021-01-29',57,0,0,0,0,0,0,0,0,12,10,11,13,9,8,15),(1601,NULL,442,3,'2021-01-29',53.2,0,0,0,0,0,0,0,0,11,14,15,11,10,10,15),(1602,NULL,155,5,'2021-01-29',50.4,0,0,0,0,0,0,0,0,13,10,14,14,10,11,19),(1603,NULL,621,2,'2021-01-29',83.3,0,0,0,0,0,0,0,0,15,14,18,19,15,11,21),(1604,NULL,620,2,'2021-01-29',65.3,0,0,0,0,0,0,0,0,14,19,24,23,15,12,24),(1605,NULL,659,1,'2021-02-08',51.7,60,64.5,88,73,22,22.5,47,47,14,10,10,14,9,7,21),(1606,NULL,488,5,'2021-02-09',69.7,77,82,102,84,26.5,26.5,56,56,18,20,15,15,13,9,23),(1607,NULL,660,1,'2021-02-09',103.3,96,102,113,105,32,32,55,55,15,29,28,33,29,26,25),(1608,NULL,624,2,'2021-02-09',98.5,94.5,100,104,104,32,32,56,56,14,23,23,29,19,15,16),(1609,NULL,542,4,'2021-02-10',70.5,81,89,101,96,29.5,29.5,56,56,17,27,20,19,19,14,23),(1610,NULL,639,2,'2021-02-10',86.3,99,105,113,97.5,34,34,60,60,19,29,27,25,25,16,29),(1611,NULL,661,1,'2021-02-10',115.1,108,114,118,114,34,34,60,61,16,31,35,35,26,25,24),(1612,NULL,662,1,'2021-02-10',97.1,88,96,117,102,34,34,62,63,25,30,28,30,27,20,30),(1613,NULL,663,1,'2021-02-10',77.8,75,88,117,83,29,28,63,63,22,28,28,29,20,21,32),(1614,NULL,664,1,'2021-02-10',66.7,80.5,84,102,91,29,28,52.5,53.5,17,30,29,30,29,24,29),(1615,NULL,246,5,'2021-02-11',77.4,77.5,87,110,86,28,28,57,57,20,20,27,28,26,18,26),(1616,NULL,341,19,'2021-02-11',73.8,90,94,97,100,27,27,56,56,15,25,17,13,17,15,20),(1617,NULL,632,2,'2021-02-11',100.6,96.5,101,111,107,31,31,56,56,13,24,27,31,25,24,19),(1618,NULL,339,6,'2021-02-11',86,91,98,109,99,32,32,56,56,14,29,34,31,27,15,24),(1619,NULL,507,5,'2021-02-11',82.9,97,109,101,102,29,29,52,52,16,24,24,26,23,16,20),(1620,NULL,622,2,'2021-02-12',70.5,75,87,101,88,29,29,54,54,16,25,26,28,25,16,25),(1621,NULL,626,3,'2021-02-12',91.7,87,92,102,101,33,33,55,55,16,21,18,24,18,15,16),(1622,NULL,628,2,'2021-02-12',120,115,127,118,116,32,32,54,54,16,29,30,26,24,23,29),(1623,NULL,665,1,'2021-02-17',83.5,87,88,108,100,30,30,48,49,19,33,28,30,26,17,24),(1624,NULL,666,1,'2021-02-17',67.8,66.5,73,99,88,25,25,53,53,15,19,17,19,13,8,25),(1625,NULL,635,2,'2021-02-17',85.8,84,88,101,97,31,31,54,54,11,19,21,26,14,16,14),(1626,NULL,570,3,'2021-02-18',85.5,85,93,102,95,33,33,58,58,11,14,30,31,15,11,20),(1627,NULL,579,2,'2021-02-18',62.6,67,70,95,86,25,25,50,50,9,11,8,9,7,6,13),(1628,NULL,667,1,'2021-02-18',67.1,70,77,100,86,26,26,57,56,11,14,16,16,11,5,20),(1630,NULL,669,1,'2021-02-18',66.2,68.5,71,87,85,24.5,24,48,49,9,8,8,8,6,6,11),(1631,NULL,572,2,'2021-02-18',113.5,91,98,115,102.2,35,35,65,65,16,15,25,29,14,13,24),(1632,NULL,670,1,'2021-02-18',69.1,73,76.5,90,88,28,27,53.5,53,10,14,14,18,10,7,13),(1633,NULL,671,1,'2021-02-18',94.6,86,90,105,104,32,32,56.5,56,9,14,15,16,11,6,9),(1634,NULL,672,1,'2021-02-18',67.1,78,90,99,88,29,29,54,54,19,32,26,29,25,22,29),(1635,NULL,312,9,'2021-02-18',77.4,77.5,82,102,92,31,31,57,57,14,24,17,18,17,12,21),(1636,NULL,630,2,'2021-02-19',85.8,85,88,110,99,31,31,57,57,18,25,23,26,22,16,24),(1637,NULL,631,2,'2021-02-19',66.7,70,80,95,82,28,28,50,50,14,17,11,11,11,8,21),(1638,NULL,591,4,'2021-02-19',107.4,97,101,113,114,36,36,56,56,8,16,19,23,17,10,14),(1639,NULL,673,1,'2021-02-22',67.1,69.5,75,98,79,27,27,54,55,19,15,14,14,10,14,19),(1640,NULL,674,1,'2021-02-22',68.5,75,78,91,89.5,28,28,50,50,13,10,9,14,9,7,14),(1641,NULL,675,1,'2021-02-22',73.8,81,88,98,91,27,26,46,45,14,21,26,29,19,17,14),(1642,NULL,676,1,'2021-02-22',53.9,64,71,88,78,22.5,22.5,48,48,12,12,14,13,11,6,13),(1643,NULL,677,1,'2021-02-22',51.9,64,66,82,78.5,22,21.5,41,41,8,7,8,8,6,6,9),(1644,NULL,678,1,'2021-02-22',55.5,66,70,85,79,23,23,44,43,10,9,9,11,8,6,14),(1645,NULL,679,1,'2021-02-22',74.9,75,84,101,90,29,29,57,57,17,21,22,24,19,11,24),(1646,NULL,680,1,'2021-02-22',52.2,60,66,88,74,24,24.5,47,47,16,10,13,12,9,9,16),(1647,NULL,681,1,'2021-02-22',49.1,60,61.5,81,76,21,21,42,42,13,9,11,11,11,9,15),(1648,NULL,682,1,'2021-02-22',57.5,67,67,84.5,79,24,24,45,45,9,9,7,10,6,6,10),(1649,NULL,683,1,'2021-02-22',59.6,64,69,87,81,23.5,23.5,45,45,9,10,9,10,6,8,8),(1650,NULL,684,1,'2021-02-22',53.3,65.5,69,84,81,22,22,44,43,6,8,7,9,6,4,9),(1651,NULL,685,1,'2021-02-23',86.8,88,87.5,107,95,30,30,54,54,20,25,26,25,24,19,26),(1652,NULL,542,5,'2021-02-23',70.1,81,88,100,91,29,29,54,54,16,25,20,20,19,14,23),(1653,NULL,639,3,'2021-02-23',86,96,105,110,96,31.5,31.5,58,58,17,29,26,24,25,16,25),(1654,NULL,686,1,'2021-02-23',71.1,82,90,100,89,30,30,49,49,15,29,29,27,23,18,24),(1655,NULL,687,1,'2021-02-23',73.2,80,88,119,90,30,30,60,60,19,29,19,23,24,15,30),(1656,NULL,688,1,'2021-02-23',99.9,90,100,123,98,38,38,68,69,21,35,30,32,23,16,30),(1657,NULL,688,1,'2021-02-23',99.9,90,100,123,98,38,38,68,69,21,35,30,32,23,16,30),(1658,NULL,640,2,'2021-02-23',67.6,77,86,104,87,26,26,53,53,19,19,20,24,19,12,24),(1659,NULL,372,3,'2021-02-23',93.3,90,102,113,102,34.5,34.5,65,66.5,28,30,28,25,23,15,30),(1660,NULL,112,3,'2021-02-23',84.4,88,98,105,100,31,31,56,57,17,24,25,26,25,17,22),(1661,NULL,28,17,'2021-02-25',75.6,87,94,109,95,29,29,58,58,19,19,21,26,25,17,25),(1662,NULL,44,16,'2021-02-25',67.6,71,76.5,90,90,28,28,48,48,6,11,9,12,6,8,7),(1663,NULL,530,4,'2021-02-25',92.5,96,96,101,104,32,32,55,55,9,24,26,25,23,14,14),(1664,NULL,689,1,'2021-02-25',72.4,79.5,90.5,99,86,30,30,58,58,16,16,19,21,15,12,24),(1665,NULL,594,4,'2021-02-25',111.2,95,109,124,101,34,34,65,65,20,26,30,25,29,17,27),(1666,NULL,196,4,'2021-02-28',106.3,104,110,102,109,34,35,58,58,14,22,27,25,22,16,10),(1667,NULL,195,4,'2021-02-28',95.7,102,111,117,94,30,30,60,61,21,29,30,26,26,20,29),(1668,NULL,585,5,'2021-03-02',61.2,67.5,70,94,87,26,26,52,52,16,14,14,17,12,12,19),(1669,NULL,690,1,'2021-03-02',99.2,85,89,105,111,28.5,28.5,60,60,9,11,10,11,9,6,13),(1670,NULL,29,6,'2021-03-02',71.7,78,83.5,103,89,27,27,53,53,19,23,23,25,24,17,25),(1671,NULL,339,7,'2021-03-02',85.1,91,94,108,99,31,31,56,56,14,25,30,30,23,15,24),(1672,NULL,691,1,'2021-03-02',88.5,101,100,99,103,32,32,50,50,10,25,22,29,20,19,22),(1673,NULL,581,3,'2021-03-02',123.5,111,116,119,112,32,32,54,54,12,26,27,27,23,20,19),(1674,NULL,180,14,'2021-03-04',96.4,91,103,116,108,33,33,60,60,15,20,27,26,21,15,19),(1675,NULL,536,4,'2021-03-04',65.9,77,80,96,88,30,30,52,52,19,19,22,24,20,17,24),(1676,NULL,537,4,'2021-03-04',100.3,107,116,107,110,31,31,45,45,14,30,28,31,28,24,18),(1677,NULL,593,4,'2021-03-04',84.2,86,90,102,96,32,32,49,49,10,16,20,26,18,15,16),(1678,NULL,221,3,'2021-03-04',81.2,89,93,105,95,29,29,58,58,20,32,23,29,25,17,29),(1679,NULL,692,1,'2021-03-04',80.7,88,99,104,92,33,32,57,57,16,29,29,30,29,24,24),(1680,NULL,317,3,'2021-03-04',61.7,71,76,90,81,28,29,52,52,14,23,24,24,21,15,24),(1681,NULL,318,3,'2021-03-04',50.5,60,68,85,74,24,24,46.5,46.5,16,13,19,19,11,10,23),(1682,NULL,318,3,'2021-03-04',50.5,60,68,85,74,24,24,46.5,46.5,16,13,19,19,11,10,23),(1683,NULL,610,3,'2021-03-08',128.8,103,117,130,108,36,36,74,74,19,29,27,31,22,15,29),(1684,NULL,634,2,'2021-03-09',53.7,67,74,87,81,23,23,50,50,9,13,14,17,10,8,19),(1685,NULL,693,1,'2021-03-09',71.4,75,80,103.5,87,31,30,59,59,22,24,27,24,22,19,28),(1686,NULL,542,6,'2021-03-09',68,79,85,99,91,29,29,54,54,15,24,18,19,19,14,22),(1687,NULL,577,5,'2021-03-10',89.2,90,94.5,113,100,33,33,57,57,15,21,24,22,20,15,24),(1688,NULL,694,1,'2021-03-10',88.4,91,96,104,103,32,32,52,52,10,17,26,26,21,14,15),(1689,NULL,655,2,'2021-03-10',75.8,79.5,85,97,90,26,26,51,51,14,16,18,21,15,14,18),(1690,NULL,695,1,'2021-03-10',81,78,87,108,90,29,30,61.5,61.5,16,22,15,14,15,9,21),(1691,NULL,696,1,'2021-03-10',110.4,92,97,113,110,39,39,57,57,9,19,16,22,12,11,16),(1692,NULL,697,1,'2021-03-11',83.7,82,90,112,92,29.5,29.5,61,60,19,26,26,24,24,19,24),(1693,NULL,698,1,'2021-03-11',90,94,96,104,105,31.5,31.5,53,53,10,19,25,29,19,19,23),(1694,NULL,601,3,'2021-03-12',108.4,96,100,112,113,38,38,63,63,7,20,19,25,17,11,13),(1695,NULL,195,5,'2021-03-14',91,93,108,114,92,30,30,60,61,18,28,29,26,26,20,29),(1696,NULL,196,5,'2021-03-14',101.1,99,105,100,106,33,33,56,56,13,22,27,25,22,16,10);
/*!40000 ALTER TABLE `avaliacao_antropometrica` ENABLE KEYS */;
UNLOCK TABLES;

--
-- Table structure for table `bebidas`
--

DROP TABLE IF EXISTS `bebidas`;
/*!40101 SET @saved_cs_client     = @@character_set_client */;
/*!40101 SET character_set_client = utf8 */;
CREATE TABLE `bebidas` (
  `id_bebida` int(11) NOT NULL AUTO_INCREMENT,
  `bebida` varchar(70) DEFAULT NULL,
  PRIMARY KEY (`id_bebida`)
) ENGINE=InnoDB AUTO_INCREMENT=3 DEFAULT CHARSET=latin1;
/*!40101 SET character_set_client = @saved_cs_client */;

--
-- Dumping data for table `bebidas`
--

LOCK TABLES `bebidas` WRITE;
/*!40000 ALTER TABLE `bebidas` DISABLE KEYS */;
INSERT INTO `bebidas` VALUES (1,'Àgua'),(2,'Chá');
/*!40000 ALTER TABLE `bebidas` ENABLE KEYS */;
UNLOCK TABLES;

--
-- Table structure for table `bioimp`
--

DROP TABLE IF EXISTS `bioimp`;
/*!40101 SET @saved_cs_client     = @@character_set_client */;
/*!40101 SET character_set_client = utf8 */;
CREATE TABLE `bioimp` (
  `id_bio` int(11) NOT NULL AUTO_INCREMENT,
  `consulta_bio` int(11) DEFAULT NULL,
  `data_bio` date DEFAULT NULL,
  `paciente_bio` int(11) DEFAULT NULL,
  `peso_bio` float DEFAULT NULL,
  `imc_bio` float DEFAULT NULL,
  `perc_gord_corp` float DEFAULT NULL,
  `perc_musc_esq` float DEFAULT NULL,
  `met_basal` float DEFAULT NULL,
  `idade_corpoaral` int(11) DEFAULT NULL,
  `gord_viceral` float DEFAULT NULL,
  PRIMARY KEY (`id_bio`),
  KEY `paciente_bio` (`paciente_bio`),
  CONSTRAINT `bioimp_ibfk_1` FOREIGN KEY (`paciente_bio`) REFERENCES `pacientes` (`id_paciente`)
) ENGINE=InnoDB AUTO_INCREMENT=13 DEFAULT CHARSET=latin1;
/*!40101 SET character_set_client = @saved_cs_client */;

--
-- Dumping data for table `bioimp`
--

LOCK TABLES `bioimp` WRITE;
/*!40000 ALTER TABLE `bioimp` DISABLE KEYS */;
INSERT INTO `bioimp` VALUES (1,NULL,'2019-08-08',261,85.2,27.9,28,33.2,1784,58,12),(2,NULL,'2019-08-08',128,98.7,31.2,27.8,34.9,2017,62,12),(3,NULL,'2019-08-08',264,103.5,32.7,31.4,32.9,2076,66,14),(4,NULL,'2019-08-08',263,75.8,26.5,40.7,25.5,1480,38,5),(5,NULL,'2019-08-14',181,97,29.3,28.1,33.8,1962,64,12),(6,NULL,'2019-08-14',93,78.5,26.8,21.6,38.3,1746,44,10),(7,NULL,'2019-10-09',180,82.3,28.1,25,38,1837,43,10),(8,NULL,'2019-10-15',82,59.6,24.5,39.2,24.1,1265,50,7),(9,NULL,'2019-11-19',366,85.5,29.6,44.8,23.9,1586,52,8),(10,NULL,'2020-01-30',222,54.5,23.6,38.9,22.9,1200,36,5),(11,NULL,'2020-02-13',428,71.8,22.9,16.6,40,1630,38,6),(12,NULL,'2020-07-02',497,74.5,24.9,24.1,36.7,1681,40,8);
/*!40000 ALTER TABLE `bioimp` ENABLE KEYS */;
UNLOCK TABLES;

--
-- Table structure for table `consumos`
--

DROP TABLE IF EXISTS `consumos`;
/*!40101 SET @saved_cs_client     = @@character_set_client */;
/*!40101 SET character_set_client = utf8 */;
CREATE TABLE `consumos` (
  `id_consumo` int(11) NOT NULL AUTO_INCREMENT,
  `paciente_id` int(11) DEFAULT NULL,
  `agua` int(11) DEFAULT NULL,
  `obs_agua` varchar(45) DEFAULT NULL,
  `sucos` int(11) DEFAULT NULL,
  `obs_sucos` varchar(45) DEFAULT NULL,
  `durante_refeicoes` int(11) DEFAULT NULL,
  `obs_refeicoes` varchar(45) DEFAULT NULL,
  `acucares` int(11) DEFAULT NULL,
  `obs_acucares` varchar(45) DEFAULT NULL,
  `sodio` int(11) DEFAULT NULL,
  `obs_sodio` varchar(45) DEFAULT NULL,
  `refrigerantes` int(11) DEFAULT NULL,
  `obs_refri` varchar(45) DEFAULT NULL,
  `cereais` int(11) DEFAULT NULL,
  `obs_cereais` varchar(45) DEFAULT NULL,
  `frutas` int(11) DEFAULT NULL,
  `obs_frutas` varchar(45) DEFAULT NULL,
  `verduras` int(11) DEFAULT NULL,
  `obs_verduras` varchar(45) DEFAULT NULL,
  `local_almoco` int(11) DEFAULT NULL,
  `preferencias` varchar(45) DEFAULT NULL,
  `aversoes` varchar(45) DEFAULT NULL,
  PRIMARY KEY (`id_consumo`),
  UNIQUE KEY `paciente_id` (`paciente_id`),
  KEY `agua` (`agua`),
  KEY `sucos` (`sucos`),
  KEY `durante_refeicoes` (`durante_refeicoes`),
  KEY `acucares` (`acucares`),
  KEY `sodio` (`sodio`),
  KEY `refrigerantes` (`refrigerantes`),
  KEY `cereais` (`cereais`),
  KEY `frutas` (`frutas`),
  KEY `verduras` (`verduras`),
  KEY `local_almoco` (`local_almoco`),
  CONSTRAINT `consumos_ibfk_1` FOREIGN KEY (`agua`) REFERENCES `afirmacao` (`id_afirmacao`),
  CONSTRAINT `consumos_ibfk_10` FOREIGN KEY (`local_almoco`) REFERENCES `local_almoco` (`id_local_alm`),
  CONSTRAINT `consumos_ibfk_2` FOREIGN KEY (`sucos`) REFERENCES `afirmacao` (`id_afirmacao`),
  CONSTRAINT `consumos_ibfk_3` FOREIGN KEY (`durante_refeicoes`) REFERENCES `afirmacao` (`id_afirmacao`),
  CONSTRAINT `consumos_ibfk_4` FOREIGN KEY (`acucares`) REFERENCES `afirmacao` (`id_afirmacao`),
  CONSTRAINT `consumos_ibfk_5` FOREIGN KEY (`sodio`) REFERENCES `afirmacao` (`id_afirmacao`),
  CONSTRAINT `consumos_ibfk_6` FOREIGN KEY (`refrigerantes`) REFERENCES `afirmacao` (`id_afirmacao`),
  CONSTRAINT `consumos_ibfk_7` FOREIGN KEY (`cereais`) REFERENCES `afirmacao` (`id_afirmacao`),
  CONSTRAINT `consumos_ibfk_8` FOREIGN KEY (`frutas`) REFERENCES `afirmacao` (`id_afirmacao`),
  CONSTRAINT `consumos_ibfk_9` FOREIGN KEY (`verduras`) REFERENCES `afirmacao` (`id_afirmacao`)
) ENGINE=InnoDB AUTO_INCREMENT=327 DEFAULT CHARSET=latin1;
/*!40101 SET character_set_client = @saved_cs_client */;

--
-- Dumping data for table `consumos`
--

LOCK TABLES `consumos` WRITE;
/*!40000 ALTER TABLE `consumos` DISABLE KEYS */;
INSERT INTO `consumos` VALUES (2,2,1,'',1,'',2,'',2,'pouco',2,'',2,'pouco',1,'',1,'',1,'',1,'',''),(3,151,1,'',1,'',2,'',2,'pouco ',2,'',1,'só eventos ',1,'vai tentar ',1,'',1,'',2,'',''),(4,152,1,'',1,'',2,'',2,'',2,'cuida ',2,'',2,'',2,'',2,'',2,'',''),(5,179,1,'bastante ',2,'',2,'',2,'',2,'',1,'',1,'',2,'poucas ',1,'',1,'',''),(6,182,2,'',2,'',2,'',2,'',2,'',2,'',2,'',2,'',2,'',1,'',''),(7,190,1,'',2,'',2,'',2,'',2,'',2,'',2,'',2,'',2,'',1,'',''),(8,223,1,'',1,'',2,'',1,'',2,'',2,'',1,'',1,'',1,'',1,'',''),(9,224,1,'',1,'',2,'',2,'',2,'',2,'',1,'',1,'',1,'',1,'',''),(10,231,2,'',2,'',2,'',1,'',2,'',2,'',2,'',1,'',1,'',1,'',''),(11,245,1,'',1,'',2,'',2,'',2,'',1,'',1,'',1,'',1,'',1,'',''),(12,249,2,'pouco',2,'',1,'',2,'',2,'',2,'',2,'',2,'',2,'',1,'',''),(13,255,1,'pouco ',2,'',2,'',2,'',2,'',2,'',1,'',1,'',1,'',1,'',''),(14,259,2,'',2,'',2,'',2,'',2,'',2,'',2,'',2,'',2,'',1,'',''),(15,260,2,'pouca ',2,'',2,'',1,'chocolate',1,'',2,'pouco ',2,'pouco ',2,'',2,'',1,'',''),(17,262,2,'',2,'',2,'',2,'',2,'',2,'',2,'',2,'',2,'',1,'',''),(18,265,1,'',2,'',2,'',2,'',2,'',2,'',1,'',1,'',1,'',1,'',''),(19,270,1,'',1,'',2,'',1,'',2,'',2,'',1,'',1,'',1,'',1,'',''),(21,271,1,'pouco',2,'',2,'',1,'',2,'',1,'',1,'',1,'',1,'',1,'',''),(22,273,1,'',2,'',2,'',1,'',2,'',2,'',1,'',1,'',1,'',1,'',''),(23,279,1,'',1,'',2,'',2,'',2,'',1,'',1,'',1,'',1,'',1,'',''),(24,281,1,'',1,'',2,'',1,'',2,'',2,'',1,'',1,'',1,'',1,'',''),(25,282,1,'',2,'',2,'',2,'',2,'',2,'',1,'',1,'',1,'',1,'',''),(27,283,1,'',2,'',2,'',2,'',2,'',2,'',1,'',1,'',1,'',1,'',''),(28,284,1,'',1,'',2,'',1,'',1,'',1,'',1,'',1,'',1,'',1,'',''),(30,285,2,'',2,'',2,'',2,'',2,'',2,'',2,'',2,'',2,'',1,'',''),(31,286,1,'',1,'',2,'',1,'',2,'',1,'',1,'',1,'',1,'',1,'',''),(33,287,2,'',2,'',2,'',2,'',2,'',2,'',2,'',2,'',2,'',1,'',''),(35,288,1,'',1,'',2,'',2,'',2,'',2,'',1,'',1,'',1,'',1,'',''),(37,289,1,'',2,'',2,'',2,'',2,'',2,'',2,'',1,'',1,'',1,'',''),(39,290,2,'',2,'',2,'',2,'',2,'',2,'',2,'',2,'',2,'',1,'',''),(41,291,1,'',2,'',2,'',2,'',2,'',2,'',2,'',1,'',1,'',1,'',''),(43,294,2,'',2,'',2,'',2,'',2,'',2,'',2,'',2,'',2,'',1,'',''),(45,297,2,'',2,'',2,'',2,'',2,'',2,'',2,'',2,'',2,'',1,'',''),(47,298,2,'',2,'',2,'',2,'',2,'',2,'',2,'',2,'',2,'',1,'',''),(49,307,2,'',2,'',2,'',2,'',2,'',2,'',2,'',2,'',2,'',1,'',''),(51,308,2,'',2,'',2,'',2,'',2,'',2,'',2,'',2,'',2,'',1,'',''),(53,309,2,'',2,'',2,'',2,'',2,'',2,'',2,'',2,'',2,'',1,'',''),(54,310,1,'',2,'',2,'',2,'',2,'',2,'',2,'',2,'',2,'',1,'',''),(56,311,2,'',2,'',2,'',2,'',2,'',2,'',2,'',2,'',2,'',1,'',''),(58,314,2,'',2,'',2,'',2,'',2,'',2,'',2,'',2,'',2,'',1,'',''),(60,315,2,'',2,'',2,'',2,'',2,'',2,'',2,'',2,'',2,'',1,'',''),(62,316,2,'',2,'',2,'',2,'',2,'',2,'',2,'',2,'',2,'',1,'',''),(63,17,1,'',2,'',2,'',1,'',2,'',2,'',1,'',2,'',2,'',1,'',''),(65,331,1,'',2,'',2,'',2,'',2,'',1,'',1,'',1,'',1,'',1,'',''),(67,332,2,'',2,'',2,'',2,'',2,'',2,'',2,'',2,'',2,'',1,'',''),(69,191,2,'',2,'',2,'',2,'',2,'',2,'',2,'',2,'',2,'',1,'',''),(71,336,2,'',2,'',2,'',2,'',2,'',2,'',2,'',1,'',1,'',1,'',''),(73,337,2,'',2,'',2,'',2,'',1,'',2,'',2,'',1,'',1,'',1,'',''),(75,338,2,'',2,'',2,'',2,'',2,'',2,'',2,'',2,'',2,'',1,'',''),(77,340,1,'',2,'',2,'',2,'',2,'',2,'',2,'',2,'',2,'',1,'',''),(78,342,2,'',2,'',2,'',2,'',2,'',2,'',2,'',2,'',2,'',1,'',''),(79,344,2,'pouco',2,'',2,'',2,'pouco',2,'',2,'pouco',1,'',1,'',1,'',1,'',''),(81,346,1,'',2,'',2,'',2,'cuida ',2,'',2,'cuida',1,'',1,'',1,'',1,'',''),(83,349,1,'',2,'',2,'',2,'',2,'',2,'',2,'',1,'',1,'',1,'',''),(85,354,1,'',2,'',2,'',2,'',1,'',1,'',1,'',1,'',1,'',1,'',''),(87,355,1,'',2,'',2,'',2,'',2,'',2,'',1,'',1,'',1,'',1,'',''),(88,367,1,'',2,'',2,'',1,'',1,'',1,'',1,'',1,'',1,'',1,'',''),(89,371,1,'',2,'',2,'',2,'',2,'',2,'',1,'',1,'',1,'',1,'',''),(90,373,1,'',2,'',1,'',2,'',2,'',2,'',1,'',1,'',1,'',1,'',''),(92,374,1,'',1,'',2,'',2,'',2,'',2,'',1,'',1,'',1,'',1,'',''),(94,369,2,'',2,'',2,'',2,'',2,'',2,'',1,'',1,'',1,'',1,'',''),(95,376,1,'',2,'',2,'',2,'',2,'',2,'',1,'',1,'',1,'',1,'',''),(97,377,1,'',2,'',2,'',2,'',2,'',2,'',1,'',1,'',1,'',1,'',''),(98,379,1,'',2,'',2,'',2,'',2,'',2,'',1,'',1,'',1,'',1,'',''),(99,380,1,'',2,'',2,'',2,'',2,'',2,'',1,'',1,'',1,'',1,'',''),(100,381,1,'',2,'',2,'',2,'',2,'',2,'',1,'',1,'',1,'',1,'',''),(102,382,1,'',2,'',2,'',1,'',2,'',1,'',1,'',1,'',1,'',1,'',''),(103,383,1,'',2,'',2,'',1,'',2,'',2,'',1,'',1,'',1,'',1,'',''),(105,384,1,'',2,'',2,'',2,'',2,'',2,'',1,'',1,'',1,'',1,'',''),(107,385,2,'',2,'',2,'',2,'',2,'',2,'',1,'',1,'',1,'',1,'',''),(108,387,1,'',2,'',2,'',2,'',2,'',2,'',1,'',1,'',1,'',1,'',''),(110,389,1,'',2,'',2,'',2,'',2,'',2,'',1,'',1,'',1,'',1,'',''),(112,390,1,'',2,'',2,'',1,'muito',2,'',2,'',2,'',1,'',1,'',1,'',''),(114,392,1,'',2,'',2,'',2,'',2,'',2,'',1,'',1,'',1,'',1,'',''),(116,393,1,'',2,'',2,'',2,'',2,'',2,'',2,'',2,'',2,'',1,'',''),(117,422,1,'',2,'',2,'',2,'',2,'',2,'',1,'',1,'',1,'',1,'',''),(119,423,2,'',2,'',2,'',2,'',1,'',1,'',1,'',1,'',1,'',1,'',''),(121,424,1,'',2,'',2,'',2,'',2,'',2,'',1,'',1,'',1,'',1,'',''),(122,425,2,'',2,'',2,'',2,'',2,'',2,'',2,'',2,'',2,'',1,'',''),(124,426,1,'',2,'',2,'',2,'',2,'',2,'',2,'',2,'',2,'',1,'',''),(126,427,1,'',2,'',2,'',2,'',2,'',2,'',1,'',1,'',1,'',1,'',''),(128,428,1,'',2,'',2,'',2,'',2,'',2,'',1,'',1,'',1,'',1,'',''),(130,434,2,'',2,'',2,'',2,'',2,'',2,'',2,'',2,'',2,'',1,'',''),(132,449,1,'',2,'',2,'',2,'',2,'',2,'',1,'',1,'',1,'',1,'',''),(134,450,2,'',2,'',2,'',2,'',2,'',2,'',2,'',2,'',2,'',1,'',''),(136,451,1,'',2,'',2,'',2,'',2,'',2,'',1,'',1,'',1,'',1,'',''),(138,452,1,'',2,'',2,'',2,'',2,'',2,'',1,'',1,'',1,'',1,'',''),(139,453,1,'',2,'',2,'',1,'',1,'',1,'',1,'',1,'',1,'',1,'',''),(140,457,1,'',2,'',2,'',2,'',2,'',2,'',2,'',1,'',2,'nao gosta',1,'',''),(142,458,1,'',2,'',2,'',2,'',2,'',2,'',1,'',1,'',1,'',1,'',''),(144,459,1,'',2,'',2,'',1,'',1,'',1,'',1,'',1,'',1,'',1,'',''),(146,460,1,'',2,'',2,'',2,'',2,'',2,'',1,'',1,'',1,'',1,'',''),(148,463,1,'',1,'',2,'',1,'',1,'',1,'',1,'',1,'',1,'',1,'',''),(150,464,1,'',2,'',2,'',1,'',1,'',1,'',2,'',2,'',2,'',1,'',''),(152,465,2,'',2,'',2,'',2,'',1,'',1,'',1,'',1,'',1,'',1,'',''),(154,466,1,'',2,'',2,'',2,'',2,'',2,'',1,'',1,'',1,'',1,'',''),(155,468,1,'',2,'',2,'',2,'cuida ',1,'',2,'',1,'',1,'',1,'',1,'',''),(157,469,1,'',2,'',2,'',2,'',2,'',2,'',2,'',1,'',2,'',1,'',''),(158,470,2,'',1,'',1,'',2,'',2,'',1,'',1,'',1,'',1,'',1,'',''),(160,471,1,'',2,'',2,'',2,'',2,'',2,'',2,'',1,'',2,'',1,'',''),(161,473,2,'',2,'',2,'',2,'',2,'',2,'',2,'',2,'',2,'',1,'',''),(163,474,2,'',2,'',1,'',1,'',1,'',1,'',1,'',1,'',1,'',1,'',''),(165,475,1,'',2,'',2,'',1,'',1,'',1,'',1,'',1,'',1,'',1,'',''),(166,476,2,'',2,'',2,'',2,'',2,'',2,'',1,'',1,'',1,'',1,'',''),(168,477,1,'',2,'',2,'',2,'',2,'',2,'',1,'',1,'',1,'',1,'',''),(169,478,1,'',2,'',2,'',2,'',1,'',1,'',1,'',1,'',1,'',1,'',''),(171,479,1,'',2,'',2,'',1,'',1,'',1,'',1,'',1,'',1,'',1,'',''),(172,480,2,'',2,'',2,'',2,'',2,'',2,'',1,'',1,'',1,'',1,'',''),(174,481,1,'',2,'',2,'',2,'',2,'',2,'',1,'',1,'',1,'',1,'',''),(176,482,1,'',2,'',2,'',2,'',2,'',1,'',1,'',1,'',1,'',1,'',''),(178,483,2,'',2,'',2,'',2,'',2,'',2,'',2,'',2,'',2,'',1,'',''),(179,484,1,'',2,'',2,'',2,'',2,'',2,'',1,'',1,'',1,'',1,'',''),(181,485,2,'',2,'',2,'',2,'',2,'',2,'',2,'',2,'',2,'',1,'',''),(182,487,1,'',2,'',2,'',2,'',2,'',2,'',2,'',2,'',2,'',1,'',''),(183,488,1,'',2,'',2,'',2,'',2,'',2,'',1,'',1,'',1,'',1,'',''),(185,489,1,'',1,'',1,'',1,'',1,'',1,'',1,'',1,'',1,'',1,'',''),(186,490,1,'',2,'',2,'',2,'',2,'',2,'',1,'',1,'',1,'',1,'',''),(188,491,2,'',2,'',2,'',2,'',2,'',2,'',2,'',2,'banana e mamao',2,'',1,'',''),(190,492,1,'',2,'',2,'',2,'',2,'',2,'',1,'',1,'',1,'',1,'',''),(191,493,1,'',2,'',2,'',2,'',2,'',2,'',1,'',1,'',1,'',1,'',''),(193,494,2,'',2,'',2,'',2,'',2,'',2,'',2,'',2,'',2,'',1,'',''),(194,495,1,'',2,'',2,'',2,'',2,'',2,'',1,'',1,'',1,'',1,'',''),(195,496,2,'',2,'',2,'',1,'',2,'',2,'',1,'',1,'',1,'',1,'',''),(196,497,1,'',2,'',2,'',2,'',2,'',2,'',1,'',1,'',1,'',1,'',''),(197,499,2,'',2,'',2,'',1,'',2,'',2,'',1,'',1,'',1,'',1,'',''),(199,16,2,'',2,'',2,'',2,'',2,'',2,'',2,'',2,'',2,'',1,'',''),(200,500,2,'',2,'',2,'',2,'',2,'',2,'',2,'',2,'',2,'',1,'',''),(202,501,1,'',2,'',2,'',2,'',2,'',2,'',1,'',1,'',1,'',1,'',''),(204,502,2,'',2,'',2,'',2,'',2,'',2,'',2,'',2,'',2,'',1,'',''),(206,503,2,'',2,'',2,'',2,'',2,'',2,'',1,'',1,'',1,'',1,'',''),(207,504,1,'',2,'',2,'',2,'',2,'',2,'',1,'',1,'',1,'',1,'',''),(208,505,2,'',2,'',2,'',2,'',2,'',2,'',1,'',1,'',1,'',1,'',''),(210,507,1,'',2,'',2,'',2,'',2,'',2,'',1,'',1,'',1,'',1,'',''),(211,509,1,'',2,'',2,'',1,'',1,'',1,'',2,'',2,'',2,'',1,'',''),(213,510,2,'',2,'',2,'',2,'',2,'',2,'',2,'',2,'',2,'',1,'',''),(215,511,2,'',2,'',2,'',2,'',2,'',2,'',2,'',2,'',2,'',1,'',''),(217,512,1,'',2,'',2,'',2,'',2,'',2,'',1,'',1,'',1,'',1,'',''),(219,160,2,'',2,'',2,'',2,'',2,'',2,'',2,'',2,'',2,'',1,'',''),(221,513,1,'',2,'',2,'',1,'',1,'',1,'',1,'',1,'',1,'',1,'',''),(222,514,2,'',2,'',2,'',2,'',2,'',2,'',2,'',2,'',2,'',1,'',''),(224,515,1,'',2,'',2,'',2,'',2,'',2,'',1,'',1,'',1,'',1,'',''),(226,516,1,'',2,'',2,'',2,'',2,'',2,'',1,'',1,'',1,'',1,'',''),(228,517,1,'',2,'',2,'',2,'',2,'',2,'',1,'',1,'',1,'',1,'',''),(230,518,1,'',2,'',2,'',2,'',2,'',2,'',1,'',1,'',1,'',1,'',''),(231,519,2,'',2,'',2,'',2,'',2,'',2,'',2,'',2,'',2,'',1,'',''),(232,520,2,'',2,'',2,'',2,'',2,'',2,'',1,'',1,'',1,'',1,'',''),(234,521,1,'',2,'',2,'',2,'',2,'',2,'',1,'',1,'',1,'',1,'',''),(236,522,2,'',2,'',2,'',2,'',2,'',2,'',2,'',2,'',2,'',1,'',''),(238,523,1,'',2,'',2,'',2,'',2,'',2,'',1,'',1,'',1,'',1,'',''),(240,524,1,'',2,'',2,'',2,'',2,'',2,'',1,'',1,'',1,'',1,'',''),(242,526,1,'',2,'',2,'',2,'',2,'',2,'',2,'',2,'',2,'',1,'',''),(244,527,2,'',2,'',2,'',2,'',2,'',2,'',1,'',1,'',1,'',1,'',''),(245,528,1,'',2,'',2,'',2,'',2,'',2,'',1,'',1,'',1,'',1,'',''),(246,529,1,'',2,'',2,'',2,'',2,'',2,'',1,'',1,'',1,'',1,'',''),(248,530,1,'',2,'',2,'',2,'',2,'',2,'',1,'',1,'',1,'',1,'',''),(250,531,1,'',2,'',2,'',2,'',2,'',2,'',1,'',1,'',1,'',1,'',''),(252,532,1,'',2,'',2,'',2,'',2,'',2,'',1,'',1,'',1,'',1,'',''),(253,535,2,'',2,'',2,'',2,'',2,'',2,'',1,'',1,'',1,'',1,'',''),(254,536,1,'',2,'',2,'',2,'',2,'',2,'',1,'',1,'',1,'',1,'',''),(256,537,1,'',2,'',2,'',2,'',2,'',2,'',1,'',1,'',1,'',1,'',''),(258,539,2,'',2,'',2,'',2,'',2,'',2,'',2,'',2,'',2,'',1,'',''),(260,540,2,'',2,'',2,'',2,'',2,'',2,'',2,'',2,'',2,'',1,'',''),(261,543,2,'',2,'',2,'',2,'',2,'',2,'',2,'',2,'',2,'',1,'',''),(263,544,1,'',2,'',2,'',2,'',2,'',2,'',2,'',1,'',2,'',1,'',''),(264,563,2,'',2,'',2,'',2,'',2,'',2,'',2,'',2,'',2,'',1,'',''),(266,565,2,'',2,'',2,'',2,'',2,'',2,'',2,'',2,'',2,'',1,'',''),(268,567,1,'',2,'',2,'',2,'',2,'',2,'',2,'',2,'',2,'',1,'',''),(269,569,1,'',1,'',2,'',1,'',2,'',1,'',1,'',1,'',1,'',1,'',''),(270,575,1,'',2,'',2,'',2,'',2,'',2,'',1,'',1,'',1,'',1,'',''),(272,576,2,'',2,'',2,'',2,'',2,'',2,'',2,'',2,'',2,'',1,'',''),(274,578,1,'',2,'',2,'',1,'',2,'',2,'',1,'',1,'',1,'',1,'',''),(276,579,1,'',2,'',2,'',2,'',2,'',2,'',1,'',1,'',1,'',1,'',''),(278,581,1,'',2,'',2,'',2,'',2,'',2,'',2,'',2,'',2,'',1,'',''),(280,585,1,'',2,'',2,'',2,'',2,'',2,'',1,'',1,'',1,'',1,'',''),(281,586,1,'',2,'',2,'',2,'',2,'',2,'',1,'',1,'abacate',1,'cebola- beringela ',1,'',''),(283,587,1,'',2,'',2,'',2,'',2,'',2,'',2,'',1,'',1,'',1,'',''),(285,588,1,'',2,'',2,'',2,'',2,'',2,'',1,'',1,'',1,'',1,'',''),(287,589,2,'',2,'',2,'',2,'',2,'',2,'',2,'',2,'',2,'',1,'',''),(289,590,1,'',2,'',2,'',2,'',2,'',2,'',2,'',2,'',2,'',1,'',''),(290,593,1,'',2,'',2,'',2,'',2,'',2,'',1,'',2,'',2,'',1,'',''),(292,594,1,'',2,'',2,'',2,'',2,'',2,'',1,'',1,'',2,'',1,'',''),(294,595,2,'',2,'',2,'',2,'',2,'',2,'',2,'',2,'',2,'',1,'',''),(296,596,1,'',2,'',2,'',2,'',2,'',2,'',2,'',2,'',2,'',1,'',''),(298,597,2,'',2,'',2,'',2,'',2,'',2,'',2,'',2,'',2,'',1,'',''),(300,598,2,'',2,'',2,'',2,'',2,'',2,'',2,'',2,'',2,'',1,'',''),(302,599,1,'',2,'',2,'',2,'',2,'',2,'',1,'',1,'',1,'',1,'',''),(304,600,1,'',2,'',2,'',2,'',2,'',2,'',1,'',1,'',1,'',1,'',''),(306,602,2,'',2,'',2,'',1,'',1,'',2,'',2,'',1,'',1,'',1,'',''),(308,603,1,'',2,'',2,'',2,'',2,'',2,'',1,'',1,'',1,'',1,'',''),(310,604,2,'',2,'',2,'',2,'',2,'',2,'',2,'',2,'',2,'',1,'',''),(312,605,1,'',2,'',2,'',2,'',2,'',2,'',1,'',1,'',1,'',1,'',''),(313,607,1,'',2,'',2,'',2,'',2,'',2,'',2,'',2,'',2,'',1,'',''),(314,609,2,'',2,'',2,'',2,'',2,'',2,'',1,'',1,'',1,'',1,'',''),(316,610,2,'',2,'',2,'',2,'',2,'',2,'',1,'',1,'',1,'',1,'',''),(318,611,2,'',2,'',2,'',2,'',2,'',2,'',1,'',1,'',1,'',1,'',''),(320,612,1,'',2,'',2,'',2,'',2,'',2,'',1,'',1,'',1,'',1,'',''),(321,623,2,'',1,'',2,'',1,'',2,'',1,'',1,'',1,'',1,'',1,'',''),(323,624,1,'',2,'',2,'',2,'',2,'',2,'',2,'',2,'',2,'',1,'',''),(324,626,1,'',2,'',2,'',1,'',2,'',2,'',2,'',2,'',2,'',1,'',''),(326,627,1,'',2,'',2,'',2,'',2,'',2,'',1,'',1,'',1,'',1,'','');
/*!40000 ALTER TABLE `consumos` ENABLE KEYS */;
UNLOCK TABLES;

--
-- Table structure for table `dietas`
--

DROP TABLE IF EXISTS `dietas`;
/*!40101 SET @saved_cs_client     = @@character_set_client */;
/*!40101 SET character_set_client = utf8 */;
CREATE TABLE `dietas` (
  `id_dieta` int(11) NOT NULL AUTO_INCREMENT,
  `linha` int(11) DEFAULT NULL,
  `dieta_numero` int(11) DEFAULT NULL,
  `plano_alimentar` varchar(60) DEFAULT NULL,
  `paciente` int(11) DEFAULT NULL,
  `data_dieta` date DEFAULT NULL,
  `horario` int(11) DEFAULT NULL,
  `alimento` int(11) DEFAULT NULL,
  `quantidade` varchar(100) DEFAULT NULL,
  `substituicao` int(11) DEFAULT NULL,
  `intervalos` int(11) DEFAULT NULL,
  `anotacoes` text,
  PRIMARY KEY (`id_dieta`),
  KEY `paciente` (`paciente`),
  KEY `alimento` (`alimento`),
  KEY `substituicao` (`substituicao`),
  KEY `intervalos` (`intervalos`),
  KEY `horario` (`horario`),
  CONSTRAINT `dietas_ibfk_1` FOREIGN KEY (`paciente`) REFERENCES `pacientes` (`id_paciente`),
  CONSTRAINT `dietas_ibfk_2` FOREIGN KEY (`alimento`) REFERENCES `alimentos` (`id_alimento`),
  CONSTRAINT `dietas_ibfk_3` FOREIGN KEY (`substituicao`) REFERENCES `alimentos` (`id_alimento`),
  CONSTRAINT `dietas_ibfk_4` FOREIGN KEY (`intervalos`) REFERENCES `bebidas` (`id_bebida`),
  CONSTRAINT `dietas_ibfk_5` FOREIGN KEY (`horario`) REFERENCES `horarios` (`id_horarios`)
) ENGINE=InnoDB DEFAULT CHARSET=latin1;
/*!40101 SET character_set_client = @saved_cs_client */;

--
-- Dumping data for table `dietas`
--

LOCK TABLES `dietas` WRITE;
/*!40000 ALTER TABLE `dietas` DISABLE KEYS */;
/*!40000 ALTER TABLE `dietas` ENABLE KEYS */;
UNLOCK TABLES;

--
-- Table structure for table `doencas`
--

DROP TABLE IF EXISTS `doencas`;
/*!40101 SET @saved_cs_client     = @@character_set_client */;
/*!40101 SET character_set_client = utf8 */;
CREATE TABLE `doencas` (
  `id_doenca` int(11) NOT NULL AUTO_INCREMENT,
  `doenca` varchar(60) DEFAULT NULL,
  PRIMARY KEY (`id_doenca`)
) ENGINE=InnoDB AUTO_INCREMENT=10 DEFAULT CHARSET=latin1;
/*!40101 SET character_set_client = @saved_cs_client */;

--
-- Dumping data for table `doencas`
--

LOCK TABLES `doencas` WRITE;
/*!40000 ALTER TABLE `doencas` DISABLE KEYS */;
INSERT INTO `doencas` VALUES (1,'Nenhum'),(2,'Diabets'),(3,'Cancer'),(4,'Alzheimer'),(5,'Asma'),(6,'Pressão Alta'),(7,'Pressão Baixa'),(8,'Colesterol'),(9,'Outras');
/*!40000 ALTER TABLE `doencas` ENABLE KEYS */;
UNLOCK TABLES;

--
-- Table structure for table `habitos`
--

DROP TABLE IF EXISTS `habitos`;
/*!40101 SET @saved_cs_client     = @@character_set_client */;
/*!40101 SET character_set_client = utf8 */;
CREATE TABLE `habitos` (
  `id_habito` int(11) NOT NULL AUTO_INCREMENT,
  `quantidade` varchar(45) DEFAULT NULL,
  PRIMARY KEY (`id_habito`)
) ENGINE=InnoDB AUTO_INCREMENT=7 DEFAULT CHARSET=latin1;
/*!40101 SET character_set_client = @saved_cs_client */;

--
-- Dumping data for table `habitos`
--

LOCK TABLES `habitos` WRITE;
/*!40000 ALTER TABLE `habitos` DISABLE KEYS */;
INSERT INTO `habitos` VALUES (1,'Bom'),(2,'Ruim'),(3,'1x ao dia'),(4,'2x ao dia'),(5,'3x ao dia'),(6,'1x a cada 2 dias');
/*!40000 ALTER TABLE `habitos` ENABLE KEYS */;
UNLOCK TABLES;

--
-- Table structure for table `horarios`
--

DROP TABLE IF EXISTS `horarios`;
/*!40101 SET @saved_cs_client     = @@character_set_client */;
/*!40101 SET character_set_client = utf8 */;
CREATE TABLE `horarios` (
  `id_horarios` int(11) NOT NULL AUTO_INCREMENT,
  `hora` varchar(8) DEFAULT NULL,
  PRIMARY KEY (`id_horarios`)
) ENGINE=InnoDB AUTO_INCREMENT=53 DEFAULT CHARSET=latin1;
/*!40101 SET character_set_client = @saved_cs_client */;

--
-- Dumping data for table `horarios`
--

LOCK TABLES `horarios` WRITE;
/*!40000 ALTER TABLE `horarios` DISABLE KEYS */;
INSERT INTO `horarios` VALUES (1,'00:00'),(2,'00:30'),(3,'01:00'),(4,'01:30'),(5,'02:00'),(6,'02:30'),(7,'03:00'),(8,'03:30'),(9,'04:00'),(10,'04:30'),(11,'05:00'),(12,'05:30'),(13,'06:00'),(14,'06:30'),(15,'07:00'),(16,'07:30'),(17,'08:00'),(18,'08:30'),(19,'09:00'),(20,'09:30'),(21,'10:00'),(22,'10:30'),(23,'11:00'),(24,'11:30'),(25,'12:00'),(26,'12:30'),(27,'13:00'),(28,'13:30'),(29,'14:00'),(30,'14:30'),(31,'15:00'),(32,'15:30'),(33,'16:00'),(34,'16:30'),(35,'17:00'),(36,'17:30'),(37,'18:00'),(38,'18:30'),(39,'19:00'),(40,'19:30'),(41,'18:00'),(42,'18:30'),(43,'19:00'),(44,'19:30'),(45,'20:00'),(46,'20:30'),(47,'21:00'),(48,'21:30'),(49,'22:00'),(50,'22:30'),(51,'23:00'),(52,'23:30');
/*!40000 ALTER TABLE `horarios` ENABLE KEYS */;
UNLOCK TABLES;

--
-- Table structure for table `local_almoco`
--

DROP TABLE IF EXISTS `local_almoco`;
/*!40101 SET @saved_cs_client     = @@character_set_client */;
/*!40101 SET character_set_client = utf8 */;
CREATE TABLE `local_almoco` (
  `id_local_alm` int(11) NOT NULL AUTO_INCREMENT,
  `local_almoco` varchar(50) DEFAULT NULL,
  PRIMARY KEY (`id_local_alm`)
) ENGINE=InnoDB AUTO_INCREMENT=4 DEFAULT CHARSET=latin1;
/*!40101 SET character_set_client = @saved_cs_client */;

--
-- Dumping data for table `local_almoco`
--

LOCK TABLES `local_almoco` WRITE;
/*!40000 ALTER TABLE `local_almoco` DISABLE KEYS */;
INSERT INTO `local_almoco` VALUES (1,'Trabalho'),(2,'Em Casa'),(3,'Restaurante');
/*!40000 ALTER TABLE `local_almoco` ENABLE KEYS */;
UNLOCK TABLES;

--
-- Table structure for table `local_atendimento`
--

DROP TABLE IF EXISTS `local_atendimento`;
/*!40101 SET @saved_cs_client     = @@character_set_client */;
/*!40101 SET character_set_client = utf8 */;
CREATE TABLE `local_atendimento` (
  `id_local` int(11) NOT NULL AUTO_INCREMENT,
  `nome` varchar(45) DEFAULT NULL,
  `endereco` varchar(60) DEFAULT NULL,
  `telefone` varchar(13) DEFAULT NULL,
  PRIMARY KEY (`id_local`)
) ENGINE=InnoDB AUTO_INCREMENT=8 DEFAULT CHARSET=latin1;
/*!40101 SET character_set_client = @saved_cs_client */;

--
-- Dumping data for table `local_atendimento`
--

LOCK TABLES `local_atendimento` WRITE;
/*!40000 ALTER TABLE `local_atendimento` DISABLE KEYS */;
INSERT INTO `local_atendimento` VALUES (1,'Ajustar',NULL,NULL),(2,'Consultorio Campinas SJ',NULL,NULL),(3,'Consultório Palhoça',NULL,NULL),(4,'Soma Palhoça',NULL,NULL),(5,'GD Acessoria',NULL,NULL),(6,'A Domicilio',NULL,NULL),(7,'Evolke',NULL,NULL);
/*!40000 ALTER TABLE `local_atendimento` ENABLE KEYS */;
UNLOCK TABLES;

--
-- Table structure for table `login`
--

DROP TABLE IF EXISTS `login`;
/*!40101 SET @saved_cs_client     = @@character_set_client */;
/*!40101 SET character_set_client = utf8 */;
CREATE TABLE `login` (
  `id_login` int(11) NOT NULL AUTO_INCREMENT,
  `login` varchar(60) DEFAULT NULL,
  `senha` varchar(60) DEFAULT NULL,
  `permissao` int(11) DEFAULT NULL,
  PRIMARY KEY (`id_login`),
  UNIQUE KEY `login` (`login`)
) ENGINE=InnoDB AUTO_INCREMENT=2 DEFAULT CHARSET=latin1;
/*!40101 SET character_set_client = @saved_cs_client */;

--
-- Dumping data for table `login`
--

LOCK TABLES `login` WRITE;
/*!40000 ALTER TABLE `login` DISABLE KEYS */;
INSERT INTO `login` VALUES (1,'carline','b3376a40bb5efb64c14a11576f7207be',NULL);
/*!40000 ALTER TABLE `login` ENABLE KEYS */;
UNLOCK TABLES;

--
-- Table structure for table `observacao`
--

DROP TABLE IF EXISTS `observacao`;
/*!40101 SET @saved_cs_client     = @@character_set_client */;
/*!40101 SET character_set_client = utf8 */;
CREATE TABLE `observacao` (
  `id_observacao` int(11) NOT NULL AUTO_INCREMENT,
  `data_obs` date DEFAULT NULL,
  `paciente_obs` int(11) NOT NULL,
  `obs` text,
  PRIMARY KEY (`id_observacao`),
  KEY `paciente_obs` (`paciente_obs`),
  CONSTRAINT `observacao_ibfk_1` FOREIGN KEY (`paciente_obs`) REFERENCES `pacientes` (`id_paciente`)
) ENGINE=InnoDB AUTO_INCREMENT=15 DEFAULT CHARSET=latin1;
/*!40101 SET character_set_client = @saved_cs_client */;

--
-- Dumping data for table `observacao`
--

LOCK TABLES `observacao` WRITE;
/*!40000 ALTER TABLE `observacao` DISABLE KEYS */;
INSERT INTO `observacao` VALUES (2,'2020-12-20',191,'                                                                \r\n                          \r\nPanturrilha \r\njan: 34cm \r\nfev. 33.5\r\nmaio34  \r\njulho 34\r\nsetem 34\r\nGordura\r\njan: 13mm - 12mm - 11mm -\r\nfev. 12/\r\nmaio 12 / \r\njulho12 / \r\nsetem 11\r\nBraço D. contraido 35cm - 35.5 - 35.5 - fev. 35- maio: 35.5 / jul. 35 / setem 35.5\r\nBraço E contraido - 35cm - 35.5cm - 35.5 - fev. 35- maio:35.5 jul. 35.5 / setem36                            '),(3,'2020-12-20',543,'                                                                <br/>                            Abgail<br/>zinco 60,7<br/>Prot. c reativa 4,08<br/>vit. D - 12,2<br/>TSH: 0.03 / 1,21<br/><br/>MARITELA<br/>B12- 321<br/>VIT. D 10<br/>                            '),(4,'2020-12-20',468,'                                \r\n                            ose Mauricio \r\nRefluxo gastroesofagico fisiologico      \r\n\r\nAlimentação:\r\nTirar trigo e leite.\r\nreduzir: frutas citricas, industrializados,\r\nteor de Histaminas\r\n(queijo, vinho, carne processada)\r\nligada a 3 fatores:\r\nrespiratorio\r\nintestinal\r\npele\r\n\r\nCONSUMIR:\r\nprobioticos\r\nglutamina\r\nsilicio \r\nomega3\r\nzinco, mgnesio\r\ncomplexo B\r\n\r\nVerificar se tem H. pylory'),(5,'2021-01-18',636,'                                <br/>                            Aluno da Perfect '),(6,'2021-01-18',638,'                                Cardápios variados e ajustando com frezubim e omega 3<br/>                            '),(7,'2021-01-22',214,'                                <br/>                            Teste sensibilidade alimentar: ovos, crustáceos, amendoim, castanha caju, noz, mix legumes, soja, fermento e levedura'),(8,'2021-01-22',642,'                                <br/>                            sem visícula, bariatrica a 4 anos'),(9,'2021-01-26',643,'                                <br/>                            *Niveis altissimos de colesterol, triglicerideos, glicose<br/>*Tratamento com psiquiatra '),(10,'2021-01-28',537,'                                <br/>                Passou por covid, intenso.<br/>Vitamina D, glicose ficou alterada.           '),(11,'2021-02-17',665,'                                <br/>                            pressão, sibutramina para emagrecimento por dois meses. <br/>esteatose hepatica, hemoglobina glicada.<br/>'),(12,'2021-03-10',694,'                                <br/>                         92601610001 Abepom   '),(13,'2021-03-10',695,'                                <br/>                            Panturrilha D41 E41'),(14,'2021-03-11',698,'                                <br/>                          Colesterol (medicamento)  ');
/*!40000 ALTER TABLE `observacao` ENABLE KEYS */;
UNLOCK TABLES;

--
-- Table structure for table `pacientes`
--

DROP TABLE IF EXISTS `pacientes`;
/*!40101 SET @saved_cs_client     = @@character_set_client */;
/*!40101 SET character_set_client = utf8 */;
CREATE TABLE `pacientes` (
  `id_paciente` int(11) NOT NULL AUTO_INCREMENT,
  `nome` varchar(45) DEFAULT NULL,
  `sexo` int(11) DEFAULT NULL,
  `data_nascimento` date DEFAULT NULL,
  `cpf` varchar(11) DEFAULT NULL,
  `tp_sanguineo` int(11) DEFAULT NULL,
  `profissao` varchar(45) DEFAULT NULL,
  `telefone` varchar(12) DEFAULT NULL,
  `email` varchar(45) DEFAULT NULL,
  `altura` float DEFAULT NULL,
  PRIMARY KEY (`id_paciente`),
  KEY `sexo` (`sexo`),
  KEY `tp_sanguineo` (`tp_sanguineo`),
  CONSTRAINT `pacientes_ibfk_1` FOREIGN KEY (`sexo`) REFERENCES `sexo` (`id_sexo`),
  CONSTRAINT `pacientes_ibfk_2` FOREIGN KEY (`tp_sanguineo`) REFERENCES `tipo_sanguineo` (`id_tp_sangue`)
) ENGINE=InnoDB AUTO_INCREMENT=699 DEFAULT CHARSET=latin1;
/*!40101 SET character_set_client = @saved_cs_client */;

--
-- Dumping data for table `pacientes`
--

LOCK TABLES `pacientes` WRITE;
/*!40000 ALTER TABLE `pacientes` DISABLE KEYS */;
INSERT INTO `pacientes` VALUES (2,'Junior Cesar de Oliveira ',1,'1984-03-14','05765118976',NULL,'Programador','991480381','jrcjuniorcesar@gmail.com',1.64),(3,'Thais Appelt Peres Bartie',2,'1991-08-27',NULL,NULL,'pesquisadora','998528901','thais.appelt@gmail.com',NULL),(4,'Jonathan Bartie',1,'1991-01-09',NULL,NULL,'Autonomo ','984660918','jonathan.bartiee@gmail.com',NULL),(5,'Rynaldo Yan Da Silveira ',1,'1998-03-01',NULL,NULL,'','984762077','rynaldo.yan.98@gmail.com',NULL),(6,'Takeda ',1,'1978-10-06',NULL,NULL,'','999627857','lucianotakeda@gmail.com',NULL),(7,'Daniele Andrade Rodrigues da Cunha ',2,'1981-01-04',NULL,NULL,'Autonoma ','988143577','daniele@personacasa.com.br',NULL),(8,'Ivan Carlos Machado Nunes ',1,'1985-06-28',NULL,NULL,'Motorista ','996453183','ivannunes21@hotmail.com',NULL),(9,'Leia Oliveira - Evolke',2,'1969-12-28',NULL,NULL,'','99988013','',NULL),(10,'Sandra Olivia Coelho - Evolke',2,'1981-07-02',NULL,NULL,'','996037855','',NULL),(11,'Rosalda Lopes da Silva - Evolke',2,'1978-08-16',NULL,NULL,'','999253082','',NULL),(12,'Amanda - LR',2,'1990-01-18',NULL,NULL,'','','',NULL),(13,'Kelly Cristina de Abreu - Evolke',2,'1985-12-12',NULL,NULL,'','999533059','kellycristina_abreu@hotmail.com',NULL),(14,'Carla Fernanda Vieira - Evolke',2,'1993-07-05',NULL,NULL,'','984686598','',NULL),(15,'Leon - Evolke',1,'1994-07-14',NULL,NULL,'','','',NULL),(16,'Jean Mendes ',1,'1995-03-08','',NULL,'','984274973','jeanmendesph@gmail.com',0),(17,'Tati Cunha ',2,'1981-06-25',NULL,NULL,'','','tatianacunha.adv@gmail.com',NULL),(18,'Vanessa Cardozo - Meta',2,'1982-01-17',NULL,NULL,'','984260740','nessacardozo@gmail.com',NULL),(19,'Nelson - Meta ',1,'1979-03-23',NULL,NULL,'','','',NULL),(20,'Lilica ',2,'1979-06-29',NULL,NULL,'','','lilica@soprata.com.br',NULL),(21,'Manoel Roberto Korpalski - Proquality',1,'1983-10-20',NULL,NULL,'uber ','999529044','mrkimoveis1@gmail.com',NULL),(22,'Daiane Zeferino Cardozo ',2,'1983-04-19',NULL,NULL,'','','',NULL),(23,'Davi Muniz',1,'1965-09-07',NULL,NULL,'','','',NULL),(24,'Marlon Schutz',1,'1974-10-21',NULL,NULL,'','','',NULL),(25,'Ademilson Ferreira ',1,'1977-08-20',NULL,NULL,'','','',0),(26,'Larissa da Silva Figueiredo - Soma',2,'1999-06-17',NULL,NULL,'','','',NULL),(27,'Kely- Evolke',2,'1986-02-22',NULL,NULL,'','','',NULL),(28,'Ester Guckert',2,'1957-12-06','',NULL,'','','ederguckert@gmail.com',0),(29,'Ana Claudia Cavalcante ',2,'1983-05-31','04328821970',NULL,'','999150332','ana_dornbusch@yahoo.com.br',0),(30,'Tanane Pacheco da Costa',2,'1994-03-17',NULL,NULL,'','998008442','tananep@gmail.com',NULL),(31,'Daniela Rodrigues dos Santos ',2,'1990-04-30',NULL,NULL,'','','',NULL),(32,'Victor Henrique Monteiro Mehl',1,'2007-06-01',NULL,NULL,'','991276858 / ','tecnicos@amar.nurrevi.org',1.6),(33,'Jorge Dutra',1,'1976-06-27',NULL,NULL,'','9991677476','jetdutra@hotmail.com',NULL),(34,'GUTA - GD',2,'1979-06-11',NULL,NULL,'','','guta1979@hotmail.com',NULL),(35,'Claudio Rafael - GD',1,'1962-07-25',NULL,NULL,'','999208879','varelaribas@hotmail.com',NULL),(36,'Eliane Turani',2,'1975-04-05',NULL,NULL,'','999572974','eliturani@hotmail.com',NULL),(37,'Mirian Schmidt da Rosa - GD',2,'1965-04-17',NULL,NULL,'','999155051','miriansrb@yahoo.com.br',NULL),(38,'Maria Eduarda de Campos - AABB',2,'2003-07-12',NULL,NULL,'','996708998','maduschaimann@gmail.com',NULL),(39,'Fabiola Costa Rayzer - Evolke',1,'1988-11-11',NULL,NULL,'Financeiro','998395230','fabicrayzer@gmail.com',NULL),(40,'Camilla Cavaltante - GD ',2,'1989-06-01',NULL,NULL,'','','camiestetica@gmail.com',NULL),(41,'Guilherme Dutra ',1,'1988-07-16',NULL,NULL,'','','guii_dutra@hotmail.com',NULL),(42,'Jorge Luis Rocha ',1,'1977-07-01',NULL,NULL,'','988365315','rochajorge507@gmail.com',NULL),(43,'Estela Provesano',2,'1982-03-22',NULL,NULL,'','','eprovesano@hotmail.com ',NULL),(44,'Alexandre Rabelo',1,'1973-09-13',NULL,NULL,'','','',NULL),(45,'Jefferson Cravo - Evolke',1,'1991-09-16',NULL,NULL,'','','',NULL),(46,'Maciel Torres - Evolke',1,'1980-02-15',NULL,NULL,'','','',NULL),(47,'Thiago Valdir da Silva - Evolke',1,'1990-06-10',NULL,NULL,'','','',NULL),(48,'Michele  Moreira - Evolke',2,'1989-01-24',NULL,NULL,'','','',NULL),(49,'Luiza Pereira de Araujo',2,'1999-10-23',NULL,NULL,'','','',NULL),(50,'Guilherme Santos - Evolke',1,'1993-08-04',NULL,NULL,'','','',NULL),(51,'Elisa Gaspar - Evolke',2,'1991-03-24',NULL,NULL,'Advogada ','999160640','elisa@favereadvogados.adv.br',NULL),(52,'Kamila Kleir - Evolke',2,'1989-08-17',NULL,NULL,'','','',NULL),(53,'Rita de Cassia Pereti',2,'1966-09-26',NULL,NULL,'','','ritacp09@hotmail.com',NULL),(54,'Alessandro Alves da Silva',1,'1982-06-03',NULL,NULL,'','','alessandrolopes2@gmail.com',NULL),(55,'João Machado ',1,'1969-04-22',NULL,NULL,'','999801099','',NULL),(56,'Maria Aparecida Leal de Camargo',2,'1971-05-17',NULL,NULL,'Empresaria','996091170','cidaleal.1971@gmail.com',NULL),(57,'Pamela Carolina Duarte',2,'1994-01-08',NULL,NULL,'','996699932','pamelacarolinad@gmail.com',NULL),(58,'Heitor Jaime Silva',1,'1993-11-15',NULL,NULL,'','999535073','heitor_js@hotmail.com',NULL),(59,'Sonia Claudia de Bem e Amorim - Evolke',2,'1974-03-28',NULL,NULL,'','999674896','',NULL),(60,'Camile de Bem Gaspar - Evolke',2,'2000-07-06',NULL,NULL,'','','',NULL),(61,'Roselice Santos de Oliveira - Evolke',2,'1980-05-12',NULL,NULL,'','','',NULL),(62,'Franciele Oliveira - Evolke - Projeto',2,'1994-12-25',NULL,NULL,'','','',NULL),(63,'Juliana Sombrio - Evolke',2,'1988-03-18',NULL,NULL,'','','',NULL),(64,'Lisiane Crispim Horatz Espindola - Evolke',2,'1980-05-21',NULL,NULL,'','','liasianeespindola@bol.com.br',NULL),(65,'Anelise Amabile Espindola - Evolke',2,'2005-04-21',NULL,NULL,'','','lisianeespindola@bol.com.br',NULL),(66,'Beatriz Soares de Almeida - Evolke',2,'1997-11-01',NULL,NULL,'','','',NULL),(67,'Debora Azevedo Farias - Evolke',2,'1990-04-24',NULL,NULL,'','','',NULL),(68,'Franciele da Silva - Evolke',2,'1988-06-16',NULL,NULL,'','','',NULL),(69,'Tatiana Lessa - Evolke',2,'1980-09-01',NULL,NULL,'','','',NULL),(70,'Allan Silveira de Souza - Evolke',1,'1983-07-23',NULL,NULL,'','','',NULL),(71,'Valentina Rocha Sabença Dias - Evolke ',2,'1991-07-09',NULL,NULL,'','','',NULL),(72,'Fernanda Sousa Girardi - Evolke',2,'1984-10-04',NULL,NULL,'','','',NULL),(73,'Renan Fernandes - Evolke',1,'1989-06-01',NULL,NULL,'','','',NULL),(74,'Daiane Delaiti - Evolke',2,'1985-06-20',NULL,NULL,'','','',NULL),(75,'Melina Boaventura - Evolke',2,'1992-04-16',NULL,NULL,'','','',NULL),(76,'Jucelle Pricilla Schreiber - Evolke',2,'1984-09-05',NULL,NULL,'','','',NULL),(77,'Juliana Scheriber da Silva - Evolke ',2,'1993-02-19',NULL,NULL,'','','',NULL),(78,'Josiel Mohr - Evolke',1,'1988-01-30',NULL,NULL,'','','',NULL),(79,'Caroline Mohr ',2,'1994-05-23',NULL,NULL,'','','carolinehbarbosa@gmail.com',0),(80,'Debora Alves Santos - Evolke ',2,'1985-07-09',NULL,NULL,'','','',NULL),(81,'Elisa Geronimo - Evolke ',2,'1990-06-15',NULL,NULL,'','','',NULL),(82,'Denise Cabral ',2,'1968-11-25',NULL,NULL,'','','',NULL),(83,'Priscila Franco ',2,'1991-12-18',NULL,NULL,'','','priscila_rosario@hotmail.com',NULL),(84,'Maria Franco ',2,'1963-12-25',NULL,NULL,'','','mariafranco63@gmail.com',NULL),(85,'Leandro Teixeira ',1,'1995-04-22',NULL,NULL,'','','leandroschande@gmail.com',NULL),(86,'Aline Correa de Souza',2,'1992-12-24',NULL,NULL,'','','aline.correa.art@gmail.com',NULL),(87,'Adriana Carvalho Silva ',2,'1971-01-17',NULL,NULL,'','9841737296','sosaude01@outlook.com ',NULL),(88,'Bruna Fenarnda Kloppel Ugioni - Evolke',2,'1984-12-10',NULL,NULL,'empresaria','991872982','brunak.nutricao@gmail.com ',NULL),(89,'Carlos Alberto Pereira - GD',1,'1974-01-24',NULL,NULL,'Representante comercial','999836471','carlos74.carlosalberto@gmail.com',NULL),(90,'Regiane Keli dos Santos',2,'1975-09-14',NULL,NULL,'','984631696','rekeli2011@hotmail.com',NULL),(91,'Alexandra Julia Moraes',2,'1994-08-04',NULL,NULL,'','49 999065791','alexandramoraessl@gmail.com',NULL),(92,'CARLINE MOESCH',2,'1987-10-21',NULL,NULL,'','','',NULL),(93,'Emerson Wolf',1,'1982-03-17',NULL,NULL,'','','',NULL),(94,'Carmen - Emerson',2,'1959-09-17',NULL,NULL,'','','',NULL),(95,'Fernanda Cristina Viana - Evolke',2,'1981-08-15',NULL,NULL,'','','',NULL),(96,'Mayara Gil Dimon - Evolke',2,'1994-08-10',NULL,NULL,'','999450922','',NULL),(97,'Celio Roberto Ramos - Evolke ',1,'1979-02-05',NULL,NULL,'','996644100','',NULL),(98,'Nathalia Martins Da Camara - Evolke',2,'1996-11-04',NULL,NULL,'','998591213','',NULL),(99,'Ana Cristina - Evolke',2,'1997-02-08',NULL,NULL,'','996954806','',NULL),(100,'Fabio Coradin ',1,'1983-12-03',NULL,NULL,'','9999632716','fabio.coradin@gmail.com',NULL),(101,'Mauro Luiz Vieira e Silva - Proquality',1,'1991-06-09',NULL,NULL,'','','s.mauro9001@gmail.com',NULL),(102,'Ariane Medeiros',2,'1992-06-02',NULL,NULL,'','','ariane.medeiros.alves@hotmail.com',NULL),(103,'Mariangela Borges Silveira',2,'1989-03-19',NULL,NULL,'','','',NULL),(104,'Camila Dequech de Oliveira ',2,'1991-12-30',NULL,NULL,'','','cahdequech@gmail.com',NULL),(105,'Victor M. P. Grillo',1,'1980-08-20',NULL,NULL,'','','',NULL),(106,'Raphael Donida - Meta',1,'1980-12-14',NULL,NULL,'','','donida@gmail.com',NULL),(107,'Priscila Remzetti Regis Reis - GD',2,'1982-06-14','',NULL,'Contadora ','','priscilaregis01@gmail.com',0),(108,'Jorge Luiz Borges - GD ',1,'1978-08-15','02220401901',NULL,'','','borges249@yahoo.com.br',0),(109,'Vinicius Cesar de Oliveira',1,'1995-09-26',NULL,NULL,'','','',NULL),(110,'André Correa Selhoerts',1,'2008-05-22',NULL,NULL,'','','',1.57),(111,'Caroline Sisti',2,'1988-11-25',NULL,NULL,'','','',NULL),(112,'Angelica Finatto',2,'1984-09-27',NULL,NULL,'','','',NULL),(113,'Gustavo Borges Pereira - Evolke',1,'2001-09-14',NULL,NULL,'','','',NULL),(114,'Maria Fernanda Souza Correia - Maré',2,'2008-04-13',NULL,NULL,'','','',NULL),(115,'Fernanda Regina de Souza -Maré',2,'1977-09-09',NULL,NULL,'','','',NULL),(116,'Janaina do Santos Will',2,'1938-12-31',NULL,NULL,'','','jana.will09@hotmail.com',NULL),(117,'Ana Francisca Starosky Nunes',2,'1986-01-27',NULL,NULL,'','','anastarosky@hotmail.com',NULL),(118,'André Moeller Gabel',1,'1996-02-27',NULL,NULL,'Estudante ','','moellerbabelandre@gmail.com ',NULL),(119,'Yngrid Reichmoth day Thaesen Eli ',2,'2000-11-28',NULL,NULL,'','','',NULL),(120,'Jona Abel Thesn Eli',1,'1972-08-08',NULL,NULL,'','','',NULL),(121,'Ana  Reichmoth Day Thaesen Eli ',2,'1971-01-29',NULL,NULL,'','','chrisrday29@gmail.com',NULL),(122,'Iohanne  Reichmoth Day Thaesen Eli ',2,'2003-12-10',NULL,NULL,'','','',NULL),(123,'Patricia da Lapa Martins ',2,'1978-03-12',NULL,NULL,'','999160082','lapa_patricia@yahoo.com.br',NULL),(124,'Luiza Gelsleichter Ludwig',2,'1992-03-03',NULL,NULL,'Biomédica ','','luizagludwig@gmail.com',NULL),(125,'Suzani De Simas ',2,'1989-07-20',NULL,NULL,'em casa ','999213646','suzanidesimas@gmail.com',NULL),(126,'Nilce - Joanilce Maccarini ',2,'1968-01-27',NULL,NULL,'','','nilce@eletrosul.gov.br',NULL),(127,'Aline Flor ',2,'1980-04-21',NULL,NULL,'','','alineflorcoching@gmail.com',NULL),(128,'Guilherme de Melo ',1,'1989-02-26','07622934976',NULL,'','991019660','guilherme_melo26@hotmail.com',0),(129,'Rogerio Marques Leite',1,'1976-06-22',NULL,NULL,'','991897401','r22ml@yahoo.com.br',NULL),(130,'Juliana Luisa Leite ',2,'1987-01-19',NULL,NULL,'','999012592','julianaluizaleite@gmail.com',NULL),(131,'Eliane Silveira ',2,'1961-05-02',NULL,NULL,'','','',NULL),(132,'Andres Kindel Barbosa - AABB',1,'2001-12-11',NULL,NULL,'','','',NULL),(133,'Enzo - AABB',1,'2002-10-18',NULL,NULL,'','','',NULL),(134,'Gabriel Cezar - AABB',1,'2003-10-03',NULL,NULL,'','','',NULL),(135,'Guilherme José Stocco - AABB',1,'2001-07-24',NULL,NULL,'','','',NULL),(136,'João Matheus França - AABB',1,'1999-03-09',NULL,NULL,'','','joaofrancaa@gmail.com',0),(137,'Leonardo Souto - AABB',1,'2002-12-06',NULL,NULL,'','','',NULL),(138,'Matheus Limeira - AABB',1,'2001-02-13',NULL,NULL,'','','',NULL),(139,'Natan Link Schmidt - AABB',1,'2003-04-25',NULL,NULL,'','','',NULL),(140,'Thiago Schupp - AABB',1,'2002-05-17',NULL,NULL,'','','thiagoschupp2014@gmail.com',0),(141,'Thomas Sagas - AABB',1,'2001-11-16',NULL,NULL,'','','',NULL),(142,'Victor Hugo Dutra Martins - AABB',1,'2002-12-21',NULL,NULL,'','','',NULL),(143,'Victor Hugo Querino - AABB',1,'2002-12-25',NULL,NULL,'','','',0),(144,'Arthur Jaeger - AABB',1,'2004-01-08',NULL,NULL,'','','',NULL),(145,'Caio André - AABB',1,'2004-05-11',NULL,NULL,'','','',NULL),(146,'Felipe Valmorbida - AABB',1,'2001-05-18',NULL,NULL,'','','',NULL),(147,'João Vitor Ambrosini Melo - AABB',1,'2004-07-09',NULL,NULL,'','','',0),(148,'Lucas de Oliveira - AABB',1,'2005-04-02',NULL,NULL,'','','',NULL),(149,'Olga Marcia de Oliveira - Evolke',2,'1967-04-13',NULL,NULL,'','','',NULL),(150,'Nali Gonçalves Silvestre - Evolke',2,'1969-01-23',NULL,NULL,'','','',NULL),(151,'Olgalina Oscar Machado ',2,'1948-06-24',NULL,NULL,'','32593058 / 9','',NULL),(152,'Salene B. Jacinto ',2,'1960-07-02',NULL,NULL,'','999010823','salenepj@hotmail.com / xodo.modas@hotmail.com',NULL),(153,'Rosangela Corea Oliveira Rodrigues ',2,'1958-03-09',NULL,NULL,'','999149972','roolirodrigues@yahoo.com.br',NULL),(154,'Allana Borba Vieira - AABB',2,'2006-03-10',NULL,NULL,'','','',NULL),(155,'Amanda Solano Garcia - AABB',2,'2004-08-20',NULL,NULL,'','','',NULL),(156,'Amanda Souza Reis - AABB',2,'2004-06-13',NULL,NULL,'','','',NULL),(157,'Ana Carolina Correa W. - AABB',2,'2004-05-18',NULL,NULL,'','','',NULL),(158,'Ana Clara Kons N. - AABB',2,'2005-01-27',NULL,NULL,'','','anatessalah@hotmail.com',0),(159,'Cecilia Klamt - AABB',2,'2002-12-26',NULL,NULL,'','','',NULL),(160,'Hanna Luiza Pereira - AABB',2,'2003-07-29','',NULL,'','984649307','hanna.pereira03@gmail.com',0),(161,'Isabelle Costa Lopes - AABB',2,'2003-07-03',NULL,NULL,'','','',NULL),(162,'Julia Chassot Pimmel - AABB',2,'2003-08-22',NULL,NULL,'','','',NULL),(163,'Julya de Morais - AABB',2,'2002-09-12','',NULL,'','','',0),(164,'Laura Chalfun Pinto - AABB',2,'2002-01-12',NULL,NULL,'','','',NULL),(165,'Livia Michels - AABB',2,'2004-03-22',NULL,NULL,'','','',NULL),(166,'Luana Oliveira - AABB',2,'2001-05-12',NULL,NULL,'','','',NULL),(167,'Maysa -AABB',2,'2003-03-23',NULL,NULL,'','','',NULL),(168,'Sara Borin - AABB',2,'2004-11-26',NULL,NULL,'','','',NULL),(169,'Sara Borin - AABB',2,'2004-11-26',NULL,NULL,'','','',NULL),(170,'Sarah - AABB',2,'2003-09-07',NULL,NULL,'','','',NULL),(171,'Sofia - AABB',2,'2004-08-01',NULL,NULL,'','','',NULL),(172,'Jaqueline Vieira de Souza - Evolke',2,'1981-06-06',NULL,NULL,'','','',NULL),(173,'Caroline de Lima - Evolke ',2,'1990-08-24',NULL,NULL,'','99224912','',NULL),(174,'Giselle Vilvert - Evolke ',2,'1988-07-26',NULL,NULL,'','984248228','',NULL),(175,'Karine Muniz da Silva Damaceno - Evolke ',2,'1990-04-02',NULL,NULL,'','984227626','',NULL),(176,'Silvana Prado - GD',2,'1977-05-07',NULL,NULL,'','996701127','maluhair2007@gmail.com',NULL),(177,'Laura Zacchi da Rosa - Evolke',2,'2001-05-12',NULL,NULL,'','996202424','laura_zacchi@hotmail.com',NULL),(178,'Leticia Fonsceca - Consultorio',2,'1975-03-04',NULL,NULL,'','','leticiama75@gmail.com',NULL),(179,'Scheila Pianezzer Nappi Ferreira ',2,'1982-02-16',NULL,NULL,'Bancaria ','991120112','schenappi@gmail.com',NULL),(180,'Wellington Lohn Onorato',1,'1997-01-07',NULL,NULL,'','996353654','a.s.felipe3@hotmail.com',NULL),(181,'André Luis Ludvig',1,'1981-05-28',NULL,NULL,'','996212274','ludvig1981@gmail.com',1.82),(182,'Debora Cristiane de Assis - GD',2,'1985-10-08',NULL,NULL,'','47 992432221','deboradeassis@gmail.com',NULL),(183,'Jonathan Pellens',1,'1986-03-21',NULL,NULL,'','988083064','jonathanpellens@hotmail.com / stahelenapadari',NULL),(184,'Nelio Killpp',1,'1970-11-09',NULL,NULL,'','996245415','neliokillpp@gmail.com',NULL),(185,'Andreza Regina Dutra ',2,'1976-02-03',NULL,NULL,'','991767476','dricafloripa2005@yahoo.com.br',NULL),(186,'Michelli Mendes Paes',2,'1977-01-10',NULL,NULL,'','996435540','mm.paes@yahoo.com.br',NULL),(187,'Ione Maculan',2,'1984-11-22',NULL,NULL,'','991304798','ionemaculan@hotmail.com',NULL),(188,'Emanuela Furtado ',2,'2001-09-26',NULL,NULL,'','996500712','emanuela.emf@gmail.com',NULL),(189,'Leia Mayer',2,'1977-07-01',NULL,NULL,'','','',NULL),(190,'Franciele Mendes Soarez - Attitude',2,'1994-08-29',NULL,NULL,'','984104945','fran_cieli94@hotmail.com',NULL),(191,'Gustavo Moura de Souza',1,'1993-08-03',NULL,NULL,'Autonomo ','9091803662','gustavomoura@outlook.com.br',NULL),(192,'Debora  Cristina Silveira',2,'1989-05-25',NULL,NULL,'','991165601','debora_c_silveira@hotmail.com',NULL),(193,'Milena Stefane Cemin',2,'1993-12-23',NULL,NULL,'Empresaria ','991682034','milenacemin@live.com',NULL),(194,'Graziella da Cruz',2,'1984-12-04',NULL,NULL,'financeiro','984225747','grazetuca@hotmail.com',NULL),(195,'Jozane Vieira',2,'1986-06-17',NULL,NULL,'','','',NULL),(196,'Felipe Hertwig',1,'1985-02-27',NULL,NULL,'','','',NULL),(197,'Natalia Vieira Oliveira  - GD',2,'1987-04-28',NULL,NULL,'Suprimentos ','996117546','nataliamell09@gmail.com',NULL),(198,'Thiago Araujo ',1,'1987-07-20',NULL,NULL,'analista de suporte ','','tca_araujo@yahoo.com.br',NULL),(199,'Paula Cristina Pereira Senhorinha ',2,'1981-12-28',NULL,NULL,'','999895773','cariocalavanderia@gmail.com ',NULL),(200,'Renata Muniz de Souza Santiago ',2,'1984-01-23',NULL,NULL,'advogada','999171333','remunizsouza@gmail.com',NULL),(201,'Brenda de Souza Silveira Reinecke ',2,'1992-10-22',NULL,NULL,'','988313470','brendadesouza22@hotmail.com',NULL),(202,'Luciane Pereira Lopes - GD',2,'1977-12-26',NULL,NULL,'','999593112','guchalopes@hotmail.com',NULL),(203,'Suzane Ferreira - Su',2,'1989-06-06',NULL,NULL,'','996908702','suzani59@hotmail.com ',NULL),(204,'Douglas Marcelino ',1,'1995-03-22',NULL,NULL,'','991247971','douglas@prevenirsc.com.br',NULL),(205,'Jacqueline Camara ',2,'1973-03-04',NULL,NULL,'','996780403','inecamara@yahoo.com.br',NULL),(206,'Leila Santin de Lima - meta',2,'1985-06-25',NULL,NULL,'contabilidade ','991018876 / ','leila@seecon.com.br',NULL),(207,'Maria Eduarda da Silveira',2,'1996-11-23',NULL,NULL,'','984626882','maria.eduarda.slvr@gmail.com',NULL),(208,'Beatriz Schafhauser de Oliveira ',2,'1985-02-25',NULL,NULL,'dentista ','996149724','beatrizsoliveira25@gmail.com',NULL),(209,'Ronaldo Garcia Junior',1,'1983-01-01',NULL,NULL,'',' 996270323','rr.ronaldo10@gmail.com',NULL),(210,'Henrique Gonçalves de Medeiros -AABB',1,'2004-03-30',NULL,NULL,'','','',0),(211,'Taina Rosa',2,'2005-08-19',NULL,NULL,'','','',NULL),(212,'Victoria Martins - AABB',2,'2004-12-30',NULL,NULL,'','','',NULL),(213,'Marta Pacheco - GD',2,'1985-07-05',NULL,NULL,'empresaria ','984383357','martakrpacheco@gmail.com',NULL),(214,'Rosangela Machado ',2,'1967-08-31','57944458900',NULL,'','991160017','rosangela150716@gmail.com',0),(215,'Samara Dias ',2,'1989-05-23','06869854947',NULL,'arquiteta ','47992401236','sah_dias@outlook.com',0),(216,'Ivanete Alves dos Santos - Perfect',2,'0000-00-00',NULL,NULL,'','991335025','m.modular@yahoo.com.br',NULL),(217,'Grace Machado - GD',2,'1977-07-11',NULL,NULL,'Ser. Publica ','999201107','grace18014@hotmail.com',NULL),(218,'Vitor Dias Victorino ',1,'2009-03-30',NULL,NULL,'','984443900','',NULL),(219,'Nilton Crestane de Araujo ',1,'1985-06-30',NULL,NULL,'Programador','9999182393','crestani@gmail.com',NULL),(220,'Rafael Paes Meirelles',1,'1983-07-06',NULL,NULL,'Medico','988-032949','rafaelpaesmeirelles@hotmail.com',NULL),(221,'Claudia Marcos ',2,'1980-06-09',NULL,NULL,'','984763383','claudiareginamarcos@hotmail.com',NULL),(222,'Dirlei Machado - GD',2,'1991-07-17',NULL,NULL,'Administrativo','991926002','dida_dirlei_machado@hotmail.com',NULL),(223,'Claudia Do Vale Rangel - Gd',2,'1970-06-23',NULL,NULL,'correios ','984171094','clauvalerangel@gmail.com',NULL),(224,'Nathan Soares do Nascimento',1,'1981-06-01',NULL,NULL,'','984189769','gemeoscarfilmes2@hotmail.com',NULL),(225,'Janine de Souza da Silva - GD',2,'1975-10-08',NULL,NULL,'','984162116','janineboby@hotmail.com',NULL),(226,'Cleonice Zanini',2,'1968-10-05','61291102949',NULL,'','996107439','cleonicezanini510@gmail.com',0),(227,'Marisa Cunico - Paulo ',1,'1986-11-07',NULL,NULL,'cabelereira ','49 999594155','',NULL),(228,'Clea Ana Seganfredo',2,'1942-07-27',NULL,NULL,'','','clea_ana@hotmail.com ',NULL),(229,'Viviane Aparecida Pereira Oliveira ',2,'1974-07-16','01479078964',NULL,'Func. p','984054423','voliveiravivi@hotmail.com',0),(230,'Barbara Broering e Silva - GD',2,'1990-04-16',NULL,NULL,'Enfermeir','999324844','barbarabrosilva@gmail.com',NULL),(231,'Maria Ligia dos Reis Belaguarda ',2,'1965-06-23',NULL,NULL,'enfermeira','999810370','bellaguardaml@gmail.com',NULL),(232,'Sandra Elizabete de Melo - GD',2,'1960-11-01',NULL,NULL,'aposentada','996807001','sanmelosc@hotmail.com',NULL),(233,'Deize Maria Kloppel Sonaglio - GD',2,'1966-09-13',NULL,NULL,'Tec. segurança trabalho','996806438','deizekson@hotmail.com',NULL),(234,'Nelzi Maria MAria da Silva ',2,'1943-03-14',NULL,NULL,'Aposentada ','','luizhenriqueedeiserose@gmail.com',NULL),(235,'Fabiana Weber - LR',2,'1980-08-21',NULL,NULL,'','','',NULL),(236,'Raquel Duarte - LR',2,'1991-08-09',NULL,NULL,'','','',NULL),(237,'Elane - LR',2,'1977-03-07',NULL,NULL,'','','',NULL),(238,'Marcilene - LR',2,'1977-02-25',NULL,NULL,'','','',NULL),(239,'Rafaela Salvador -LR',2,'1989-10-21',NULL,NULL,'','','',NULL),(240,'Kamyla  Cristina Campos da Silveira - LR',2,'1992-03-14',NULL,NULL,'','','',NULL),(241,'Silvana Schlichtng - LR',2,'1984-05-28',NULL,NULL,'','','',NULL),(242,'Bruna Francine da Costa Marchetti - LR',2,'1989-06-13',NULL,NULL,'','','',NULL),(243,'Aline Goulart - LR ',2,'1989-08-28',NULL,NULL,'','','',NULL),(244,'Fernanda Prim Abreu - LR',2,'1981-12-07',NULL,NULL,'','','',NULL),(245,'Waleska Machado Ribeiro de Souza',2,'1991-01-04',NULL,NULL,'','51 981939752','wa_mr@hotmail.com',NULL),(246,'Mirella Freitas - Alemão',2,'1982-08-28',NULL,NULL,'Cord. Pedagogica','996503018','midf-1982@hotmail.com',NULL),(247,'Ralucildes Marcon ',2,'1952-04-20',NULL,NULL,'','996805803','ralucildesmarcon@gmail.com',NULL),(248,'Ourdes Gesser da Silveira ',2,'1955-11-21',NULL,NULL,'','999721916','entregar',NULL),(249,'Cleide Machado ',2,'1967-01-03',NULL,NULL,'Comerciante','991034971','cleidemachadocm1967@gmail.com',NULL),(250,'Tatiani Nilsa Goulart - LR',2,'1980-12-05',NULL,NULL,'','','',NULL),(251,'Helena Amorim',2,'1986-10-25',NULL,NULL,'','998110238','le.amorimpereira@gmail.com',NULL),(252,'Paula Polidorio Figueiredo ',2,'1992-07-14',NULL,NULL,'','999483178','paula.polidorio@gmail.com',NULL),(253,'Henrique Figueiredo - Paulinha',1,'1987-10-09',NULL,NULL,'','991646286','henriquefigueiredo87@gmail.com',NULL),(254,'Alexandre da Silva ',2,'1982-08-08',NULL,NULL,'','988553399','xandedsilva@gmail.com',NULL),(255,'Gean Carlo Juncks - GD',1,'1981-04-29',NULL,NULL,'Marceneiro','999096521','geancjuncks@gmail.com',NULL),(256,'Solane Joanita Bohn Henke  - LR',2,'1983-09-25',NULL,NULL,'Pedagoga','996070299','solane_bohn@hotmail.com',NULL),(257,'Sara M. Nascimento - LR ',2,'1993-03-02',NULL,NULL,'Estetica ','999648404','saramelverstet@hotmail.com.br',NULL),(258,'Marilia Danieli Junta - LR',2,'1989-07-10',NULL,NULL,'','991020472','mariliajunta89@gmil.com',NULL),(259,'Simone da Fonseca Soaares - Proquality',2,'1969-08-11',NULL,NULL,'advogada','53984780828','escritorio.simonesoares@gmail.com',NULL),(260,'Elis Trisch',2,'1976-08-30',NULL,NULL,'Salão ','984983398','trisch.elis@gmail.com',NULL),(261,'Robson Chavez Camara',1,'1971-09-13',NULL,NULL,'Medico','996199626','camara.robson@yahoo.com',1.75),(262,'Fabricia Rodrigues Lino Ribeiro',2,'1991-01-06',NULL,NULL,'Analista de cadastros','998044830','fabriciarlino@hotmail.com',NULL),(263,'Rhebeca Tatiane Santos Luis',2,'1994-12-20',NULL,NULL,'','991508109','rhebeca_tatiane@hotmail.com',0),(264,'Fabricio Luiz ',1,'1988-09-30',NULL,NULL,'','9916365556','fabricio@linecoaching',0),(265,'Loreni Quadros ',2,'1978-04-05',NULL,NULL,'','991427684','quadrosloreni@gmail.com',1.58),(266,'Maria Isabel - Leo',2,'2005-07-14',NULL,NULL,'','','',1.65),(267,'Danieli Weiss - Leo',2,'1985-03-01',NULL,NULL,'','984020215','danyely_1@yahoo.com.br',0),(268,'Taynara Santos Goulart - LR',2,'1998-05-16',NULL,NULL,'','996452202','',1.6),(269,'Danielle Scheidt - LR',2,'1998-10-11',NULL,NULL,'','984627767','',1.59),(270,'Thayla Panplona Peretti ',2,'1986-09-09',NULL,NULL,'Func. Publica','999150362','thaylaperetti@hotmail.com',0),(271,'Mariane Machado Lima - Leo',2,'1989-08-25',NULL,NULL,'enfermeira','984886130','mariane36@hotmail.com ',0),(272,'Sonia Correa Demboski - Estetica',2,'1971-09-03',NULL,NULL,'','','contato@salgadoscorreia.com.br',0),(273,'Fabiana Fontoura ',2,'1986-09-28',NULL,NULL,'Estudante ','984212275','fabyanaa@hotmail.com',1.64),(274,'Ismael Luis da Silva - GD',1,'1969-02-09',NULL,NULL,'','991764242','pintor.tecfac@hotmail.com',0),(275,'Eva Aparecida dos Santos ',2,'1980-05-12',NULL,NULL,'','996324232','michelepink9@gmail.com',0),(276,'Mayara T. Furtado - Tijucas',2,'1986-11-12',NULL,NULL,'','999160699','mfurtado@iguatemi.com.br',1.58),(277,'Pamela Inacio ',2,'1999-01-09',NULL,NULL,'','996964402','pamelainacio0901@gmail.com',1.59),(278,'Lucas Amorim ',1,'2005-06-23',NULL,NULL,'','9984471235','lucascartagenes@gmail.com',1.71),(279,'Rosana Do Nascimento Leal',2,'1966-06-11',NULL,NULL,'saladeira ','984066233','',1.56),(280,'Elisa de Oliveira Dos Santos Pauli - GD',2,'1976-12-04','02048899951',NULL,'professora','984342976','elisapauli@gmail.com',0),(281,'Greyka Franschini - BIOFITT',2,'1992-10-12',NULL,NULL,'estudante','996460427','greyka.novavet@gmail.com',0),(282,'Gabriela Goedert da Silva Ribeiro -Attitude',2,'1982-04-04',NULL,NULL,'contadora - maquiadora','996593292','gabrielagoedert3@gmail.com',1.68),(283,'Elenice da Rosa ',2,'1982-12-17',NULL,NULL,'cabelereira','32484569 / 9','ellashair@hotmail.com',1.6),(284,'Marina Pereira Rosa - Leo',2,'1994-03-31',NULL,NULL,'estudante ','985009143','marina.rosa31@gmail.com',1.74),(285,'Daiane Schlichting - Proquality',2,'1993-12-07',NULL,NULL,'Comerciante','984655793','daiane_s17@hotmail.com',1.63),(286,'Cristina De Matos ',2,'1975-06-08','90915453991',NULL,'contadora','988366700','cristinacontac@gmail.com',0),(287,'João Victor D. - Guta ',1,'2002-09-15',NULL,NULL,'','998259533','guta1979@hotmail.com',1.87),(288,'Flavio Coelho - GD',1,'1972-07-06',' 8232190698',NULL,'Advgado','984083075','advfc@hotmail.com',0),(289,'Lucila dos Prazeres da Silva ',2,'1977-11-25',NULL,NULL,'','984940883','lucila_p_silva@hotmail.com',1.63),(290,'José Carlos Macedo de Liz ',2,'1969-08-12',NULL,NULL,'','984519520','jc.liz@hotmail.com',1.73),(291,'Marisete Antunes de Lima Liz',2,'1972-10-07',NULL,NULL,'professora','984712160','mary-lyz@hotmail.com',1.59),(292,'Maria Eduarda Nicoleit - Leo',2,'1999-12-12',NULL,NULL,'','','',1.52),(293,'Katlyn Carolina Teodoro - Leo',2,'1987-07-04',NULL,NULL,'','49 999023030','',1.66),(294,'Carine de Souza Lima ',2,'1973-12-12',NULL,NULL,'','996586848','karinelima1273@gmail.com',0),(295,'Danielle Machado Schutz - Leo ',2,'1996-04-19',NULL,NULL,'','99852367','daniellemschutz@hotmail.com',1.62),(296,'Felipe Zunino',1,'1982-08-16',NULL,NULL,'dentista ','99012421','lipezunino@hotmail.com',1.73),(297,'Taiane da Rosa - Leo',2,'1989-03-20',NULL,NULL,'','991277784','taianedarosah2003@gmail.com',0),(298,'Moises Andrade De Jesus',1,'1982-12-22',NULL,NULL,'rep. comercial','991757572','moises.andrade@gmail.com',1.9),(299,'Debora Farias',2,'1978-02-18',NULL,NULL,'esteticista ','','hb_academia@hotmail.com',1.64),(300,'Gabriel Vicente - AABB',1,'2003-10-18',NULL,NULL,'','','',1.7),(301,'Lucas Domingues - AABB',1,'2003-10-05',NULL,NULL,'','','',1.85),(302,'Aline Souza - AABB',2,'2004-08-20',NULL,NULL,'','','',1.65),(303,'Maria Eduarda Abromovicz - AABB',2,'2003-02-07',NULL,NULL,'','','',1.55),(304,'Camila Martins Schmidt - AABB',2,'2004-05-03',NULL,NULL,'','','',1.68),(305,'Rosana De Souza Justino - Leo',2,'1990-02-17',NULL,NULL,'','984590886','',1.57),(306,'Alyson Rodrigo da Silva - MD',1,'1980-03-14',NULL,NULL,'representante MD','991213630','alynutri@gmail.com',1.78),(307,'Priscila Campos Zimmermann',2,'1989-04-01',NULL,NULL,'autonoma ','991269805','priscilahcampos@hotmail.com',0),(308,'Ana Carolina de Lima Reis ',2,'1984-10-05',NULL,NULL,'','991677535','anacarollreis@gmail.com',1.7),(309,'Sandra Mara Cavalcante ',2,'1955-01-31',NULL,NULL,'','32443014 / 9','sandracdornbusch@gmail.com',0),(310,'Maria Aparecida Gonzaga Francisco - CIDA',2,'1973-04-19',NULL,NULL,'','984612027','mcf70w@yahoo.com .br',1.65),(311,'Beatriz de Espindla Cysne',2,'1996-10-24',NULL,NULL,'Estudante ','998493920','beatriscysne@gmail.com',1.62),(312,'Layla Z. da Rosa Coelho ',2,'1988-08-08',NULL,NULL,'','984675343','layla_zacchi@hotmailcom',0),(313,'Pamela Franscine de Oliveira da Silva',2,'1989-05-09',NULL,NULL,'','991058233','pamelafranscinenutri@gmail.com',1.64),(314,'Dandara M. Ferreira das Chagas - META',2,'2007-06-18',NULL,NULL,'','991140255 mã','dilceia.chagas@unicredi.com.br',0),(315,'Arzena Ferreira - META',2,'1956-11-21',NULL,NULL,'','999654455','',0),(316,'Fabio Da Silva - GD',1,'1982-08-16',NULL,NULL,'Coordenador financeiro','984253836','fabiosilvacont@hotmail.com',0),(317,'Mariana Küch    ',2,'2008-03-27',NULL,NULL,'Estudante ','998529456','mariana.kuch@gmail.com',1.48),(318,'Manuela Küch',2,'2005-04-15',NULL,NULL,'Estudante ','48 984462228','manuela.kuch@gmail.com',1.57),(321,'Marlise Moesch',2,'1975-03-27',NULL,NULL,'Administrativo','48 999142607','marlise.moesch@gmail.com',1.61),(322,'Laercio',1,'1975-02-23',NULL,NULL,'','','',0),(323,'Cristina de Brida ',2,'1978-12-24',NULL,NULL,'','','',0),(324,'Mayana - Leo',2,'1988-02-25',NULL,NULL,'','984620301','',1.59),(325,'Juliana Cristina da Cruz - Leo',2,'1983-09-14',NULL,NULL,'','999375168','',0),(326,'Bruna Scheidt - Leo',2,'1996-05-30',NULL,NULL,'','998462185','',0),(327,'Maria Gorete - Leo',2,'1971-12-07',NULL,NULL,'','996556045','',0),(328,'Ana Claudia Weber _ Leo ',2,'1989-12-17',NULL,NULL,'','984371560','',0),(329,'Amanda Porto - Leo',2,'1995-09-26',NULL,NULL,'','996914731','',1.65),(330,'Alex Binotti - Leo ',1,'1998-05-24',NULL,NULL,'','996813880','alexbinotti_@hotmail.com',0),(331,'Renata B. Vieira - Meta ',2,'1980-07-13',NULL,NULL,'','999573404','vieirareh@hotmail.com',1.64),(332,'Sidney B. Vieira - Meta',1,'1979-07-07',NULL,NULL,'','999224677','sidneybesen@yahoo.com.br',1.79),(336,'Sara Bruch Jacinto',2,'2003-09-18',NULL,NULL,'','996717479','sarabruchjacinto@hotmail.com',1.75),(337,'Rose Maria Kamozzatto - Meta',2,'1959-02-05',NULL,NULL,'','991620260','kamokomodas@hotmail.com ',0),(338,'Ivo Camozzatto',1,'1957-08-09',NULL,NULL,'','991610322','kamokomodas@hotmail.com ',0),(339,'Andrea Baldoino Rocha Soares - Santte',2,'1977-12-17','',NULL,'','999514598','santtesaude@hotmail.com',0),(340,'Fernanda De Freitas - Santté',2,'1983-08-09',NULL,NULL,'Do lar','985052572','fernandafreitas455@gmail.com ',0),(341,'Lourdes Gesser da Silveira ',2,'1955-11-21',NULL,NULL,'','999721916','',0),(342,'Nadia Brandes',2,'1979-08-09',NULL,NULL,'','999944282','nadiachistebrandes@gmail.com',0),(343,'Ghybson Gregh Martins',1,'1985-11-02',NULL,NULL,'','','',1.77),(344,'Adesia Leozina Nascimento Silva ',2,'1965-02-18',NULL,NULL,'Professora','984607031','barbaraadm05@gmail.com',0),(345,'Jaqueline Schlemper',2,'1987-04-05',NULL,NULL,'','','jaqueschlemperpersonal@gmail.com',1.65),(346,'Marlete Maria Fraga Cunha - Meta ',2,'1966-12-19',NULL,NULL,'','996961912','nataliafraga@outlook.com',0),(347,'Laércio Franco',1,'1956-11-07',NULL,NULL,'','','',0),(348,'Nicolly Goulart Da Silva',2,'1993-04-17',NULL,NULL,'','984109954','nickk.goulart@hotmail.com',0),(349,'Tatiana Rodrigues',2,'1980-04-03',NULL,NULL,'enfermeira','998200107 / ','rodrigues.tatiana48@gmail.com',1.6),(350,'Iracema D. Kapper Maffini',2,'1968-08-10',NULL,NULL,'do lar','999119603','airakm@hotmail.com',0),(351,'Gabriela Da Rosa Vieira Buratto',2,'1973-04-17',NULL,NULL,'do lar ','999176601','gabrielarosaburatto@gmail.com',0),(352,'Leonardo Mecias de Jesus',1,'1994-11-06',NULL,NULL,'Designer grafico','991525723','leonardomeciasdesegn@gamil.com',0),(353,'Elisa Pinho Schlichting',2,'1995-07-05',NULL,NULL,'Estudante ','984641870','elisapinhos@gmail.com',0),(354,'Andrea Iolanda da Silva ',2,'1970-05-06',NULL,NULL,'Administradora','999823625','andreaiolanda@yahoo.com.br',1.73),(355,'Amabile Anita Trich Valer',2,'2007-02-08',NULL,NULL,'','','trisch.elis@gmail.com',0),(356,'Catiane Pezzini de Souza',2,'1985-02-19',NULL,NULL,'','','',0),(357,'Rafael Marcos de Souza',1,'1988-10-14',NULL,NULL,'','','',0),(358,'Carmen Zotico',2,'1984-03-15',NULL,NULL,'','','carmemzotico@gmail.com',0),(359,'Renato Neri Pereira',1,'1983-02-13',NULL,NULL,'','','',0),(360,'Renato Neri Pereira',1,'1983-02-13',NULL,NULL,'','','',0),(361,'Julio Cesar Rosa ',1,'1968-10-27',NULL,NULL,'','','',0),(362,'Luciane Passos',2,'1970-04-04',NULL,NULL,'','','',0),(363,'Rosilene de França',2,'1970-01-23',NULL,NULL,'','','',0),(364,'Mariana Dutra ',2,'1982-02-01',NULL,NULL,'','','mariufsc@yahoo.com.br',0),(365,'Taise Serafim ',2,'1986-02-14',NULL,NULL,'','999367671','taiserafim@gmail.com',0),(366,'Ondina Maria Melo Machado ',2,'1982-01-16',NULL,NULL,'','999336834','ondinamello@hotmail.com',0),(367,'Leticia do Nascimento de Souza',2,'2000-09-06',NULL,NULL,'Estudante ','999075310','letinsouza@hotmail.com',0),(368,'Maycon Diego Valer',1,'1982-03-22',NULL,NULL,'','984658352','maycon.valer@gmail.com',0),(369,'Cassiane De Souza - Santté',2,'1986-09-07',NULL,NULL,'','998197550','cassi_ney@hotmail.com',0),(370,'Thaina Dee Campos - Leo',2,'1996-09-22',NULL,NULL,'','','',0),(371,'Larissa Pereira Andrade - Biofitt',2,'1994-10-08',NULL,NULL,'','996291241','larissavidal2014@gmail.com',0),(372,'Carline Nutri',2,'1987-10-21',NULL,NULL,'','','',1.76),(373,'Kety Teresinha da Silva Trierveiler - GD',2,'1978-10-16',NULL,NULL,'Func. Publica','984185218','kety.silva@yahoo.com.br',0),(374,'Mayronn Rafael Jacinto - GD',1,'1991-11-17',NULL,NULL,'Vendedor Autopeça ','988207085','vendasmayronn@gmail.com',0),(375,'Maria Raquel Galisteo - Santté',2,'1985-04-23',NULL,NULL,'','','',0),(376,'Tiago Ferreira das Chaves',1,'1981-09-04',NULL,NULL,'','999983877','eletroferreira903@gmail.com',1.82),(377,'Carlos Eduardo Lima Gonçalves - Luiza',1,'1981-06-28',NULL,NULL,'Tec. Farmacia','','eduardo_lima_81@hotmail.com',0),(378,'Evelize Matos',2,'1980-12-02',NULL,NULL,'','984084826','evematos80@gmail.com',0),(379,'Rubia de Espindula',2,'1980-08-09',NULL,NULL,'vendedora','984055820','rubialari@yahoo.com.br',0),(380,'Carolina de Souza Prohmann - Biofitt',2,'1980-04-11',NULL,NULL,'Enfermagem','984230202','carolprohmann@hotmail.com',0),(381,'Andrea Cristiane Rosa Pinheiro - Elis',2,'1977-10-30',NULL,NULL,'em casa','991113939','andrearosa67@hotmail.com',0),(382,'Andreia Aparecida Pereira ',2,'1982-07-08',NULL,NULL,'assistente adm','984117919','deiapereira21@yahoo.com.br',0),(383,'Ronério Vieira Waltrick ',1,'1983-01-17',NULL,NULL,'','984636398','roneio2011@hotmail.com',0),(384,'Fernanda Tomaz Godin - Santté',2,'1993-01-23',NULL,NULL,'vendedora','991770289','fernandatomazgodin23@gmail.com',0),(385,'Fernanda Clotilde Juttel De Faria - Santté',2,'1981-09-09',NULL,NULL,'coord. pedagogica','991040530','fejuttelf@hotmail.com',0),(386,'Lenira - Santté',2,'1984-03-11',NULL,NULL,'','','',0),(387,'João Pedro Tenes Conti',1,'2004-04-08',NULL,NULL,'','996374439','joaopedrotc04@gmail.com ',1.64),(388,'Kelly Borges',2,'1979-10-22',NULL,NULL,'','984539690','',0),(389,'Cherle Lindaura Nicacio - Meta',2,'1965-09-22',NULL,NULL,'vendedora','984762514','cherle_@hotmail.com',0),(390,'Leonardo Duarte - Santte',1,'1991-06-28',NULL,NULL,'rep. comercial','999135858','leonardo.topteamsc@gmail.com',0),(391,'Priscila Aguiar Mer',2,'1991-03-10',NULL,NULL,'','996409299','priscilaaguiar.m@hotmail.com',0),(392,'Bruna G. Bagnati - Santté',2,'1997-03-27',NULL,NULL,'Estudante ','998060668','bruna.bagnati@hotmail.com',0),(393,'Luana Nenes J Maluf - Santté',2,'1985-05-22',NULL,NULL,'medica','17997489729','luanajabur@hotmail.com',0),(394,'Jessica Da Silva - Só Prata',2,'1992-01-21',NULL,NULL,'','','',0),(395,'Micaela Vieira Santos - SP',2,'1997-05-09',NULL,NULL,'','','',0),(396,'Maria de Fatima - SP',2,'1999-04-01',NULL,NULL,'','','',0),(397,'Diva - SP',2,'1959-05-20',NULL,NULL,'','','',0),(398,'Karine - Sp',2,'1993-11-25',NULL,NULL,'','','',0),(399,'Evelyn - SP',2,'1995-03-22',NULL,NULL,'','','',0),(400,'Daniele _SP',2,'1985-09-18',NULL,NULL,'','','',0),(401,'Luciana _SP',2,'1976-07-17',NULL,NULL,'','','',0),(402,'Regina - SP',2,'1971-04-21',NULL,NULL,'','','',0),(403,'Iza - SP',2,'1989-09-30',NULL,NULL,'','','',0),(404,'Renata Leite - SP',2,'1990-02-28',NULL,NULL,'','','',0),(405,'Kalani _ SP',2,'1995-07-11',NULL,NULL,'','','',0),(406,'Viviane _SP',2,'1983-02-12',NULL,NULL,'','','',0),(407,'Saynne - SP',2,'1997-02-10',NULL,NULL,'','','',0),(408,'Leticia Medeiros - SP',2,'1996-06-27',NULL,NULL,'','','letyssmedeiros@gmail.com',0),(409,'Sandra Felix -SP ',2,'1984-01-17',NULL,NULL,'','','',0),(410,'Michelli - SP',2,'1997-06-11',NULL,NULL,'','','',0),(411,'Juli Mota - SP',2,'1970-07-10',NULL,NULL,'','','',0),(412,'Giseli - SP',2,'1974-01-05',NULL,NULL,'','','',0),(413,'Katiana _ SP',2,'1997-10-14',NULL,NULL,'','','',0),(414,'Daniela _SP',2,'1992-11-14',NULL,NULL,'','','',0),(415,'Caroline - SP',2,'1994-12-29',NULL,NULL,'','','carolinep248@gmail.com',0),(416,'Bruno -SP',1,'1990-01-04',NULL,NULL,'','','',0),(417,'Gabriela _ SP',2,'2000-01-13',NULL,NULL,'','','',0),(418,'Mariama  Rodrigues _ SP',2,'1987-08-28',NULL,NULL,'','','',0),(419,'Amabli - SP',2,'1980-09-02',NULL,NULL,'','','',0),(421,'Lilica ',2,'1979-06-29',NULL,NULL,'','','',0),(422,'Claudia Albano Domingos - Elis',2,'1979-05-20',NULL,NULL,'cabelereira','996801660','espaco.claudia2013@gmail.com',0),(423,'Meri Cristiane Zenck - Elis',2,'1980-05-04',NULL,NULL,'empresaria','988112665','merizenck@gmail.com',0),(424,'Daiani Borges Monteiro - GD',2,'1992-06-18','0834169978',NULL,'anal. contabil','984424981','daianimonteiro@hotmail.com',0),(425,'Guenther Schuldt  Filho - GD',1,'1983-04-06',NULL,NULL,'dentista ','47 991170008','guenthersf83@hotmail.com',0),(426,'Ystefani Correa - Santté',2,'1992-09-18',NULL,NULL,'','9915088881','ystefani_alves@hotmail.com',0),(427,'Neli Schmitz - Santté',2,'1966-01-06',NULL,NULL,'','996967393','nelisbm@gmail.com',0),(428,'Fernando Segata',1,'1978-11-10',NULL,NULL,'serv. publico','999986427','fsegata@hotmail.com',0),(429,'Breno Araujo Alessi - AABB',1,'2003-05-16',NULL,NULL,'','','',0),(430,'Eduardo Luiz Morais - AABB',1,'2004-09-22',NULL,NULL,'','','',0),(431,'João Pedro Lima Kunner - AABB',1,'2002-10-30',NULL,NULL,'','','',0),(432,'Pedro Lins - AABB',1,'2004-11-22',NULL,NULL,'','','',0),(433,'Pedro Cravo - AABB',1,'2003-03-28',NULL,NULL,'','','',0),(434,'Victor Boni - AABB',1,'2003-12-08',NULL,NULL,'','','',0),(435,'sofia Monteiro Will - AABB',2,'2006-07-07',NULL,NULL,'','','',0),(436,'Lara Rosa - AABB',2,'2006-03-29',NULL,NULL,'','','',0),(437,'Claudia Tulli - AABB',2,'2005-08-02',NULL,NULL,'','','',0),(438,'Nicoly de Souza Ienczczak - AABB',2,'2006-01-27',NULL,NULL,'','','',0),(439,'Isabela Lapa - AABB',2,'2005-06-08',NULL,NULL,'','','',0),(440,'Yasmim Morais de Souza -AABB',2,'2003-11-04',NULL,NULL,'','','',0),(441,'Sabrina Medeiros - AABB',2,'2002-06-07',NULL,NULL,'','','',0),(442,'Carolina Fernandes - AABB',2,'2005-08-24',NULL,NULL,'','','',0),(443,'Isadora Ribeiro - AABB',2,'2005-01-14',NULL,NULL,'','','',0),(444,'Sofia Bassualdo - AABB',2,'2005-01-14',NULL,NULL,'','','',0),(445,'kaylane Lima - AABB',2,'2006-11-17',NULL,NULL,'','','',0),(446,'Taynara Cristina Santos de Lima - AABB',2,'2006-11-17',NULL,NULL,'','','',0),(447,'Luiza Nascimento Pereira - AABB',2,'2004-09-24',NULL,NULL,'','','',0),(448,'Julia Nascimento Perreira - AABB',2,'2004-09-24',NULL,NULL,'','','',0),(449,'Rafaela Perin de Souza',2,'1998-11-28',NULL,NULL,'','984578751','rafaelayun9@gmail.com',0),(450,'Guilherme Dias Machado - GD',1,'1993-10-13',NULL,NULL,'Assessor juridico','984441602','guilhermediasmachado@live.com',0),(451,'Jackeline Franças C. C. Werner ',2,'1989-06-07',NULL,NULL,'axl. adm','991516398','s.jackeline.nicomendes@gmail.com',0),(452,'Djalma Anastacio Virgilio - Santte',1,'1949-07-15',NULL,NULL,'aposentado','996520063','djalmavirgilio@gmail.com',0),(453,'Lourdes De Alarcao Novaes',2,'1945-08-30',NULL,NULL,'','999171412','lourdesnovaes@hotmail.com',0),(454,'Luiz - So Prata',1,'1972-06-18',NULL,NULL,'','','',0),(455,'Alice Rodrigues - SP',2,'1999-12-12',NULL,NULL,'','','',0),(456,'Leonardo Rosa',1,'1991-01-01',NULL,NULL,'','','',0),(457,'Guilherme Dondei Goedert - Volei',1,'2004-07-02',NULL,NULL,'','996964547','guigoedert77@gmail.com',0),(458,'Marcia Fortunato - Santte',2,'1974-03-15',NULL,NULL,'ssistente social','984539983','mmatrie@hotmail.com',0),(459,'Adriana Becker Conceição - GD',2,'1964-12-14',NULL,NULL,'psicop','999817372','adrianabkc@gmail.com',0),(460,'Lia - Arani F. Costa - Elis',2,'1970-02-11',NULL,NULL,'enfermeira','988236314','arani.costa@hotmail.com',0),(461,'Janaina Ferreira ',2,'1986-07-17',NULL,NULL,'','984596243','',0),(462,'Daniel Coelho',1,'1987-12-02',NULL,NULL,'','984343142','',0),(463,'Patricia Maria Vicente - Santté',2,'1979-12-16',NULL,NULL,'compras ','996258771','patyvicente@gmail.com',0),(464,'Frauzino Schaider  - Santté',1,'1945-01-12',NULL,NULL,'aposentado','999351483 Su','',0),(465,'Amanda Bossle Izidorio ',2,'1985-07-10',NULL,NULL,'advogada','996409340','amandabossle.adv@gmail.com',0),(466,'Beatriz Scheidt Medeiros - Santté',2,'1996-01-31',NULL,NULL,'professora','996055151','beascheidt96@hotmail.com',0),(467,'Emerson Tadeu',1,'1983-02-21',NULL,NULL,'','','',0),(468,'José Mauricio Andrade Junior',1,'1986-12-12',NULL,NULL,'Estoquista','991103050','',0),(469,'Alessandra Morfim ',2,'1977-06-24',NULL,NULL,'','984846216','alymorfim_2406@gmail.com',0),(470,'Stephanie Prado da Silva- Santté',2,'1993-10-16',NULL,NULL,'Do lar','998303012','steh.8@hotmail.com',0),(471,'Joel Kretzer ',1,'1963-01-02','47815175953',NULL,'comerciantes ','999620007','casadecarneskretzer@hotmail.com',0),(472,'Mayara Rose - santté',2,'1992-07-31',NULL,NULL,'','','',0),(473,'Jussara Nelma dos Santos Duarte',2,'1977-05-18','02479116998',NULL,'','999825267','jujusantosduarte@hotmail.com',0),(474,'Denise da Silva Ribeiro',2,'1997-12-16',NULL,NULL,'','98653192','deniseribeiro066@gmail.com',0),(475,'Vitor Correira da Silva - Santte',1,'1996-08-01',NULL,NULL,'jogador','998303009','vitorcorreia96@icloud.com',0),(476,'Ariany Melo Macedo ',2,'1987-12-01',NULL,NULL,'contadora','991222992','ariany@assessoriacontabeis.com.br',0),(477,'Suzana Lopes Cabral - Santté',2,'1973-02-25',NULL,NULL,'Func. Publica','984160479','suzana.cabral@gmail.com',0),(478,'Leonardo dos Santos Steimbach ',1,'1988-05-19',NULL,NULL,'Administrativo','999116030','leosteinbach@hotmail.com',0),(479,'Patricia Sobierajski Barreto ',2,'1968-04-06',NULL,NULL,'','984146658','patisbarreto@gmail.com',0),(480,'Mirian Katia de Lis Beal - Meta',2,'1965-07-25',NULL,NULL,'professora','984230352','mirokadeal@yahoo.com.br',0),(481,'Elizanete Nascimento -Elis',2,'1982-05-16',NULL,NULL,'pscologa','31 992419997','llizza1@hotmail.com',0),(482,'Geraldo Seifert da Silva Junior - GD',1,'1981-11-15','00791780902',NULL,'serv.publico','999378030','geraldoseifert@yahoo.com.br',0),(483,'Henrique P. Sperber - Santte',1,'1998-04-25',NULL,NULL,'','96495372','henrique-sperber@outook.com',0),(484,'Juliany Aparecida Silva da Rosa - GD',2,'1981-10-11',NULL,NULL,'contadora','991303501','julianyrosa@gmail.com',0),(485,'Fernando Carlos Martins ',1,'1973-05-01',NULL,NULL,'','984132202','fernandocm2007@hotmail.com',0),(486,'Rafael Brum ',1,'1984-01-19',NULL,NULL,'','','',0),(487,'Elisangela Delfino - Léo',2,'1988-08-08','',NULL,'Manicure','984339035','consultoradandai9@gmail.com',0),(488,'Fernanda Carla Silveira - GD',2,'1981-10-21',NULL,NULL,'Analista ','984052440','fecarlasilveira@gmail.com',0),(489,'Magdiel Chaves Machado',1,'1996-03-11',NULL,NULL,'','996997931 wh','skull.coffee@outlook.com',0),(490,'Mayara Martins Weingartner ',2,'1989-03-08','',NULL,'','999200336','may_maninho@hotmail.com',0),(491,'Lais Rovani Teixeira',2,'1997-08-11','',NULL,'','991809947','rovani.lais2014@gmail.com',0),(492,'Graziela Farias De Bona',2,'1991-01-13','',NULL,'','999173378','grazi-bn@hotmaill.com',0),(493,'Sergio Rezende Luz',1,'1971-07-05','78486548934',NULL,'','991015775','sergiorott@hotmail.com',0),(494,'Priscila Freitas Costa',2,'1985-05-19','04793521940',NULL,'recepcionista','984363196','priscilafcosta29@gamil.com',0),(495,'Joice Ferreira do Santos',2,'1982-09-23','03922444970',NULL,'','991777779','admjoy@hotmail.com',0),(496,'Adriele da Silva - Santte',2,'1988-08-04','',NULL,'ex. de vendas','988383096','adrielephcf@gmail.com',0),(497,'Miguel Lemos de Souza PAula - GD',1,'1986-04-19','01361053194',NULL,'desegner de produtos','984885661','depaula.mig@gmail.com',0),(498,'ANDREZA CORREA',2,'1979-11-08','',NULL,'Personal','','',0),(499,'Leni De Oliveira',2,'1971-11-17','',NULL,'Costureira','996544094','',0),(500,'Luci Fernandes - GD ',2,'1976-07-06','',NULL,'','991736339','lucifernandesf@gmail.com',0),(501,'Fernando Brandes',1,'1970-02-16','80691544972',NULL,'','','itambes@uol.com.br',0),(502,'Ismael Felipe Pereira ',1,'1986-12-17','',NULL,'empresario','988545501','ismaelfelipep@gmail.com ',0),(503,'Sabrina Terezinha da Cunha',2,'1981-12-13','',NULL,'compradora','998142881','sabrinacavaco@yahoo.com.br',0),(504,'Carolina Barelos Correa Alves - Santte',2,'1981-12-27','',NULL,'','996353000','carolbac.a@gmail.com',0),(505,'Marise Santos de Santana - Attitude',2,'1997-11-02','08402819516',NULL,'','988328541','marydaniel10905@gmail.com',0),(506,'Cristiane Aparecida Padilha - GD',2,'1986-09-29','',NULL,'Gerente ','988641292','crispadilha783@gmail.com',0),(507,'Sonia Regina da Silva Zimerman',2,'1961-03-17','',NULL,'','991722712 / ','zimermannlili23@gmail.com',0),(508,'Leticia Gosçalves dos Anjos',2,'1986-03-31','',NULL,'','998290027','anjosleticia2@gmail.com',0),(509,'Rafael dos Santos - Santte',1,'1980-02-11','',NULL,'Coordenador','991432298','rdsantos1980@gmail.com',0),(510,'Mirelle Silveira dos Santos',2,'1974-04-16','',NULL,'','996097870','contasmedicas@cemad.com.br',0),(511,'Marcelo Alberto Vargas',1,'1981-01-28','',NULL,'','999915127','marcelovargascontabil@hotmail.com',0),(512,'Amabile Schimit - Santtee',2,'1995-04-03','',NULL,'','999481604','amabileschmidt.advocacia@gmail.com',0),(513,'Thuany Souza Cabral',2,'2003-03-19','08126035919',NULL,'','984121005','thuanycabral56@gmail.com',0),(514,'Fernanda Anzollin - Santte',2,'1998-10-01','',NULL,'','988245204','fernanda_anzollin16@hotmail.com ',0),(515,'Joel Pereira Chavier - Santte ',1,'1956-09-20','',NULL,'','984300100','jomaepha@terra.com.br ',0),(516,'Thaina Gonçalves de Oliveira - Power Gym',2,'1995-07-04','',NULL,'','998346451','thainabruch@gmail.com',0),(517,'Breno Lima Maia Sa Silva - Santd',1,'1989-07-26','',NULL,'engenheiro','996320600','breno.lima89@hotmail.com',0),(518,'Alexsander Kafka - Santte',1,'2001-12-21','',NULL,'','984227021','alexkafka2001alex@gmail.com ',0),(519,'Tamily Dousfield',2,'1994-07-05','',NULL,'','984450764','tamilydousfield@gmail.com ',0),(520,'Jessica Keli dos Santos - santte',2,'1989-03-20','',NULL,'assistente comercial','984391331','santos.jessica89@gmail.com',0),(521,'Helena doa Santos Pauli',2,'2005-12-21','',NULL,'Estudante ','984998723','helenapouli21@gmail.com',0),(522,'Marcelo Melo ',1,'1975-01-27','',NULL,'','984106564','meloarbitro@gmail.com',0),(523,'Tais Machado Amaro da Silva - Santte',2,'1988-01-16','',NULL,'e. compra','984809598','ubre.tais@gmail.com',0),(524,'Ana Paula Crespim da Silva ',2,'1986-08-12','',NULL,'','988487995','anap.crispim.s@gmail.com',0),(525,'Thiago - Biofitt',1,'1986-08-31','',NULL,'','','thiagozacchi@ooutlook.com',0),(526,'Ana Claudia Ignacio - Santte',2,'1988-03-10','',NULL,'contas','996523950','anynha-lg@hotmail.com',0),(527,'Cristian Zimmermann - Santte',1,'1985-06-06','',NULL,'','999092434','cristianzimmermann@gmail.com',0),(528,'Elenice Lopes Alves - GD',2,'1981-07-01','',NULL,'','996346358','elenicelopesalves@hotmail.com',0),(529,'Aline S. Garcia - AABB',2,'2004-08-20','',NULL,'Estudante ','996988462','alinesolanogarcia@gmail.com',0),(530,'Diego Enio Silva ',1,'1979-08-13','02284883974',NULL,'','984101979','diegoenios@hotmail.com',0),(531,'Fabiane Pagliocchi - Perfect',2,'1994-08-18','08897272959',NULL,'','991969099','fabianepagliocchi94@gmail.com',0),(532,'Vinicius Gouveia - Santte',1,'1990-01-30','',NULL,'Tec. laboratorio','48991092528','gouveia_00@hotmail.com',0),(533,'Rodrigo Rocha - Arena',1,'1985-01-07','',NULL,'','988253268','rodrig0silva1@hotmail.com',0),(534,'João Pedro de Oliveira Metzdorf - Alcance',1,'2007-05-29','',NULL,'','999559614','natercia26@hotmail.com',0),(535,'Karla Giogia Souuza - Santte',2,'1979-06-28','',NULL,'comrciante','999237046','karlageorgias@hotmail.com',0),(536,'Terezinha dos Santos Davila ',2,'1968-04-19','62544420944',NULL,'','999117946','tere190468@gmail.com',0),(537,'Renato Davila',1,'1964-05-17','55117503953',NULL,'','99983821','renato170564@hotmail.com',0),(539,'Lara Cristina Cardoso  - Santte',2,'1991-06-05','',NULL,'','999321495','laracardoso91@hotmail.com',0),(540,'Eduarda Marcondes - Santte',2,'1991-02-28','',NULL,'','984399489','adm2@ageon.com.br',0),(541,'Andrea Fidelis ',2,'1973-09-30','',NULL,'','984184829','andreafild1973@gmail.com',0),(542,'Pamela Azambuja Avila',2,'1989-03-20','',NULL,'','996648079','pamelaazambujaestetica@gmail.com',0),(543,'Abgail da Rosa Oliveira',2,'1941-04-15','58186719920',NULL,'','999737835','mari_mkt@yahoo.com.br',0),(544,'Helton Valdir Inacio',1,'1986-08-17','05490422963',NULL,'','996289167','heltoinacio17@hotmail.com',0),(545,'Gisele Lima - Alcance',2,'1984-04-11','',NULL,'','','',0),(546,'Kauane Chaves Silva - Alcance',2,'2002-02-21','',NULL,'','','',0),(547,'Samayne Sprada - Alcance',2,'1989-03-23','',NULL,'','','',0),(548,'Emanoela Fellipp - Alcance',2,'1990-08-07','',NULL,'','','',0),(549,'Ismaiane Padovan - Alcance',2,'1992-09-06','',NULL,'','','',0),(550,'Renata Goulaart - Alcance',2,'1991-11-18','',NULL,'','','',0),(551,'Camila Simas Pampim - Alcance',2,'2003-02-25','',NULL,'','','',0),(552,'Aleessandra Kohl - Alcance',2,'1999-04-07','',NULL,'','','',0),(553,'Renata Souza Belmonte - Alcance',2,'1988-05-27','',NULL,'','','',0),(554,'Thaise Lohn - Alcance',2,'1999-11-20','',NULL,'','','',0),(555,'Karolayne de Souza Mateus - Alcance',2,'2000-12-28','',NULL,'','','',0),(556,'Patricia Silveira',2,'1991-09-17','',NULL,'','','',0),(557,'Pamela F. Coutinho - Alcance',2,'1990-03-14','',NULL,'','','',0),(558,'Samara Silva Souza - Alcance',2,'1998-05-12','',NULL,'','','',0),(559,'Michele C. Silveira',2,'1994-09-09','',NULL,'','','',0),(560,'Vanessa S. Oliveira - Alcance',2,'1988-11-03','',NULL,'','','',0),(561,'Priscila Pott - Alcance',2,'1990-02-17','',NULL,'','','',0),(562,'Jessica L. Araujo Savero - Alcance',2,'1994-08-07','',NULL,'','','',0),(563,'Bruno Luiz Hoffmann - Meta',1,'1994-02-04','10127466908',NULL,'','984650643','brunoluizhoff@gmail.com',0),(564,'Mariza Aparecida Couto - Meta',2,'1964-06-26','67172520904',NULL,'','984526076','brunoluizhoff@gmail.com',0),(565,'Leticia Gomes B. Santos - Meta',2,'1987-11-19','01295116502',NULL,'','998572188','lety18leca@yahoo.com.br',0),(566,'Michele Cristina Reis',2,'1983-04-17','',NULL,'','','',0),(567,'Mirele Lehmkuhl Ventura - Santté ',2,'1982-07-02','03984930909',NULL,'','996930420','mirele-v@hotmail.com',0),(568,'Jessika Ramos ',2,'1992-01-27','',NULL,'','','',0),(569,'Susiane Amorim - Perfect',2,'1988-08-04','01379382092',NULL,'','984739178','susianefelipe@outlook.com',0),(570,'Leo - Alcance',1,'1985-07-09','',NULL,'','','',0),(571,'Gabriel Granella - Alcance',1,'2001-05-18','',NULL,'','','',0),(572,'Rafael - Alcance',1,'1979-01-31','',NULL,'','','',0),(573,'Izone Marian - Alcance',2,'1967-02-05','',NULL,'','','',0),(574,'Renata Espindola - Alcance',2,'1980-02-12','',NULL,'','','',0),(575,'Marcio Antonio Studzinski ',1,'1975-06-13','',NULL,'','988551010','kazulopro@gmail.com',0),(576,'Francine Araldi',2,'1998-10-04','',NULL,'','996439151','francinearaldi@hotmail.com',0),(577,'Catiane ',2,'1981-03-31','',NULL,'','','',0),(578,'Regiane Marinhuk',2,'1988-07-04','0596429956',NULL,'','996848397','regiane.marinhuk@gmail.com',0),(579,'Daiana Estacio P. de Cordova ',2,'1985-10-08','05608885970',NULL,'','91873179','daianaestaciocordova@hotmail.com',0),(580,'Raphaella Cordova ',2,'2009-07-18','',NULL,'','988036103','raphaella.cordova@alunoformula.com.br',0),(581,'Jakes Carlos Luiz - Santte',1,'1977-01-18','',NULL,'','998135842','jakesluiz09@gmail.com',0),(582,'Marco Rocha',1,'1973-06-06','',NULL,'','','',0),(583,'Beatriz Magalhães',2,'1966-07-02','',NULL,'','','',0),(584,'Barbara Schomann - Cati ',2,'2009-08-16','',NULL,'','','',0),(585,'Lidiane Edite Ferreira',2,'1979-12-21','02540040918',NULL,'Cons. vendas','998250292','lidianefns@hotmail.com',0),(586,'Marta Luiza Giacomelli - Santté ',2,'1992-05-30','02679499018',NULL,'Estudante ','988296269','malu_giacomelli@hotmail.com',0),(587,'Juliana da Rosa',2,'1995-04-15','08332589908',NULL,'','999904474','juliana_rosaa@hotmail.com',0),(588,'Simone Aparecida Castro dos Santos - Santte',2,'1975-04-19','',NULL,'','998482890','',0),(589,'Maria Eduarda Eulalia Januario - Santte',2,'1998-07-15','',NULL,'','984067651','eulaliajanuario123@gmail.com',0),(590,'Neusa Camozina Luiz - Santte ',2,'1049-11-03','',NULL,'','984424267','guilhermeluiz_@hotmail.com ',0),(591,'Gabriel Lino - Gftines',1,'1984-09-21','',NULL,'','991275443','',0),(592,'Vinicius de Souza Rosa - Gfitness',1,'1994-08-17','',NULL,'','999744045','',0),(593,'Diego Pitz - Perfect ',1,'1987-10-10','01044029978',NULL,'','984135515','',0),(594,'Natalia Maria Ferreira Percicotte',2,'1995-11-20','08766682959',NULL,'','999900247','nmpercicotte@gmail.com',0),(595,'Claudia Correa ',2,'1984-06-06','05529592945',NULL,'','998342869','mynameiscacorrea@hotmail.com ',0),(596,'Mariane Oliveira G. Schuch - Perfect',2,'1989-09-20','05341390946',NULL,'','996552668','mariane-goulart@hotmail.com',0),(597,'Marina Cristão de Oliveira - Perfect ',2,'1970-10-28','74384465004',NULL,'','984863274','',0),(598,'Gislaine Vieira - Santte',2,'1991-07-26','08649423973',NULL,'','996535163','',0),(599,'Pedro Enrik Godoy - Gfit',1,'1993-05-18','04360659164',NULL,'','999126395','pedrogodoy.pg@gmail.com',0),(600,'Letiere Batista de Souza - Gfit',1,'1981-12-11','',NULL,'','991534586','',0),(601,'Eduardo S. Rosoli - EDU',1,'1980-11-29','',NULL,'','996069263','e.s.risoli@gmail.com',0),(602,'Camila Augusta Figueiredo de Alencar Souza',2,'1970-08-07','',NULL,'advogada','988033449','adv.cafa@gmail.com',0),(603,'Evandro Celio Griss Costa ',1,'1971-01-15','80781691915',NULL,'','999572968','celiogriss@yahoo.com.br',0),(604,'Luciane Beatriz Silveeira',2,'1981-01-05','',NULL,'','988201867','',0),(605,'Samuel Nunes Junior',1,'1980-12-22','',NULL,'','988390993','',0),(606,'Fransciele da Silva - Alcance ',2,'1991-01-30','',NULL,'','','',0),(607,'Maicon Bitencort da Cunha - Biofitt',1,'1985-07-22','00521726000',NULL,'','51985383346','maiconcunha258@gmil.com',0),(608,'Tamirres ',2,'1988-06-01','',NULL,'','991761046','',0),(609,'Maria Edir ',2,'1953-01-25','',NULL,'','984099188','mariaflor_floripa@hotmail.com',0),(610,'Barbara Tasca da Silva - biofitt',2,'1988-01-15','',NULL,'','991940536','thometasca@gamail.com',0),(611,'Mateus Souza Silva Franco - Biofit',1,'1999-11-23','',NULL,'','988448709','mateussousafranco1999@gamil.com',0),(612,'Caroline Salate Talgatti - Perfect',2,'1987-11-15','',NULL,'','984712619','caroltalgatti@hotmail.com',0),(613,'João Vitor W. Cardoso - AABB',1,'2003-08-06','',NULL,'','','',0),(614,'Don Kaled Tessele Ferreira - AABB',1,'2004-04-19','',NULL,'','','',0),(615,'Pedro Mariano - AABB',1,'2006-08-25','',NULL,'','','',0),(616,'Renan Rosa - AABB',1,'2004-09-19','',NULL,'','','',0),(617,'João Poeta - AABB',1,'2004-06-24','',NULL,'','','',0),(618,'Teo De Baarros - AABB',1,'2005-01-12','',NULL,'','','',0),(619,'Yasmin H. - AABB ',1,'2003-07-14','',NULL,'','','',0),(620,'Aisha - AABB',2,'2006-06-22','',NULL,'','','',0),(621,'Kauane Vendramini - AABB',2,'2003-04-30','',NULL,'','','',0),(622,'Daniella Weingartner - Melo',2,'1975-01-22','02780731907',NULL,'','','',0),(623,'Abel Raimundo Viga do Rosario',1,'1952-11-23','34394966949',NULL,'medico','988220591','abel.rosario@gmail.com',0),(624,'Ricardo Borges ',1,'1975-10-19','86392336915',NULL,'','984802028','',0),(625,'ijiojionuiu',1,'1999-02-10','',NULL,'','','',0),(626,'Mateus dos Santos',1,'1995-12-29','09592031924',NULL,'rep. comercial','998362465','',0),(627,'Livia Araujo Baina',2,'2003-04-17','70114926239',NULL,'','988617067','liviaaraujobaina@gmail.com',0),(628,'Luis Marcelo Puulon - Santte',1,'1971-04-02','',NULL,'gerente','998163684','paulonluismarcelo@gmail.com',0),(629,'Yngrid Carla dos Santos Vieira - Gfiness',2,'1986-12-05','05890158937',NULL,'','984948260','yngrid_sc@yahoo.com.br',167),(630,'Yngrid Carla dos Santos Vieira - Gfiness',2,'1986-12-05','05890158937',NULL,'','984948260','yngrid_sc@yahoo.com.br',167),(631,'Sayonara - Gfitness',2,'1991-06-25','',NULL,'','','',0),(632,'John Pablo Tomczyk',1,'1982-02-25','',NULL,'','9918822582','johnpablotomczyk@gmail.com',0),(633,'Fabiana Batisti',2,'1974-05-20','',NULL,'','','',0),(634,'Nilzete Pereira ',2,'1971-06-11','',NULL,'','984243769','pm.nilzete@gmail.com',0),(635,'Marcelo Vitor Seidler - Santte ',1,'1990-08-13','',NULL,'','991618973','seidlermrcelos@gmail.com',0),(636,'Bruno Vieira Pinto ',1,'1992-03-11','14094911707',NULL,'','69 981308130','',0),(637,'Fernanda Ires da Silva - Perfect',2,'1993-03-29','02279236265',NULL,'','69 981116813','',0),(638,'Waldemar ',1,'1940-11-27','',NULL,'','','',0),(639,'Cristina Trindade - Massoterapeuta',2,'1987-01-03','',NULL,'','','',0),(640,'Deise Nilsa Garcia ',2,'1977-05-17','',NULL,'','984173283','',0),(641,'Suelen Silverio Pereira - Santte',2,'1987-02-15','',NULL,'','996538148','',0),(642,'Marcia Gesser - GD',2,'1972-02-04','7480069972',NULL,'','999696190','',0),(643,'Mirna Machado da Silva  - Santte',2,'1952-12-23','',NULL,'','996441066','',0),(644,'João Pedro Pereira Pires - Santte',1,'2009-03-18','',NULL,'','998203034','',0),(645,'João Pedro Pereira Pires - Santte',1,'2009-03-18','',NULL,'','998203034','',0),(646,'Juliana Silva e Souza',2,'1988-04-26','06342551936',NULL,'','999037353','julianasilvaesouza@gmail.com',0),(647,'Guilherme - AABB',1,'1990-03-16','',NULL,'','','',0),(648,'Guto - AABB',1,'1965-02-04','',NULL,'','','',0),(649,'Beatriz Dias - AABB',2,'2006-03-27','',NULL,'','','',0),(650,'Miranda Dias - AABB',2,'2006-04-21','',NULL,'','','',0),(651,'Sofia Dowlin - AABB',2,'2006-06-11','',NULL,'','','',0),(652,'Kay - AABB',2,'2006-11-17','',NULL,'','','',0),(653,'Vitoria Scopel - AABB',2,'2003-07-17','',NULL,'','','',0),(654,'Bruno Vicente - AABB',1,'2006-03-19','',NULL,'','','',0),(655,'Daniel Nathan - AABB',1,'2005-05-29','',NULL,'','','',0),(656,'Heitor Verani - AABB',1,'2002-03-08','',NULL,'','','',0),(657,'Henrique Lesnik - AABB',1,'2006-08-06','',NULL,'','','',0),(658,'Arthur Kuhn - AABB',1,'2006-08-11','',NULL,'','','',0),(659,'Maria Luiza Monteiro Marquez - Biofitt',2,'2004-08-19','',NULL,'','999500664','',0),(660,'Jhonath Ribeiro - CDL',1,'1997-02-22','09125327933',NULL,'','984183949','',0),(661,'Vinicius Rodrigues ',1,'1976-05-14','',NULL,'','','',0),(662,'Edineusa - Tia Edi ',2,'1973-01-30','',NULL,'','','',0),(663,'Sabrina Fernandes',2,'1990-11-17','',NULL,'','','',0),(664,'Maria Mendes',2,'1973-03-24','',NULL,'','','',0),(665,'Aline Veiga - Santte',2,'1978-04-17','',NULL,'','996121816','',0),(666,'Rafaela V. Veiga - Santte',2,'2004-02-07','',NULL,'','99254607','',0),(667,'Luana - R1',2,'1996-05-16','',NULL,'','','',0),(668,'Ryan Balduino Ferreira - r1 ',1,'2006-04-18','',NULL,'','','',0),(669,'Ryan Balduino Ferreira - r1 ',1,'2006-04-18','',NULL,'','','',0),(670,'Xandy - R1',1,'1991-03-03','',NULL,'','','',0),(671,'Sidão - R1',1,'1982-12-24','',NULL,'','','',0),(672,'Vanessa do N. Pereira',2,'1985-01-27','31454513837',NULL,'','15 9 8458127','',0),(673,'Maria Cristina Boabaid - Veleiros ',2,'1995-04-26','',NULL,'','','',0),(674,'Jose Irineu - Veleiros ',1,'2002-05-19','',NULL,'','','',0),(675,'Ivo Hetze - Vereiros ',1,'2007-04-30','',NULL,'','','',0),(676,' Clara Meyer Cardoso Mateus - Veleiros ',2,'2005-12-06','',NULL,'','','',0),(677,'Fernando Menezes - Veleiros',1,'2005-09-10','',NULL,'','','',0),(678,'Guilherme Menezes - Veleiros ',1,'2005-09-10','',NULL,'','','',0),(679,'Luana Bruna - Veleiros ',2,'2007-01-29','',NULL,'','','',0),(680,'Livia Nogueira - Veleiros',2,'2005-08-02','',NULL,'','','',0),(681,'Brenda Furlin - Veleiros',2,'2004-04-10','',NULL,'','','',0),(682,'João Marcelo - Veleiros ',1,'2006-01-12','',NULL,'','','',0),(683,'Bernardo Agostinho D. Costa - Veleiros ',1,'2005-10-10','',NULL,'','','',0),(684,'Gabriel Da Silva V. - Veleiros ',1,'2005-03-22','',NULL,'','','',0),(685,'Silvana Duarte da Silva - Gfitness',2,'1977-08-07','00447629921',NULL,'','991043600','',0),(686,'Luis Felipe Laurentino ',1,'2005-03-11','',NULL,'','','',0),(687,'Maria Eliza da Silva Campos - Santte',2,'1996-01-27','07001743976',NULL,'','996696195','',0),(688,'Rochele Deminski de Matos ',2,'1984-02-28','00242311008',NULL,'','996950547','',0),(689,'Mariane Martins -  GD',2,'1985-09-13','05433009947',NULL,'','999696764','',0),(690,'Charles Felipe ',1,'1983-09-25','',NULL,'','','',0),(691,'Luiz Claudio dos Santos - Santte',1,'1966-11-22','',NULL,'','999845532','',0),(692,'Marlise Moesch',2,'1975-03-26','',NULL,'','','',0),(693,'Isabel Passos - Santte ',2,'1999-01-07','',NULL,'','','',0),(694,'Fabiano Rene Farias ',1,'1980-03-21','02913868908',NULL,'','','',0),(695,'Amanda Boeno Riva ',2,'1994-09-03','00853189064',NULL,'','','',0),(696,'Andreon De Souza Muhlhausen',1,'1988-05-31','05558807962',NULL,'','','',0),(697,'Amanda Bueno Eyng',2,'2003-09-06','',NULL,'','','',0),(698,'Jean Moacir Dalbosco ',1,'1973-04-26','',NULL,'','','',0);
/*!40000 ALTER TABLE `pacientes` ENABLE KEYS */;
UNLOCK TABLES;

--
-- Table structure for table `pagamentos`
--

DROP TABLE IF EXISTS `pagamentos`;
/*!40101 SET @saved_cs_client     = @@character_set_client */;
/*!40101 SET character_set_client = utf8 */;
CREATE TABLE `pagamentos` (
  `id_pagamento` int(11) NOT NULL AUTO_INCREMENT,
  `data_cons` date DEFAULT NULL,
  `referencia` int(11) DEFAULT NULL,
  `tipo` int(11) DEFAULT NULL,
  `plano` int(11) DEFAULT NULL,
  `valor` double DEFAULT NULL,
  `qtd_vezes` int(11) DEFAULT NULL,
  `valor_parcelas` double DEFAULT NULL,
  `situacao` int(11) DEFAULT NULL,
  `l_atendimento` int(11) DEFAULT NULL,
  `observacao` varchar(60) DEFAULT NULL,
  PRIMARY KEY (`id_pagamento`),
  KEY `referencia` (`referencia`),
  KEY `tipo` (`tipo`),
  KEY `plano` (`plano`),
  KEY `situacao` (`situacao`),
  KEY `l_atendimento` (`l_atendimento`),
  CONSTRAINT `pagamentos_ibfk_1` FOREIGN KEY (`referencia`) REFERENCES `avaliacao_antropometrica` (`id_avalicao`),
  CONSTRAINT `pagamentos_ibfk_3` FOREIGN KEY (`tipo`) REFERENCES `tipo` (`id_tipo`),
  CONSTRAINT `pagamentos_ibfk_4` FOREIGN KEY (`plano`) REFERENCES `planos` (`id_plano`),
  CONSTRAINT `pagamentos_ibfk_5` FOREIGN KEY (`situacao`) REFERENCES `status` (`id_status`),
  CONSTRAINT `pagamentos_ibfk_6` FOREIGN KEY (`l_atendimento`) REFERENCES `local_atendimento` (`id_local`)
) ENGINE=InnoDB AUTO_INCREMENT=1697 DEFAULT CHARSET=latin1;
/*!40101 SET character_set_client = @saved_cs_client */;

--
-- Dumping data for table `pagamentos`
--

LOCK TABLES `pagamentos` WRITE;
/*!40000 ALTER TABLE `pagamentos` DISABLE KEYS */;
INSERT INTO `pagamentos` VALUES (2,NULL,2,1,3,0,0,NULL,2,6,' '),(3,NULL,3,1,1,500,4,NULL,1,2,'Junto com marido Jonathan'),(4,NULL,4,1,2,500,4,NULL,1,2,' '),(5,NULL,5,1,4,100,0,NULL,1,2,' '),(6,NULL,6,1,4,100,1,NULL,1,2,'2 em 2 meses'),(7,NULL,7,2,2,530,4,NULL,2,2,' pago 200,00'),(8,'2019-01-14',8,1,1,NULL,NULL,NULL,1,1,NULL),(9,NULL,9,1,1,30,0,NULL,1,1,' avaliação na Evolke'),(10,'2019-01-14',10,1,1,NULL,NULL,NULL,1,1,NULL),(11,NULL,11,1,1,30,0,NULL,1,1,' Evolke'),(12,NULL,12,1,1,0,0,NULL,1,1,' Evolke'),(13,NULL,13,1,4,100,1,NULL,2,7,'  '),(15,NULL,15,1,1,0,0,NULL,1,1,' Evolke'),(16,NULL,16,1,1,0,0,NULL,1,1,' '),(17,NULL,17,1,1,0,0,NULL,1,1,' '),(18,NULL,18,1,4,0,0,NULL,1,1,' '),(19,NULL,19,1,1,0,0,NULL,1,1,' '),(20,NULL,20,1,1,0,0,NULL,1,1,' '),(21,NULL,21,1,1,0,0,NULL,1,1,' '),(22,NULL,22,1,2,130,4,NULL,1,3,' '),(23,NULL,23,1,1,0,0,NULL,1,1,' '),(24,'2019-01-21',24,1,1,NULL,NULL,NULL,1,1,NULL),(25,NULL,25,1,1,0,0,NULL,1,1,' '),(26,NULL,26,1,1,0,0,NULL,1,1,' '),(28,NULL,28,1,1,0,0,NULL,1,1,' '),(29,NULL,29,1,1,0,0,NULL,1,1,' '),(30,NULL,30,3,2,600,4,NULL,2,4,' Pago na Soma'),(31,NULL,31,1,1,0,0,NULL,1,1,' '),(32,NULL,32,1,4,100,0,NULL,2,2,' '),(33,NULL,33,1,3,0,0,NULL,1,5,' Brinde GD fim de ano'),(34,NULL,34,1,1,520,4,NULL,1,1,' paga por mês 130,00\r\npago 120,00 fevereiro'),(35,NULL,35,1,1,30,0,NULL,1,2,' somente avaliação 30,00'),(36,'2019-01-29',36,1,1,NULL,NULL,NULL,1,1,NULL),(37,NULL,37,1,3,0,0,NULL,1,5,' '),(38,NULL,38,1,1,0,0,NULL,1,1,' '),(39,'2018-10-30',39,1,1,NULL,NULL,NULL,1,1,NULL),(40,'2018-12-04',40,1,1,NULL,NULL,NULL,1,1,NULL),(42,NULL,42,1,1,0,0,NULL,1,1,' '),(43,NULL,43,1,1,0,0,NULL,1,1,' '),(44,NULL,44,1,1,0,0,NULL,1,1,' '),(45,'2019-01-29',45,1,1,NULL,NULL,NULL,1,1,NULL),(46,'2018-12-18',46,1,1,NULL,NULL,NULL,1,1,NULL),(47,NULL,47,1,4,100,0,NULL,2,5,' '),(48,NULL,48,1,1,0,0,NULL,1,3,' '),(49,NULL,49,1,2,100,0,NULL,2,7,' '),(50,NULL,50,1,1,0,0,NULL,1,1,' '),(51,NULL,51,1,1,0,0,NULL,1,1,' '),(52,NULL,52,1,1,100,0,NULL,1,2,' '),(53,NULL,53,1,1,0,0,NULL,1,1,' '),(54,NULL,54,1,1,0,0,NULL,1,1,' '),(55,NULL,55,1,1,0,0,NULL,1,1,' '),(56,NULL,56,1,1,0,0,NULL,1,1,' '),(57,NULL,57,1,1,0,0,NULL,1,1,' '),(58,NULL,58,1,1,0,0,NULL,1,1,' '),(59,NULL,59,1,1,0,0,NULL,1,1,' '),(60,NULL,60,1,1,0,0,NULL,1,1,' '),(61,NULL,61,1,1,0,0,NULL,1,1,' '),(62,NULL,62,1,1,0,0,NULL,1,1,' '),(63,NULL,63,1,4,100,1,NULL,2,5,' pago'),(64,NULL,64,1,1,125,1,NULL,2,3,' '),(65,NULL,65,1,1,500,4,NULL,2,1,' '),(66,NULL,66,1,4,100,1,NULL,1,2,' '),(67,NULL,67,1,1,500,1,NULL,2,1,'  PAGO AVISTA '),(68,NULL,68,1,1,0,0,NULL,1,2,' '),(69,'2019-02-11',69,1,1,NULL,NULL,NULL,1,1,NULL),(70,NULL,70,1,1,0,0,NULL,1,1,' '),(71,NULL,71,1,1,0,0,NULL,1,1,' '),(72,NULL,72,1,1,0,0,NULL,1,1,' '),(73,NULL,73,1,1,0,0,NULL,1,1,' '),(74,NULL,74,1,1,0,0,NULL,1,1,' '),(75,NULL,75,1,1,0,0,NULL,1,1,' '),(76,NULL,76,1,1,0,0,NULL,1,1,' '),(77,NULL,77,1,1,0,0,NULL,1,1,' '),(78,NULL,78,1,1,0,0,NULL,1,1,' '),(79,NULL,79,1,1,0,0,NULL,1,1,' '),(80,NULL,80,1,1,0,0,NULL,1,1,' '),(81,NULL,81,1,1,0,0,NULL,1,1,' '),(82,NULL,82,1,1,0,0,NULL,1,1,' '),(83,NULL,83,1,1,0,0,NULL,1,1,' '),(84,NULL,84,1,1,0,0,NULL,1,1,' '),(85,NULL,85,1,1,0,0,NULL,1,1,' '),(86,NULL,86,1,1,0,0,NULL,1,1,' '),(87,NULL,87,1,1,0,0,NULL,1,1,' '),(88,NULL,88,1,1,0,0,NULL,1,1,' '),(89,NULL,89,1,1,0,0,NULL,1,1,' '),(90,NULL,90,1,1,0,0,NULL,1,1,' '),(91,NULL,91,1,1,0,0,NULL,1,1,' '),(92,NULL,92,1,4,50,1,NULL,2,2,' '),(93,NULL,93,2,4,100,1,NULL,2,2,' '),(94,NULL,94,1,3,0,0,NULL,1,2,' '),(95,NULL,95,5,1,0,0,NULL,1,2,' '),(96,NULL,96,4,2,125,1,NULL,2,2,' '),(97,'2019-02-12',97,1,1,NULL,NULL,NULL,1,1,NULL),(98,NULL,98,1,4,100,1,NULL,2,2,' '),(99,NULL,99,1,4,100,1,NULL,1,3,' '),(100,NULL,100,1,4,100,1,NULL,2,5,' '),(101,NULL,101,1,1,100,0,NULL,2,7,' '),(102,'2019-02-13',102,1,1,NULL,NULL,NULL,1,1,NULL),(103,'2019-02-13',103,1,1,NULL,NULL,NULL,1,1,NULL),(104,NULL,104,1,4,0,0,NULL,2,3,' '),(105,'2019-02-14',105,1,1,NULL,NULL,NULL,1,1,NULL),(106,NULL,106,1,1,0,0,NULL,1,1,' '),(107,NULL,107,1,1,0,0,NULL,1,1,' '),(108,NULL,108,1,3,0,0,NULL,1,7,' '),(109,NULL,109,1,3,0,0,NULL,1,7,' '),(110,NULL,110,1,3,0,0,NULL,1,7,' '),(111,NULL,111,1,3,0,0,NULL,1,7,' '),(112,'2019-02-20',112,1,1,NULL,NULL,NULL,1,1,NULL),(113,NULL,113,1,1,0,0,NULL,1,1,' '),(114,'2019-02-20',114,1,1,NULL,NULL,NULL,1,1,NULL),(115,'2019-02-20',115,1,1,NULL,NULL,NULL,1,1,NULL),(116,'2019-02-20',116,1,1,NULL,NULL,NULL,1,1,NULL),(117,'2019-02-20',117,1,1,NULL,NULL,NULL,1,1,NULL),(118,'2019-02-20',118,1,1,NULL,NULL,NULL,1,1,NULL),(119,NULL,119,1,1,100,1,NULL,2,1,' '),(121,NULL,121,1,2,100,1,NULL,2,1,'  '),(122,NULL,122,1,1,0,0,NULL,1,1,' '),(123,NULL,123,1,1,0,0,NULL,1,1,'  '),(124,'2019-02-21',124,1,1,NULL,NULL,NULL,1,1,NULL),(125,'2019-02-21',125,1,1,NULL,NULL,NULL,1,1,NULL),(126,'2019-02-21',126,1,1,NULL,NULL,NULL,1,1,NULL),(127,'2019-02-21',127,1,1,NULL,NULL,NULL,1,1,NULL),(128,'2019-02-21',128,1,1,NULL,NULL,NULL,1,1,NULL),(130,'2019-02-21',130,1,1,NULL,NULL,NULL,1,1,NULL),(131,'2019-02-21',131,1,1,NULL,NULL,NULL,1,1,NULL),(132,'2019-02-21',132,1,1,NULL,NULL,NULL,1,1,NULL),(133,NULL,133,1,3,0,0,NULL,1,1,' '),(134,'2019-02-23',134,1,1,NULL,NULL,NULL,1,1,NULL),(135,'2019-02-25',135,1,1,NULL,NULL,NULL,1,1,NULL),(136,'2019-02-25',136,1,1,NULL,NULL,NULL,1,1,NULL),(137,NULL,137,1,1,200,0,NULL,1,4,' '),(138,'2019-02-25',138,1,1,NULL,NULL,NULL,1,1,NULL),(139,NULL,139,1,1,0,0,NULL,1,1,' '),(140,NULL,140,1,1,0,0,NULL,1,1,' '),(141,'2019-01-17',141,1,1,NULL,NULL,NULL,1,1,NULL),(142,'2019-01-17',142,1,1,NULL,NULL,NULL,1,1,NULL),(143,NULL,143,1,1,0,0,NULL,1,1,' '),(144,'2019-02-27',144,1,1,NULL,NULL,NULL,1,1,NULL),(145,'2019-02-28',145,1,1,NULL,NULL,NULL,1,1,NULL),(146,NULL,146,1,1,125,0,NULL,1,1,' '),(147,'2019-01-25',147,1,1,NULL,NULL,NULL,1,1,NULL),(149,'2019-02-28',149,1,1,NULL,NULL,NULL,1,1,NULL),(150,'2018-12-14',150,1,1,NULL,NULL,NULL,1,1,NULL),(152,'2019-01-17',152,1,1,NULL,NULL,NULL,1,1,NULL),(153,'2019-02-28',153,1,1,NULL,NULL,NULL,1,1,NULL),(154,NULL,154,1,2,130,0,NULL,1,2,' '),(155,'2019-02-28',155,1,1,NULL,NULL,NULL,1,1,NULL),(156,NULL,156,1,4,50,0,NULL,1,5,' '),(157,'2019-02-28',157,1,1,NULL,NULL,NULL,1,1,NULL),(158,NULL,158,1,1,0,0,NULL,1,1,' '),(159,'2019-02-28',159,1,1,NULL,NULL,NULL,1,1,NULL),(160,'2019-02-28',160,1,1,NULL,NULL,NULL,1,1,NULL),(161,'2019-02-28',161,1,1,NULL,NULL,NULL,1,1,NULL),(162,'2019-03-11',162,1,1,NULL,NULL,NULL,1,1,NULL),(163,'2019-03-11',163,1,1,NULL,NULL,NULL,1,1,NULL),(164,NULL,164,1,1,140,1,NULL,2,1,' '),(165,'2019-03-13',165,1,1,NULL,NULL,NULL,1,1,NULL),(166,'2019-03-13',166,1,1,NULL,NULL,NULL,1,1,NULL),(167,'2019-03-13',167,1,1,NULL,NULL,NULL,1,1,NULL),(168,'2018-12-14',168,1,1,NULL,NULL,NULL,1,1,NULL),(169,'2019-01-14',169,1,1,NULL,NULL,NULL,1,1,NULL),(170,'2019-03-13',170,1,1,NULL,NULL,NULL,1,1,NULL),(171,'2019-03-13',171,1,1,NULL,NULL,NULL,1,1,NULL),(172,'2018-11-21',172,1,1,NULL,NULL,NULL,1,1,NULL),(173,'2018-12-18',173,1,1,NULL,NULL,NULL,1,1,NULL),(174,'2019-01-29',174,1,1,NULL,NULL,NULL,1,1,NULL),(175,'2019-03-13',175,1,1,NULL,NULL,NULL,1,1,NULL),(176,'2019-03-14',176,1,1,NULL,NULL,NULL,1,1,NULL),(177,NULL,177,1,1,100,0,NULL,1,1,' Academia Performance'),(178,'2019-03-18',178,1,1,NULL,NULL,NULL,1,1,NULL),(179,'2019-03-21',179,1,1,NULL,NULL,NULL,1,1,NULL),(180,'2019-03-21',180,1,1,NULL,NULL,NULL,1,1,NULL),(181,'2019-03-25',181,1,1,NULL,NULL,NULL,1,1,NULL),(182,'2019-03-25',182,1,1,NULL,NULL,NULL,1,1,NULL),(183,'2019-03-25',183,1,1,NULL,NULL,NULL,1,1,NULL),(184,'2019-03-25',184,1,1,NULL,NULL,NULL,1,1,NULL),(185,'2019-03-25',185,1,1,NULL,NULL,NULL,1,1,NULL),(186,'2019-03-25',186,1,1,NULL,NULL,NULL,1,1,NULL),(187,'2019-03-25',187,1,1,NULL,NULL,NULL,1,1,NULL),(188,'2019-03-25',188,1,1,NULL,NULL,NULL,1,1,NULL),(189,'2019-03-25',189,1,1,NULL,NULL,NULL,1,1,NULL),(190,'2019-03-25',190,1,1,NULL,NULL,NULL,1,1,NULL),(191,'2019-03-25',191,1,1,NULL,NULL,NULL,1,1,NULL),(192,'2019-03-25',192,1,1,NULL,NULL,NULL,1,1,NULL),(193,'2019-03-25',193,1,1,NULL,NULL,NULL,1,1,NULL),(194,'2019-03-25',194,1,1,NULL,NULL,NULL,1,1,NULL),(195,'2019-03-25',195,1,1,NULL,NULL,NULL,1,1,NULL),(196,'2019-03-25',196,1,1,NULL,NULL,NULL,1,1,NULL),(197,'2019-03-25',197,1,1,NULL,NULL,NULL,1,1,NULL),(198,'2019-03-25',198,1,1,NULL,NULL,NULL,1,1,NULL),(199,'2019-03-25',199,1,1,NULL,NULL,NULL,1,1,NULL),(200,'2019-03-25',200,1,1,NULL,NULL,NULL,1,1,NULL),(201,'2019-03-25',201,1,1,NULL,NULL,NULL,1,1,NULL),(202,'2019-03-25',202,1,1,NULL,NULL,NULL,1,1,NULL),(203,'2019-03-26',203,1,1,NULL,NULL,NULL,1,1,NULL),(204,'2019-03-26',204,1,1,NULL,NULL,NULL,1,1,NULL),(205,'2019-03-26',205,1,1,NULL,NULL,NULL,1,1,NULL),(206,NULL,206,1,1,130,1,NULL,2,2,' '),(207,NULL,207,1,1,100,0,NULL,1,3,' '),(208,'2019-03-27',208,1,1,NULL,NULL,NULL,1,1,NULL),(209,'2019-03-28',209,1,1,NULL,NULL,NULL,1,1,NULL),(210,NULL,210,1,3,100,1,NULL,2,2,' '),(211,'2019-03-28',211,1,1,NULL,NULL,NULL,1,1,NULL),(212,'2019-03-28',212,1,1,NULL,NULL,NULL,1,1,NULL),(213,'2019-03-28',213,1,1,NULL,NULL,NULL,1,1,NULL),(214,'2019-03-28',214,1,1,NULL,NULL,NULL,1,1,NULL),(215,'2019-03-28',215,1,1,NULL,NULL,NULL,1,1,NULL),(216,'2019-03-28',216,1,1,NULL,NULL,NULL,1,1,NULL),(217,'2019-03-28',217,1,1,NULL,NULL,NULL,1,1,NULL),(218,'2019-03-28',218,1,1,NULL,NULL,NULL,1,1,NULL),(219,'2019-03-28',219,1,1,NULL,NULL,NULL,1,1,NULL),(220,'2019-03-28',220,1,1,NULL,NULL,NULL,1,1,NULL),(221,'2019-03-28',221,1,1,NULL,NULL,NULL,1,1,NULL),(222,'2019-03-28',222,1,1,NULL,NULL,NULL,1,1,NULL),(223,'2019-03-28',223,1,1,NULL,NULL,NULL,1,1,NULL),(224,'2019-03-28',224,1,1,NULL,NULL,NULL,1,1,NULL),(225,'2019-03-28',225,1,1,NULL,NULL,NULL,1,1,NULL),(226,'2019-03-28',226,1,1,NULL,NULL,NULL,1,1,NULL),(229,'2019-03-28',229,1,1,NULL,NULL,NULL,1,1,NULL),(230,'2019-03-28',230,1,1,NULL,NULL,NULL,1,1,NULL),(231,'2019-03-28',231,1,1,NULL,NULL,NULL,1,1,NULL),(232,'2019-03-28',232,1,1,NULL,NULL,NULL,1,1,NULL),(233,'2019-03-29',233,1,1,NULL,NULL,NULL,1,1,NULL),(234,'2019-03-29',234,1,1,NULL,NULL,NULL,1,1,NULL),(235,'2019-03-29',235,1,1,NULL,NULL,NULL,1,1,NULL),(236,'2019-03-29',236,1,1,NULL,NULL,NULL,1,1,NULL),(237,'2019-03-29',237,1,1,NULL,NULL,NULL,1,1,NULL),(238,'2019-03-29',238,1,1,NULL,NULL,NULL,1,1,NULL),(239,'2019-04-01',239,1,1,NULL,NULL,NULL,1,1,NULL),(240,'2019-04-01',240,1,1,NULL,NULL,NULL,1,1,NULL),(241,'2019-04-01',241,1,1,NULL,NULL,NULL,1,1,NULL),(242,'2019-04-01',242,1,1,NULL,NULL,NULL,1,1,NULL),(243,'2019-04-01',243,1,1,NULL,NULL,NULL,1,1,NULL),(244,'2019-04-02',244,1,1,NULL,NULL,NULL,1,1,NULL),(245,'2019-04-02',245,1,1,NULL,NULL,NULL,1,1,NULL),(246,'2019-04-02',246,1,1,NULL,NULL,NULL,1,1,NULL),(247,'2019-04-03',247,1,1,NULL,NULL,NULL,1,1,NULL),(248,'2019-04-03',248,1,1,NULL,NULL,NULL,1,1,NULL),(249,'2019-04-03',249,1,1,NULL,NULL,NULL,1,1,NULL),(250,'2019-04-03',250,1,1,NULL,NULL,NULL,1,1,NULL),(251,'2019-04-04',251,1,1,NULL,NULL,NULL,1,1,NULL),(252,'2019-04-04',252,1,1,NULL,NULL,NULL,1,1,NULL),(253,'2019-04-04',253,1,1,NULL,NULL,NULL,1,1,NULL),(254,'2019-01-17',254,1,1,NULL,NULL,NULL,1,1,NULL),(255,'2019-02-20',255,1,1,NULL,NULL,NULL,1,1,NULL),(256,'2019-04-04',256,1,1,NULL,NULL,NULL,1,1,NULL),(257,'2019-04-05',257,1,1,NULL,NULL,NULL,1,1,NULL),(258,'2019-04-05',258,1,1,NULL,NULL,NULL,1,1,NULL),(259,'2019-04-06',259,1,1,NULL,NULL,NULL,1,1,NULL),(260,'2019-04-08',260,1,1,NULL,NULL,NULL,1,1,NULL),(261,'2019-04-10',261,1,1,NULL,NULL,NULL,1,1,NULL),(262,'2019-04-10',262,1,1,NULL,NULL,NULL,1,1,NULL),(263,'2019-04-11',263,1,1,NULL,NULL,NULL,1,1,NULL),(264,'2019-04-11',264,1,1,NULL,NULL,NULL,1,1,NULL),(265,'2019-04-11',265,1,1,NULL,NULL,NULL,1,1,NULL),(266,NULL,266,1,1,520,4,NULL,1,1,' pacote '),(267,'2019-04-11',267,1,1,NULL,NULL,NULL,1,1,NULL),(268,'2019-04-11',268,1,1,NULL,NULL,NULL,1,1,NULL),(269,'2019-04-12',269,1,1,NULL,NULL,NULL,1,1,NULL),(270,'2019-04-16',270,1,1,NULL,NULL,NULL,1,1,NULL),(271,'2019-04-16',271,1,1,NULL,NULL,NULL,1,1,NULL),(272,NULL,272,1,1,520,0,NULL,1,1,' '),(273,'2019-04-16',273,1,1,NULL,NULL,NULL,1,1,NULL),(274,'2019-04-16',274,1,1,NULL,NULL,NULL,1,1,NULL),(275,'2019-04-16',275,1,1,NULL,NULL,NULL,1,1,NULL),(276,'2019-04-16',276,1,1,NULL,NULL,NULL,1,1,NULL),(277,'2019-04-16',277,1,1,NULL,NULL,NULL,1,1,NULL),(278,'2019-04-16',278,1,1,NULL,NULL,NULL,1,1,NULL),(279,'2019-04-16',279,1,1,NULL,NULL,NULL,1,1,NULL),(280,'2019-04-16',280,1,1,NULL,NULL,NULL,1,1,NULL),(281,'2019-04-17',281,1,1,NULL,NULL,NULL,1,1,NULL),(282,'2019-04-17',282,1,1,NULL,NULL,NULL,1,1,NULL),(283,'2019-04-17',283,1,1,NULL,NULL,NULL,1,1,NULL),(284,'2019-04-17',284,1,1,NULL,NULL,NULL,1,1,NULL),(285,'2019-04-17',285,1,1,NULL,NULL,NULL,1,1,NULL),(286,'2019-04-18',286,1,1,NULL,NULL,NULL,1,1,NULL),(287,'2019-04-18',287,1,1,NULL,NULL,NULL,1,1,NULL),(288,'2019-04-18',288,1,1,NULL,NULL,NULL,1,1,NULL),(289,'2019-04-23',289,1,1,NULL,NULL,NULL,1,1,NULL),(290,'2019-04-23',290,1,1,NULL,NULL,NULL,1,1,NULL),(291,'2019-04-23',291,1,1,NULL,NULL,NULL,1,1,NULL),(292,'2019-04-23',292,1,1,NULL,NULL,NULL,1,1,NULL),(293,'2019-04-27',293,1,1,NULL,NULL,NULL,1,1,NULL),(294,'2019-04-27',294,1,1,NULL,NULL,NULL,1,1,NULL),(295,'2019-05-02',295,1,1,NULL,NULL,NULL,1,1,NULL),(296,'2019-05-02',296,1,1,NULL,NULL,NULL,1,1,NULL),(297,'2019-05-02',297,1,1,NULL,NULL,NULL,1,1,NULL),(298,'2019-05-02',298,1,1,NULL,NULL,NULL,1,1,NULL),(299,'2019-05-02',299,1,1,NULL,NULL,NULL,1,1,NULL),(300,'2019-05-02',300,1,1,NULL,NULL,NULL,1,1,NULL),(301,'2019-05-02',301,1,1,NULL,NULL,NULL,1,1,NULL),(302,'2019-05-02',302,1,1,NULL,NULL,NULL,1,1,NULL),(303,'2019-05-03',303,1,1,NULL,NULL,NULL,1,1,NULL),(304,'2019-05-03',304,1,1,NULL,NULL,NULL,1,1,NULL),(305,'2019-05-03',305,1,1,NULL,NULL,NULL,1,1,NULL),(306,'2019-05-03',306,1,1,NULL,NULL,NULL,1,1,NULL),(307,'2019-05-03',307,1,1,NULL,NULL,NULL,1,1,NULL),(308,'2019-05-03',308,1,1,NULL,NULL,NULL,1,1,NULL),(309,'2017-10-01',309,1,1,NULL,NULL,NULL,1,1,NULL),(310,'2019-05-06',310,1,1,NULL,NULL,NULL,1,1,NULL),(311,'2019-05-06',311,1,1,NULL,NULL,NULL,1,1,NULL),(313,'2019-05-06',313,1,1,NULL,NULL,NULL,1,1,NULL),(314,'2019-05-06',314,1,1,NULL,NULL,NULL,1,1,NULL),(315,'2019-05-06',315,1,1,NULL,NULL,NULL,1,1,NULL),(316,'2019-05-06',316,1,1,NULL,NULL,NULL,1,1,NULL),(317,'2019-05-06',317,1,1,NULL,NULL,NULL,1,1,NULL),(318,'2019-05-06',318,1,1,NULL,NULL,NULL,1,1,NULL),(319,'2019-05-06',319,1,1,NULL,NULL,NULL,1,1,NULL),(320,'2019-05-06',320,1,1,NULL,NULL,NULL,1,1,NULL),(321,'2019-05-06',321,1,1,NULL,NULL,NULL,1,1,NULL),(322,'2019-05-06',322,1,1,NULL,NULL,NULL,1,1,NULL),(323,'2019-05-07',323,1,1,NULL,NULL,NULL,1,1,NULL),(324,'2019-05-07',324,1,1,NULL,NULL,NULL,1,1,NULL),(325,'2019-05-08',325,1,1,NULL,NULL,NULL,1,1,NULL),(326,'2019-05-09',326,1,1,NULL,NULL,NULL,1,1,NULL),(327,'2018-10-30',327,1,1,NULL,NULL,NULL,1,1,NULL),(328,'2019-05-09',328,1,1,NULL,NULL,NULL,1,1,NULL),(329,'2019-05-09',329,1,1,NULL,NULL,NULL,1,1,NULL),(330,'2019-05-09',330,1,1,NULL,NULL,NULL,1,1,NULL),(331,'2019-05-09',331,1,1,NULL,NULL,NULL,1,1,NULL),(332,'2019-05-09',332,1,1,NULL,NULL,NULL,1,1,NULL),(333,'2019-05-10',333,1,1,NULL,NULL,NULL,1,1,NULL),(334,'2019-05-10',334,1,1,NULL,NULL,NULL,1,1,NULL),(335,'2019-05-10',335,1,1,NULL,NULL,NULL,1,1,NULL),(336,'2019-05-13',336,1,1,NULL,NULL,NULL,1,1,NULL),(337,'2019-05-13',337,1,1,NULL,NULL,NULL,1,1,NULL),(338,'2019-05-13',338,1,1,NULL,NULL,NULL,1,1,NULL),(339,NULL,339,1,1,580,0,NULL,1,1,'  '),(340,'2019-05-14',340,1,1,NULL,NULL,NULL,1,1,NULL),(341,'2019-05-14',341,1,1,NULL,NULL,NULL,1,1,NULL),(342,'2019-05-15',342,1,1,NULL,NULL,NULL,1,1,NULL),(343,'2019-05-15',343,1,1,NULL,NULL,NULL,1,1,NULL),(344,'2019-05-15',344,1,1,NULL,NULL,NULL,1,1,NULL),(345,'2019-05-16',345,1,1,NULL,NULL,NULL,1,1,NULL),(346,'2019-05-16',346,1,1,NULL,NULL,NULL,1,1,NULL),(347,'2019-05-16',347,1,1,NULL,NULL,NULL,1,1,NULL),(348,'2019-05-20',348,1,1,NULL,NULL,NULL,1,1,NULL),(349,'2019-05-20',349,1,1,NULL,NULL,NULL,1,1,NULL),(350,'2019-05-20',350,1,1,NULL,NULL,NULL,1,1,NULL),(351,NULL,351,1,1,0,0,NULL,1,1,' pacote'),(352,'2019-05-20',352,1,1,NULL,NULL,NULL,1,1,NULL),(353,'2019-05-20',353,1,1,NULL,NULL,NULL,1,1,NULL),(354,'2019-05-21',354,1,1,NULL,NULL,NULL,1,1,NULL),(355,NULL,355,1,1,0,0,NULL,1,1,' 2 do pacote'),(356,'2019-05-21',356,1,1,NULL,NULL,NULL,1,1,NULL),(357,'2019-05-21',357,1,1,NULL,NULL,NULL,1,1,NULL),(358,'2019-05-23',358,1,1,NULL,NULL,NULL,1,1,NULL),(359,'2019-05-23',359,1,1,NULL,NULL,NULL,1,1,NULL),(360,'2019-05-23',360,1,1,NULL,NULL,NULL,1,1,NULL),(361,'2019-05-27',361,1,1,NULL,NULL,NULL,1,1,NULL),(362,'2019-05-27',362,1,1,NULL,NULL,NULL,1,1,NULL),(363,'2019-05-29',363,1,1,NULL,NULL,NULL,1,1,NULL),(364,'2019-05-29',364,1,1,NULL,NULL,NULL,1,1,NULL),(365,'2019-05-30',365,1,1,NULL,NULL,NULL,1,1,NULL),(366,'2019-05-30',366,1,1,NULL,NULL,NULL,1,1,NULL),(367,'2019-05-30',367,1,1,NULL,NULL,NULL,1,1,NULL),(368,'2019-05-30',368,1,1,NULL,NULL,NULL,1,1,NULL),(369,'2019-05-30',369,1,1,NULL,NULL,NULL,1,1,NULL),(370,'2019-05-31',370,1,1,NULL,NULL,NULL,1,1,NULL),(371,'2019-05-31',371,1,1,NULL,NULL,NULL,1,1,NULL),(372,'2019-06-01',372,1,1,NULL,NULL,NULL,1,1,NULL),(373,'2019-06-01',373,1,1,NULL,NULL,NULL,1,1,NULL),(374,'2019-06-03',374,1,1,NULL,NULL,NULL,1,1,NULL),(375,'2019-06-03',375,1,1,NULL,NULL,NULL,1,1,NULL),(376,'2019-06-03',376,1,1,NULL,NULL,NULL,1,1,NULL),(377,'2019-06-03',377,1,1,NULL,NULL,NULL,1,1,NULL),(378,'2019-06-05',378,1,1,NULL,NULL,NULL,1,1,NULL),(379,'2019-06-05',379,1,1,NULL,NULL,NULL,1,1,NULL),(380,'2019-06-05',380,1,1,NULL,NULL,NULL,1,1,NULL),(381,'2019-06-05',381,1,1,NULL,NULL,NULL,1,1,NULL),(382,'2019-06-06',382,1,1,NULL,NULL,NULL,1,1,NULL),(383,'2019-06-06',383,1,1,NULL,NULL,NULL,1,1,NULL),(384,'2019-06-06',384,1,1,NULL,NULL,NULL,1,1,NULL),(385,'2019-06-06',385,1,1,NULL,NULL,NULL,1,1,NULL),(386,'2019-06-06',386,1,1,NULL,NULL,NULL,1,1,NULL),(387,'2019-06-06',387,1,1,NULL,NULL,NULL,1,1,NULL),(388,'2019-06-06',388,1,1,NULL,NULL,NULL,1,1,NULL),(389,'2019-06-06',389,1,1,NULL,NULL,NULL,1,1,NULL),(390,'2019-06-06',390,1,1,NULL,NULL,NULL,1,1,NULL),(391,'2019-06-06',391,1,1,NULL,NULL,NULL,1,1,NULL),(392,'2019-06-10',392,1,1,NULL,NULL,NULL,1,1,NULL),(393,'2019-06-10',393,1,1,NULL,NULL,NULL,1,1,NULL),(394,'2019-06-10',394,1,1,NULL,NULL,NULL,1,1,NULL),(395,'2019-06-10',395,1,1,NULL,NULL,NULL,1,1,NULL),(396,'2019-06-10',396,1,1,NULL,NULL,NULL,1,1,NULL),(397,'2019-06-12',397,1,1,NULL,NULL,NULL,1,1,NULL),(398,'2019-06-12',398,1,1,NULL,NULL,NULL,1,1,NULL),(399,'2019-06-12',399,1,1,NULL,NULL,NULL,1,1,NULL),(400,'2019-06-12',400,1,1,NULL,NULL,NULL,1,1,NULL),(401,'2019-06-12',401,1,1,NULL,NULL,NULL,1,1,NULL),(402,'2019-06-13',402,1,1,NULL,NULL,NULL,1,1,NULL),(403,'2019-06-13',403,1,1,NULL,NULL,NULL,1,1,NULL),(404,'2019-06-13',404,1,1,NULL,NULL,NULL,1,1,NULL),(405,'2019-06-13',405,1,1,NULL,NULL,NULL,1,1,NULL),(406,'2019-06-13',406,1,1,NULL,NULL,NULL,1,1,NULL),(407,'2019-06-13',407,1,1,NULL,NULL,NULL,1,1,NULL),(408,'2019-06-14',408,1,1,NULL,NULL,NULL,1,1,NULL),(409,'2019-06-14',409,1,1,NULL,NULL,NULL,1,1,NULL),(410,'2019-06-24',410,1,1,NULL,NULL,NULL,1,1,NULL),(411,'2019-06-25',411,1,1,NULL,NULL,NULL,1,1,NULL),(412,'2019-06-25',412,1,1,NULL,NULL,NULL,1,1,NULL),(413,'2019-06-25',413,1,1,NULL,NULL,NULL,1,1,NULL),(414,'2019-06-25',414,1,1,NULL,NULL,NULL,1,1,NULL),(415,'2019-06-25',415,1,1,NULL,NULL,NULL,1,1,NULL),(416,'2019-06-25',416,1,1,NULL,NULL,NULL,1,1,NULL),(417,'2019-06-25',417,1,1,NULL,NULL,NULL,1,1,NULL),(418,'2019-06-25',418,1,1,NULL,NULL,NULL,1,1,NULL),(419,'2019-06-26',419,1,1,NULL,NULL,NULL,1,1,NULL),(420,'2019-06-27',420,1,1,NULL,NULL,NULL,1,1,NULL),(421,'2019-06-27',421,1,1,NULL,NULL,NULL,1,1,NULL),(422,'2019-06-27',422,1,1,NULL,NULL,NULL,1,1,NULL),(423,'2019-06-27',423,1,1,NULL,NULL,NULL,1,1,NULL),(424,NULL,424,1,1,200,0,NULL,1,4,' pagou 200,00'),(425,'2019-06-24',425,1,1,NULL,NULL,NULL,1,1,NULL),(426,'2019-07-01',426,1,1,NULL,NULL,NULL,1,1,NULL),(427,'2019-07-01',427,1,1,NULL,NULL,NULL,1,1,NULL),(428,'2019-07-01',428,1,1,NULL,NULL,NULL,1,1,NULL),(429,'2019-07-01',429,1,1,NULL,NULL,NULL,1,1,NULL),(430,'2019-07-01',430,1,1,NULL,NULL,NULL,1,1,NULL),(431,'2019-07-01',431,1,1,NULL,NULL,NULL,1,1,NULL),(432,'2019-07-01',432,1,1,NULL,NULL,NULL,1,1,NULL),(433,'2019-07-01',433,1,1,NULL,NULL,NULL,1,1,NULL),(434,'2019-07-01',434,1,1,NULL,NULL,NULL,1,1,NULL),(435,'2019-07-01',435,1,1,NULL,NULL,NULL,1,1,NULL),(436,'2019-07-01',436,1,1,NULL,NULL,NULL,1,1,NULL),(437,'2019-07-01',437,1,1,NULL,NULL,NULL,1,1,NULL),(438,'2019-07-01',438,1,1,NULL,NULL,NULL,1,1,NULL),(439,'2019-07-02',439,1,1,NULL,NULL,NULL,1,1,NULL),(440,'2019-07-02',440,1,1,NULL,NULL,NULL,1,1,NULL),(441,'2019-07-02',441,1,1,NULL,NULL,NULL,1,1,NULL),(442,'2019-07-08',442,1,1,NULL,NULL,NULL,1,1,NULL),(443,'2019-07-09',443,1,1,NULL,NULL,NULL,1,1,NULL),(444,'2019-07-09',444,1,1,NULL,NULL,NULL,1,1,NULL),(445,'2019-07-09',445,1,1,NULL,NULL,NULL,1,1,NULL),(446,'2019-07-10',446,1,1,NULL,NULL,NULL,1,1,NULL),(447,'2019-07-10',447,1,1,NULL,NULL,NULL,1,1,NULL),(448,'2019-07-10',448,1,1,NULL,NULL,NULL,1,1,NULL),(449,'2019-07-10',449,1,1,NULL,NULL,NULL,1,1,NULL),(450,'2019-07-10',450,1,1,NULL,NULL,NULL,1,1,NULL),(451,'2019-07-10',451,1,1,NULL,NULL,NULL,1,1,NULL),(452,'2019-07-11',452,1,1,NULL,NULL,NULL,1,1,NULL),(453,'2019-07-11',453,1,1,NULL,NULL,NULL,1,1,NULL),(454,'2019-07-11',454,1,1,NULL,NULL,NULL,1,1,NULL),(455,'2019-07-12',455,1,1,NULL,NULL,NULL,1,1,NULL),(456,'2019-07-12',456,1,1,NULL,NULL,NULL,1,1,NULL),(457,'2019-07-12',457,1,1,NULL,NULL,NULL,1,1,NULL),(458,'2019-07-12',458,1,1,NULL,NULL,NULL,1,1,NULL),(459,'2019-07-12',459,1,1,NULL,NULL,NULL,1,1,NULL),(460,'2019-07-12',460,1,1,NULL,NULL,NULL,1,1,NULL),(461,'2019-07-12',461,1,1,NULL,NULL,NULL,1,1,NULL),(462,'2019-07-12',462,1,1,NULL,NULL,NULL,1,1,NULL),(463,'2019-07-12',463,1,1,NULL,NULL,NULL,1,1,NULL),(464,'2019-07-12',464,1,1,NULL,NULL,NULL,1,1,NULL),(465,'2019-07-12',465,1,1,NULL,NULL,NULL,1,1,NULL),(466,'2019-07-12',466,1,1,NULL,NULL,NULL,1,1,NULL),(467,'2019-07-12',467,1,1,NULL,NULL,NULL,1,1,NULL),(468,'2019-07-12',468,1,1,NULL,NULL,NULL,1,1,NULL),(469,'2019-07-12',469,1,1,NULL,NULL,NULL,1,1,NULL),(470,'2019-07-12',470,1,1,NULL,NULL,NULL,1,1,NULL),(471,'2019-07-12',471,1,1,NULL,NULL,NULL,1,1,NULL),(472,'2019-07-12',472,1,1,NULL,NULL,NULL,1,1,NULL),(473,'2019-07-12',473,1,1,NULL,NULL,NULL,1,1,NULL),(474,'2019-07-12',474,1,1,NULL,NULL,NULL,1,1,NULL),(475,'2019-07-12',475,1,1,NULL,NULL,NULL,1,1,NULL),(476,'2019-07-12',476,1,1,NULL,NULL,NULL,1,1,NULL),(477,'2019-07-12',477,1,1,NULL,NULL,NULL,1,1,NULL),(478,'2019-07-12',478,1,1,NULL,NULL,NULL,1,1,NULL),(479,'2019-07-12',479,1,1,NULL,NULL,NULL,1,1,NULL),(480,'2019-07-12',480,1,1,NULL,NULL,NULL,1,1,NULL),(481,'2019-07-13',481,1,1,NULL,NULL,NULL,1,1,NULL),(482,'2019-07-13',482,1,1,NULL,NULL,NULL,1,1,NULL),(483,'2019-06-13',483,1,1,NULL,NULL,NULL,1,1,NULL),(484,'2019-07-11',484,1,1,NULL,NULL,NULL,1,1,NULL),(485,'2019-07-17',485,1,1,NULL,NULL,NULL,1,1,NULL),(486,'2019-07-17',486,1,1,NULL,NULL,NULL,1,1,NULL),(487,'2019-07-17',487,1,1,NULL,NULL,NULL,1,1,NULL),(488,NULL,488,1,1,0,0,NULL,1,1,' '),(489,'2019-07-18',489,1,1,NULL,NULL,NULL,1,1,NULL),(490,NULL,490,1,1,0,0,NULL,1,1,' '),(491,NULL,491,1,1,0,0,NULL,1,1,' '),(492,NULL,492,1,1,0,0,NULL,1,1,' '),(493,NULL,493,1,1,0,0,NULL,1,1,' '),(494,NULL,494,1,1,0,0,NULL,1,1,' '),(495,NULL,495,1,1,0,0,NULL,1,1,' '),(496,'2019-07-30',496,1,1,NULL,NULL,NULL,1,1,NULL),(497,'2019-07-30',497,1,1,NULL,NULL,NULL,1,1,NULL),(498,NULL,498,1,1,0,0,NULL,1,1,' '),(499,NULL,499,1,1,0,0,NULL,1,1,' '),(500,NULL,500,1,1,0,0,NULL,1,1,' '),(501,'2019-07-30',501,1,1,NULL,NULL,NULL,1,1,NULL),(502,NULL,502,1,1,0,0,NULL,1,1,' '),(503,NULL,503,1,1,0,0,NULL,1,1,' '),(504,NULL,504,1,1,100,0,NULL,1,1,' Leo'),(505,NULL,505,1,1,100,0,NULL,1,1,' Leo'),(506,NULL,506,1,1,0,0,NULL,1,1,' '),(507,NULL,507,1,1,520,0,NULL,1,1,' 4 meses'),(508,NULL,508,1,1,0,0,NULL,1,1,' '),(509,'2019-08-04',509,1,1,NULL,NULL,NULL,1,1,NULL),(510,NULL,510,1,1,0,0,NULL,1,1,' '),(511,NULL,511,1,1,0,0,NULL,1,1,'  '),(512,'2019-08-06',512,1,1,NULL,NULL,NULL,1,1,NULL),(513,NULL,513,1,1,0,0,NULL,1,1,' '),(514,NULL,514,1,1,580,4,NULL,1,1,' '),(515,NULL,515,1,1,100,0,NULL,1,1,' '),(516,NULL,516,1,1,0,0,NULL,1,1,' '),(517,NULL,517,1,1,0,0,NULL,1,1,' '),(518,NULL,518,1,1,0,0,NULL,1,1,' '),(519,NULL,519,1,1,100,0,NULL,1,1,' '),(520,NULL,520,1,1,0,0,NULL,1,1,' '),(521,NULL,521,1,1,0,0,NULL,1,1,' '),(522,NULL,522,1,1,0,0,NULL,1,1,' '),(523,NULL,523,1,1,100,0,NULL,1,1,' '),(524,'2019-08-09',524,1,1,NULL,NULL,NULL,1,1,NULL),(525,NULL,525,1,1,0,0,NULL,1,1,' '),(526,NULL,526,1,1,0,0,NULL,1,1,' '),(527,NULL,527,1,1,0,0,NULL,1,1,' '),(528,'2019-08-12',528,1,1,NULL,NULL,NULL,1,1,NULL),(529,NULL,529,1,1,0,0,NULL,1,1,' '),(530,NULL,530,1,1,0,0,NULL,1,1,' '),(531,NULL,531,1,1,0,0,NULL,1,1,' '),(532,NULL,532,1,1,120,0,NULL,1,1,'cobrar 120, 00 ex GD'),(533,NULL,533,1,1,0,0,NULL,1,1,' '),(534,NULL,534,1,1,130,0,NULL,1,1,' '),(535,NULL,535,1,1,0,0,NULL,1,1,' '),(536,'2019-08-14',536,1,1,NULL,NULL,NULL,1,1,NULL),(537,NULL,537,1,1,130,0,NULL,1,1,' '),(538,NULL,538,1,1,0,0,NULL,1,1,' '),(539,NULL,539,1,1,0,0,NULL,1,1,' '),(540,'2019-08-14',540,1,1,NULL,NULL,NULL,1,1,NULL),(541,NULL,541,1,1,0,0,NULL,1,1,' '),(542,NULL,542,1,1,0,0,NULL,1,1,' '),(543,NULL,543,1,1,100,0,NULL,1,1,' '),(544,NULL,544,1,1,0,0,NULL,1,1,' '),(545,NULL,545,1,1,150,0,NULL,1,1,'  Salão Elis'),(546,NULL,546,1,1,120,0,NULL,1,1,' '),(547,NULL,547,1,1,100,0,NULL,1,1,' '),(548,NULL,548,1,1,150,0,NULL,1,1,' pct'),(549,NULL,549,1,1,130,0,NULL,1,1,' '),(550,NULL,550,1,1,0,0,NULL,1,1,' '),(551,NULL,551,1,1,0,0,NULL,1,1,' '),(552,NULL,552,1,1,120,0,NULL,1,1,' '),(553,NULL,553,1,1,100,0,NULL,1,1,' '),(554,NULL,554,1,1,0,0,NULL,1,1,' '),(555,NULL,555,1,1,100,0,NULL,1,1,' '),(556,NULL,556,1,1,50,0,NULL,1,1,' '),(557,NULL,557,1,1,100,0,NULL,1,1,' '),(558,NULL,558,1,1,100,0,NULL,1,1,' '),(559,NULL,559,1,1,0,0,NULL,1,1,' '),(560,'2019-08-28',560,1,1,NULL,NULL,NULL,1,1,NULL),(561,NULL,561,1,1,0,0,NULL,1,1,' '),(562,NULL,562,1,1,0,0,NULL,1,1,' '),(563,NULL,563,1,1,0,0,NULL,1,1,' '),(564,NULL,564,1,1,100,0,NULL,1,1,' '),(565,NULL,565,1,1,120,0,NULL,1,1,' '),(566,NULL,566,1,1,130,0,NULL,1,1,' '),(567,NULL,567,1,1,100,0,NULL,1,1,' '),(568,NULL,568,1,1,100,0,NULL,1,1,' '),(569,NULL,569,1,1,100,0,NULL,1,1,' '),(570,NULL,570,1,1,0,0,NULL,1,1,' '),(571,'2019-09-02',571,1,1,NULL,NULL,NULL,1,1,NULL),(572,NULL,572,1,1,0,0,NULL,1,1,' '),(573,NULL,573,1,1,0,0,NULL,1,1,' '),(574,NULL,574,1,1,520,4,NULL,1,1,' '),(575,NULL,575,1,1,0,0,NULL,1,1,' '),(576,NULL,576,1,1,580,4,NULL,1,1,' plano'),(577,NULL,577,1,1,0,0,NULL,1,1,' '),(578,NULL,578,1,3,0,0,NULL,1,2,' '),(579,NULL,579,1,1,100,0,NULL,1,1,' '),(580,'2019-09-05',580,1,1,NULL,NULL,NULL,1,1,NULL),(581,NULL,581,1,1,0,0,NULL,1,1,' '),(582,NULL,582,1,1,0,0,NULL,1,1,' '),(583,NULL,583,1,1,0,0,NULL,1,1,' '),(584,NULL,584,1,1,100,0,NULL,1,1,' '),(585,NULL,585,1,1,0,0,NULL,1,1,' '),(586,NULL,586,1,1,0,0,NULL,1,1,' '),(587,NULL,587,1,1,0,0,NULL,1,1,' '),(588,NULL,588,1,1,0,0,NULL,1,1,' '),(589,NULL,589,1,1,0,0,NULL,1,1,' '),(590,NULL,590,1,1,0,0,NULL,1,1,' '),(591,NULL,591,1,1,100,0,NULL,1,1,' '),(592,NULL,592,1,1,0,0,NULL,1,1,' '),(593,NULL,593,1,1,0,0,NULL,1,1,' '),(594,'2019-09-10',594,1,1,NULL,NULL,NULL,1,1,NULL),(595,'2019-09-10',595,1,1,NULL,NULL,NULL,1,1,NULL),(596,NULL,596,1,2,0,0,NULL,1,1,' '),(597,NULL,597,1,1,0,0,NULL,1,1,' '),(598,NULL,598,1,3,0,0,NULL,1,3,' aulão do Leo'),(599,NULL,599,1,1,600,4,NULL,1,1,' '),(600,NULL,600,1,1,0,0,NULL,1,1,' '),(601,NULL,601,1,4,120,0,NULL,1,1,' '),(602,NULL,602,1,1,120,0,NULL,1,1,' '),(603,NULL,603,1,1,0,0,NULL,1,1,' '),(604,NULL,604,1,1,100,0,NULL,1,1,' '),(605,NULL,605,1,1,0,0,NULL,1,1,' '),(606,NULL,606,1,1,0,0,NULL,1,1,' '),(607,'2019-09-13',607,1,1,NULL,NULL,NULL,1,1,NULL),(608,NULL,608,1,4,0,0,NULL,1,1,' '),(609,NULL,609,1,1,0,0,NULL,1,1,' '),(610,NULL,610,1,1,0,0,NULL,1,1,' '),(611,NULL,611,1,1,0,0,NULL,1,1,' '),(612,NULL,612,1,1,0,0,NULL,1,1,' '),(613,NULL,613,1,1,0,0,NULL,1,1,' '),(614,NULL,614,1,1,0,0,NULL,1,1,' '),(615,NULL,615,1,1,0,0,NULL,1,1,' '),(616,NULL,616,1,1,0,0,NULL,1,1,' '),(617,NULL,617,1,1,0,0,NULL,1,1,' '),(618,NULL,618,1,1,0,0,NULL,1,1,' '),(619,NULL,619,1,1,0,0,NULL,1,1,' '),(620,NULL,620,1,1,0,0,NULL,1,1,' '),(621,NULL,621,1,1,0,0,NULL,1,1,' '),(622,NULL,622,1,1,0,0,NULL,1,1,' '),(623,'2019-09-13',623,1,1,NULL,NULL,NULL,1,1,NULL),(624,NULL,624,1,1,0,0,NULL,1,1,' '),(625,NULL,625,1,1,0,0,NULL,1,1,' '),(626,NULL,626,1,1,0,0,NULL,1,1,' '),(627,NULL,627,1,1,0,0,NULL,1,1,' '),(628,NULL,628,1,1,0,0,NULL,1,1,' '),(629,NULL,629,1,1,0,0,NULL,1,1,' '),(630,NULL,630,1,1,0,0,NULL,1,1,' '),(631,NULL,631,1,1,0,0,NULL,1,1,' '),(632,NULL,632,1,1,0,0,NULL,1,1,' '),(633,NULL,633,1,1,0,0,NULL,1,1,' '),(634,NULL,634,1,1,0,0,NULL,1,1,' '),(635,'2019-09-13',635,1,1,NULL,NULL,NULL,1,1,NULL),(636,NULL,636,1,1,580,4,NULL,1,1,' '),(637,NULL,637,1,1,130,0,NULL,1,1,' '),(638,NULL,638,1,1,0,0,NULL,1,1,' '),(639,NULL,639,1,1,150,0,NULL,1,1,'  '),(640,NULL,640,1,1,30,0,NULL,1,1,' '),(641,NULL,641,1,1,30,0,NULL,1,1,' '),(642,NULL,642,1,1,120,0,NULL,1,1,' '),(643,'2019-09-26',643,1,1,NULL,NULL,NULL,1,1,NULL),(644,NULL,644,1,1,0,0,NULL,1,1,' '),(645,NULL,645,1,1,580,0,NULL,1,1,' a vista'),(646,NULL,646,1,1,100,0,NULL,1,1,' '),(647,NULL,647,1,1,100,0,NULL,1,1,' '),(648,NULL,648,1,1,100,0,NULL,1,1,' '),(649,NULL,649,1,1,120,0,NULL,1,1,' '),(650,NULL,650,1,1,120,0,NULL,1,1,' '),(651,NULL,651,1,1,145,0,NULL,1,1,' '),(652,NULL,652,1,1,145,0,NULL,1,1,' '),(653,NULL,653,1,1,100,0,NULL,1,1,' '),(654,'2019-10-01',654,1,1,NULL,NULL,NULL,1,1,NULL),(655,NULL,655,1,1,30,0,NULL,1,1,' '),(656,'2019-10-01',656,1,1,NULL,NULL,NULL,1,1,NULL),(657,NULL,657,1,1,120,0,NULL,1,1,' '),(658,NULL,658,1,1,120,0,NULL,1,1,' '),(659,NULL,659,1,1,120,0,NULL,1,1,' '),(660,NULL,660,1,1,130,0,NULL,1,1,' '),(661,NULL,661,1,1,120,0,NULL,1,1,' '),(662,NULL,662,1,1,0,0,NULL,1,1,' '),(663,NULL,663,1,1,0,0,NULL,1,1,' '),(664,NULL,664,1,1,0,0,NULL,1,1,' '),(665,'2019-10-03',665,1,1,NULL,NULL,NULL,1,1,NULL),(666,NULL,666,1,1,0,0,NULL,1,1,' '),(667,NULL,667,1,1,0,0,NULL,1,1,' '),(668,NULL,668,1,1,0,0,NULL,1,1,' '),(669,NULL,669,1,1,0,0,NULL,1,1,' '),(670,NULL,670,1,1,0,0,NULL,1,1,' '),(671,NULL,671,1,1,0,0,NULL,1,1,' '),(672,NULL,672,1,1,0,0,NULL,1,1,' '),(673,NULL,673,1,1,0,0,NULL,1,1,' '),(674,NULL,674,1,1,0,0,NULL,1,1,' '),(675,NULL,675,1,1,0,0,NULL,1,1,' '),(676,NULL,676,1,1,0,0,NULL,1,1,' '),(677,NULL,677,1,1,0,0,NULL,1,1,' '),(678,NULL,678,1,1,0,0,NULL,1,1,' '),(679,NULL,679,1,1,0,0,NULL,1,1,' '),(680,NULL,680,1,1,30,0,NULL,1,1,' '),(681,NULL,681,1,1,0,0,NULL,1,1,' '),(682,NULL,682,1,1,0,0,NULL,1,1,' '),(683,'2019-10-09',683,1,1,NULL,NULL,NULL,1,1,NULL),(684,NULL,684,1,1,0,0,NULL,1,1,' '),(685,NULL,685,1,1,0,0,NULL,1,1,' '),(686,NULL,686,1,1,0,0,NULL,1,1,' '),(687,NULL,687,1,1,120,0,NULL,1,1,' '),(688,'2019-10-10',688,1,1,NULL,NULL,NULL,1,1,NULL),(689,NULL,689,1,1,0,0,NULL,1,1,' '),(690,NULL,690,1,1,0,0,NULL,1,1,' '),(691,NULL,691,1,1,120,0,NULL,1,1,' '),(692,NULL,692,1,1,120,0,NULL,1,1,' '),(693,'2019-10-11',693,1,1,NULL,NULL,NULL,1,1,NULL),(694,NULL,694,1,1,0,0,NULL,1,1,' '),(695,NULL,695,1,1,120,0,NULL,1,1,' '),(696,NULL,696,1,1,0,0,NULL,1,1,' '),(697,'2019-10-15',697,1,1,NULL,NULL,NULL,1,1,NULL),(698,'2019-10-15',698,1,1,NULL,NULL,NULL,1,1,NULL),(699,'2019-10-15',699,1,1,NULL,NULL,NULL,1,1,NULL),(700,'2019-10-15',700,1,1,NULL,NULL,NULL,1,1,NULL),(701,'2019-10-15',701,1,1,NULL,NULL,NULL,1,1,NULL),(702,NULL,702,1,1,120,0,NULL,1,1,' '),(703,NULL,703,1,1,120,0,NULL,1,1,' '),(704,'2019-10-15',704,1,1,NULL,NULL,NULL,1,1,NULL),(706,NULL,706,1,1,0,0,NULL,1,1,' '),(707,NULL,707,1,1,0,0,NULL,1,1,' '),(708,NULL,708,1,1,145,0,NULL,1,1,' '),(709,'2019-10-16',709,1,1,NULL,NULL,NULL,1,1,NULL),(710,'2019-10-17',710,1,1,NULL,NULL,NULL,1,1,NULL),(711,'2018-04-12',711,1,1,NULL,NULL,NULL,1,1,NULL),(712,NULL,712,1,1,0,0,NULL,1,1,' '),(713,NULL,713,1,1,0,0,NULL,1,1,' '),(714,NULL,714,1,1,0,0,NULL,1,1,' '),(715,NULL,715,1,1,0,0,NULL,1,1,' '),(716,NULL,716,1,1,0,0,NULL,1,1,' '),(717,NULL,717,1,1,0,0,NULL,1,1,' '),(718,NULL,718,1,1,100,0,NULL,1,1,' '),(719,NULL,719,1,1,150,0,NULL,1,1,' '),(720,NULL,720,1,1,0,0,NULL,1,1,' '),(721,NULL,721,1,1,120,0,NULL,1,1,' '),(722,NULL,722,1,1,120,0,NULL,1,1,' '),(723,NULL,723,1,1,0,0,NULL,1,1,' '),(724,NULL,724,1,1,0,0,NULL,1,1,' '),(725,NULL,725,1,1,145,0,NULL,1,1,' '),(726,'2019-11-05',726,1,1,NULL,NULL,NULL,1,1,NULL),(727,NULL,727,1,1,150,0,NULL,1,1,' 5,00 credito'),(728,NULL,728,1,1,0,0,NULL,1,1,' '),(729,'2019-11-05',729,1,1,NULL,NULL,NULL,1,1,NULL),(730,NULL,730,1,1,0,0,NULL,1,1,' '),(731,NULL,731,1,1,75,0,NULL,1,1,'  '),(732,NULL,732,1,1,0,0,NULL,1,1,' '),(733,'2019-11-05',733,1,1,NULL,NULL,NULL,1,1,NULL),(734,NULL,734,1,1,0,0,NULL,1,1,' '),(735,NULL,735,1,1,120,0,NULL,1,1,' '),(736,NULL,736,1,1,120,0,NULL,1,1,' '),(737,NULL,737,1,1,0,0,NULL,1,1,' '),(738,NULL,738,1,1,0,0,NULL,1,1,' '),(739,NULL,739,1,1,50,0,NULL,1,1,' '),(740,NULL,740,1,1,0,0,NULL,1,1,' '),(741,NULL,741,1,1,0,0,NULL,1,1,' '),(742,NULL,742,1,1,0,0,NULL,1,1,' '),(743,NULL,743,1,1,145,0,NULL,1,1,' '),(744,NULL,744,1,1,0,0,NULL,1,1,' '),(745,NULL,745,1,1,0,0,NULL,1,1,' '),(746,'2019-11-11',746,1,1,NULL,NULL,NULL,1,1,NULL),(747,NULL,747,1,1,120,0,NULL,1,1,' '),(748,NULL,748,1,1,120,0,NULL,1,1,' '),(749,NULL,749,1,1,200,0,NULL,1,1,' '),(750,NULL,750,1,1,0,0,NULL,1,1,' '),(751,NULL,751,1,1,120,0,NULL,1,1,' '),(752,NULL,752,1,1,0,0,NULL,1,1,' '),(753,NULL,753,1,1,580,0,NULL,1,1,'  '),(754,NULL,754,1,1,120,0,NULL,1,1,' '),(755,NULL,755,1,1,120,0,NULL,1,1,' '),(756,NULL,756,1,1,0,0,NULL,1,1,' santte'),(757,NULL,757,1,1,0,0,NULL,1,1,' '),(758,NULL,758,1,1,0,0,NULL,1,1,' '),(759,'2019-11-13',759,1,1,NULL,NULL,NULL,1,1,NULL),(760,NULL,760,1,1,0,0,NULL,1,1,' '),(761,NULL,761,1,1,110,0,NULL,1,1,' '),(762,NULL,762,1,1,0,0,NULL,1,1,' '),(763,NULL,763,1,1,0,0,NULL,1,1,' '),(764,NULL,764,1,1,0,0,NULL,1,1,' '),(765,NULL,765,1,1,0,0,NULL,1,1,' '),(766,NULL,766,1,1,0,0,NULL,1,1,' '),(767,NULL,767,1,1,0,0,NULL,1,1,' '),(768,NULL,768,1,1,0,0,NULL,1,1,' '),(769,NULL,769,1,1,0,0,NULL,1,1,' '),(770,NULL,770,1,1,0,0,NULL,1,1,' '),(771,NULL,771,1,1,0,0,NULL,1,1,' '),(772,NULL,772,1,1,0,0,NULL,1,1,' '),(773,NULL,773,1,1,0,0,NULL,1,1,' '),(774,NULL,774,1,1,0,0,NULL,1,1,' '),(775,NULL,775,1,1,0,0,NULL,1,1,' '),(776,NULL,776,1,1,0,0,NULL,1,1,' '),(777,NULL,777,1,1,0,0,NULL,1,1,' '),(778,NULL,778,1,1,0,0,NULL,1,1,' '),(779,NULL,779,1,1,120,0,NULL,1,1,' '),(780,NULL,780,1,1,145,0,NULL,1,1,' '),(781,'2019-11-20',781,1,1,NULL,NULL,NULL,1,1,NULL),(782,'2019-11-27',782,1,1,NULL,NULL,NULL,1,1,NULL),(783,NULL,783,1,1,120,0,NULL,1,1,' '),(784,NULL,784,1,1,100,0,NULL,1,1,' '),(785,NULL,785,1,1,145,0,NULL,1,1,' '),(786,NULL,786,1,1,0,0,NULL,1,1,' '),(787,NULL,787,1,1,30,0,NULL,1,1,' '),(788,NULL,788,1,1,30,0,NULL,1,1,' '),(789,NULL,789,1,1,100,0,NULL,1,1,' '),(790,NULL,790,1,1,0,0,NULL,1,1,' '),(791,NULL,791,1,1,145,0,NULL,1,1,' '),(792,NULL,792,1,1,120,0,NULL,1,1,' '),(793,NULL,793,1,1,0,0,NULL,1,1,' '),(794,NULL,794,1,1,120,0,NULL,1,1,' '),(795,NULL,795,1,1,0,0,NULL,1,1,' '),(796,NULL,796,1,1,0,0,NULL,1,1,' '),(797,NULL,797,1,1,0,0,NULL,1,1,' '),(798,NULL,798,1,1,0,0,NULL,1,1,' '),(800,NULL,800,1,1,140,0,NULL,1,1,'  '),(801,NULL,801,1,1,0,0,NULL,1,1,' '),(802,NULL,802,1,1,0,0,NULL,1,1,' '),(803,NULL,803,1,1,0,0,NULL,1,1,' '),(804,NULL,804,1,1,0,0,NULL,1,1,' '),(805,NULL,805,1,1,0,0,NULL,1,1,' '),(806,NULL,806,1,1,0,0,NULL,1,1,' '),(807,NULL,807,1,1,0,0,NULL,1,1,' bride'),(808,'2019-12-09',808,1,1,NULL,NULL,NULL,1,1,NULL),(809,NULL,809,1,1,0,0,NULL,1,1,' '),(810,NULL,810,1,1,0,0,NULL,1,1,' '),(811,NULL,811,1,1,0,0,NULL,1,1,' '),(812,NULL,812,1,1,0,0,NULL,1,1,' '),(813,NULL,813,1,1,0,0,NULL,1,1,' '),(814,NULL,814,1,1,0,0,NULL,1,1,' '),(815,NULL,815,1,1,120,0,NULL,1,1,' '),(816,NULL,816,1,1,0,0,NULL,1,1,' '),(817,'2019-12-12',817,1,1,NULL,NULL,NULL,1,1,NULL),(818,NULL,818,1,1,145,0,NULL,1,1,' '),(819,NULL,819,1,1,120,0,NULL,1,1,'  Santte'),(820,NULL,820,1,1,0,0,NULL,1,1,' '),(821,NULL,821,1,1,0,0,NULL,1,1,' '),(822,'2019-12-16',822,1,1,NULL,NULL,NULL,1,1,NULL),(823,NULL,823,1,1,0,0,NULL,1,1,' '),(824,NULL,824,1,1,0,0,NULL,1,1,' '),(825,NULL,825,1,1,0,0,NULL,1,1,' '),(826,NULL,826,1,1,0,0,NULL,1,1,' '),(827,NULL,827,1,1,0,0,NULL,1,1,' '),(828,NULL,828,1,1,0,0,NULL,1,1,' '),(829,NULL,829,1,1,120,0,NULL,1,1,' '),(830,NULL,830,1,1,0,0,NULL,1,1,' '),(831,NULL,831,1,1,100,0,NULL,1,1,' '),(832,NULL,832,1,1,100,0,NULL,1,1,' '),(833,'2019-12-17',833,1,1,NULL,NULL,NULL,1,1,NULL),(834,NULL,834,1,1,200,0,NULL,1,1,' '),(835,NULL,835,1,1,100,0,NULL,1,1,' '),(836,NULL,836,1,1,0,0,NULL,1,1,' '),(837,'2019-12-17',837,1,1,NULL,NULL,NULL,1,1,NULL),(838,NULL,838,1,1,0,0,NULL,1,1,' '),(839,'2019-12-17',839,1,1,NULL,NULL,NULL,1,1,NULL),(840,NULL,840,1,1,0,0,NULL,1,1,' '),(841,NULL,841,1,1,0,0,NULL,1,1,' '),(842,NULL,842,1,1,0,0,NULL,1,1,' '),(843,NULL,843,1,1,0,0,NULL,1,1,' '),(844,NULL,844,1,1,150,0,NULL,1,1,' '),(845,NULL,845,1,1,0,0,NULL,1,1,' '),(846,NULL,846,1,1,120,0,NULL,1,1,' '),(847,NULL,847,1,1,0,0,NULL,1,1,' '),(848,NULL,848,1,1,145,0,NULL,1,1,' '),(849,NULL,849,1,1,145,0,NULL,1,1,' '),(850,'2020-01-10',850,1,1,NULL,NULL,NULL,1,1,NULL),(852,NULL,852,1,1,600,0,NULL,1,1,' '),(853,NULL,853,1,1,70,0,NULL,1,1,' '),(854,'2020-01-10',854,1,1,NULL,NULL,NULL,1,1,NULL),(855,NULL,855,1,1,0,0,NULL,1,1,' '),(856,'2020-01-10',856,1,1,NULL,NULL,NULL,1,1,NULL),(857,'2020-01-13',857,1,1,NULL,NULL,NULL,1,1,NULL),(858,NULL,858,1,1,120,0,NULL,1,1,' '),(859,NULL,859,1,1,0,0,NULL,1,1,' '),(860,NULL,860,1,1,0,0,NULL,1,1,' '),(861,NULL,861,1,1,120,0,NULL,1,1,' '),(862,NULL,862,1,1,0,0,NULL,1,1,' '),(863,NULL,863,1,1,0,0,NULL,1,1,' '),(864,NULL,864,1,1,0,0,NULL,1,1,' '),(865,NULL,865,1,1,0,0,NULL,1,1,' '),(866,NULL,866,1,1,120,0,NULL,1,1,' '),(867,'2020-01-15',867,1,1,NULL,NULL,NULL,1,1,NULL),(868,NULL,868,1,1,0,0,NULL,1,1,' '),(869,NULL,869,1,1,0,0,NULL,1,1,' '),(870,NULL,870,1,1,150,0,NULL,1,1,' Elis'),(871,NULL,871,1,1,120,0,NULL,1,1,' '),(872,NULL,872,1,1,150,0,NULL,1,1,' promoção de janeiro'),(873,NULL,873,1,1,580,0,NULL,1,1,' '),(874,NULL,874,1,1,600,0,NULL,1,1,' '),(875,NULL,875,1,1,0,0,NULL,1,1,' '),(876,'2020-01-24',876,1,1,NULL,NULL,NULL,1,1,NULL),(877,NULL,877,1,1,0,0,NULL,1,1,' '),(878,NULL,878,1,1,0,0,NULL,1,1,' '),(879,NULL,879,1,1,0,0,NULL,1,1,' '),(880,NULL,880,1,1,0,0,NULL,1,1,' '),(881,NULL,881,1,1,0,0,NULL,1,1,' '),(882,NULL,882,1,1,0,0,NULL,1,1,' pct Carnaval Santté'),(883,NULL,883,1,1,0,0,NULL,1,1,' '),(884,NULL,884,1,1,0,0,NULL,1,1,' '),(885,NULL,885,1,1,0,0,NULL,1,1,' '),(886,NULL,886,1,1,0,0,NULL,1,1,' '),(887,NULL,887,1,1,0,0,NULL,1,1,' '),(888,NULL,888,1,1,0,0,NULL,1,1,' '),(889,NULL,889,1,1,0,0,NULL,1,1,' '),(890,NULL,890,1,1,580,0,NULL,1,1,'  promoção de janeiro \r\naté maio'),(891,NULL,891,1,1,110,0,NULL,1,1,' '),(892,'2020-01-30',892,1,1,NULL,NULL,NULL,1,1,NULL),(893,NULL,893,1,1,120,0,NULL,1,1,' '),(894,NULL,894,1,1,120,0,NULL,1,1,' '),(895,NULL,895,1,1,140,0,NULL,1,1,' '),(896,NULL,896,1,1,0,0,NULL,1,1,' '),(897,NULL,897,1,1,0,0,NULL,1,1,' '),(898,NULL,898,1,1,0,0,NULL,1,1,' '),(899,NULL,899,1,1,0,0,NULL,1,1,' '),(900,'2020-01-31',900,1,1,NULL,NULL,NULL,1,1,NULL),(901,NULL,901,1,1,0,0,NULL,1,1,' '),(902,NULL,902,1,1,0,0,NULL,1,1,' '),(903,'2020-02-03',903,1,1,NULL,NULL,NULL,1,1,NULL),(904,NULL,904,1,1,0,0,NULL,1,1,' '),(905,NULL,905,1,1,0,0,NULL,1,1,' '),(906,NULL,906,1,1,0,0,NULL,1,1,' '),(907,NULL,907,1,1,0,0,NULL,1,1,' '),(908,NULL,908,1,1,0,0,NULL,1,1,' '),(909,'2020-02-03',909,1,1,NULL,NULL,NULL,1,1,NULL),(911,NULL,911,1,1,0,0,NULL,1,1,' '),(912,NULL,912,1,1,0,0,NULL,1,1,' '),(913,'2020-02-03',913,1,1,NULL,NULL,NULL,1,1,NULL),(915,NULL,915,1,1,0,0,NULL,1,1,' '),(916,NULL,916,1,1,0,0,NULL,1,1,' '),(917,NULL,917,1,1,0,0,NULL,1,1,' '),(918,NULL,918,1,1,0,0,NULL,1,1,' '),(919,NULL,919,1,1,0,0,NULL,1,1,' '),(920,NULL,920,1,1,0,0,NULL,1,1,' '),(921,NULL,921,1,1,0,0,NULL,1,1,' '),(922,NULL,922,1,1,0,0,NULL,1,1,' '),(923,NULL,923,1,1,0,0,NULL,1,1,' '),(924,NULL,924,1,1,0,0,NULL,1,1,' '),(925,NULL,925,1,1,0,0,NULL,1,1,' '),(926,NULL,926,1,1,0,0,NULL,1,1,' '),(927,NULL,927,1,1,0,0,NULL,1,1,' '),(928,NULL,928,1,1,0,0,NULL,1,1,' '),(929,NULL,929,1,1,0,0,NULL,1,1,' '),(930,NULL,930,1,1,0,0,NULL,1,1,' '),(931,NULL,931,1,1,70,0,NULL,1,1,' '),(932,NULL,932,1,1,0,0,NULL,1,1,' '),(933,NULL,933,1,1,0,0,NULL,1,1,' '),(934,NULL,934,1,1,0,0,NULL,1,1,' '),(935,NULL,935,1,1,0,0,NULL,1,1,' Elis'),(936,NULL,936,1,1,0,0,NULL,1,1,' '),(937,NULL,937,1,1,0,0,NULL,1,1,' '),(938,NULL,938,1,1,0,0,NULL,1,1,' '),(939,NULL,939,1,1,0,0,NULL,1,1,' '),(940,NULL,940,1,1,0,0,NULL,1,1,' '),(941,NULL,941,1,1,0,0,NULL,1,1,' '),(942,NULL,942,1,1,0,0,NULL,1,1,' '),(943,NULL,943,1,1,0,0,NULL,1,1,' '),(944,NULL,944,1,1,0,0,NULL,1,1,' '),(945,NULL,945,1,1,0,0,NULL,1,1,' '),(946,NULL,946,1,1,0,0,NULL,1,1,' '),(947,NULL,947,1,1,0,0,NULL,1,1,' '),(948,NULL,948,1,1,0,0,NULL,1,1,' '),(949,NULL,949,1,1,0,0,NULL,1,1,' '),(950,NULL,950,1,1,0,0,NULL,1,1,' '),(951,NULL,951,1,1,0,0,NULL,1,1,' '),(952,NULL,952,1,1,0,0,NULL,1,1,' '),(953,NULL,953,1,1,0,0,NULL,1,1,' '),(954,NULL,954,1,1,0,0,NULL,1,1,' '),(955,NULL,955,1,1,0,0,NULL,1,1,' '),(956,'2020-02-12',956,1,1,NULL,NULL,NULL,1,1,NULL),(957,NULL,957,1,1,0,0,NULL,1,1,' '),(958,'2020-02-13',958,1,1,NULL,NULL,NULL,1,1,NULL),(959,NULL,959,1,1,0,0,NULL,1,1,' '),(960,NULL,960,1,1,120,0,NULL,1,1,'  '),(961,NULL,961,1,1,120,0,NULL,1,1,' '),(962,NULL,962,1,1,0,0,NULL,1,1,' '),(963,NULL,963,1,1,0,0,NULL,1,1,' '),(964,NULL,964,1,1,0,0,NULL,1,1,' '),(965,NULL,965,1,1,0,0,NULL,1,1,' '),(966,NULL,966,1,1,0,0,NULL,1,1,' '),(967,NULL,967,1,1,0,0,NULL,1,1,' '),(968,NULL,968,1,1,0,0,NULL,1,1,' '),(969,NULL,969,1,1,0,0,NULL,1,1,' '),(970,NULL,970,1,1,0,0,NULL,1,1,' '),(971,NULL,971,1,1,0,0,NULL,1,1,' '),(972,NULL,972,1,1,0,0,NULL,1,1,' '),(973,NULL,973,1,1,0,0,NULL,1,1,' '),(974,NULL,974,1,1,0,0,NULL,1,1,' '),(975,NULL,975,1,1,0,0,NULL,1,1,' '),(976,NULL,976,1,1,0,0,NULL,1,1,' '),(977,NULL,977,1,1,0,0,NULL,1,1,' '),(978,NULL,978,1,1,0,0,NULL,1,1,' '),(979,NULL,979,1,1,0,0,NULL,1,1,' '),(980,NULL,980,1,1,0,0,NULL,1,1,' '),(981,NULL,981,1,1,0,0,NULL,1,1,' '),(982,NULL,982,1,1,0,0,NULL,1,1,' '),(983,NULL,983,1,1,0,0,NULL,1,1,' '),(984,NULL,984,1,1,0,0,NULL,1,1,' '),(985,NULL,985,1,1,0,0,NULL,1,1,' '),(986,NULL,986,1,1,0,0,NULL,1,1,' '),(987,'2020-02-14',987,1,1,NULL,NULL,NULL,1,1,NULL),(989,NULL,989,1,1,0,0,NULL,1,1,' '),(990,NULL,990,1,1,0,0,NULL,1,1,' '),(991,NULL,991,1,1,0,0,NULL,1,1,' '),(992,NULL,992,1,1,0,0,NULL,1,1,' '),(993,NULL,993,1,1,0,0,NULL,1,1,' '),(994,NULL,994,1,1,0,0,NULL,1,1,' '),(995,NULL,995,1,1,0,0,NULL,1,1,' '),(996,NULL,996,1,1,0,0,NULL,1,1,' '),(997,NULL,997,1,1,0,0,NULL,1,1,' '),(998,NULL,998,1,1,0,0,NULL,1,1,' '),(999,NULL,999,1,1,0,0,NULL,1,1,' '),(1000,NULL,1000,1,1,0,0,NULL,1,1,' '),(1001,NULL,1001,1,1,0,0,NULL,1,1,' '),(1002,NULL,1002,1,1,0,0,NULL,1,1,' '),(1003,NULL,1003,1,1,0,0,NULL,1,1,' '),(1004,NULL,1004,1,1,0,0,NULL,1,1,' '),(1005,NULL,1005,1,1,0,0,NULL,1,1,' '),(1006,'2020-02-14',1006,1,1,NULL,NULL,NULL,1,1,NULL),(1007,NULL,1007,1,1,80,0,NULL,1,1,' '),(1008,'2020-02-18',1008,1,1,NULL,NULL,NULL,1,1,NULL),(1009,'2020-02-18',1009,1,1,NULL,NULL,NULL,1,1,NULL),(1010,NULL,1010,1,1,0,0,NULL,1,1,' '),(1011,NULL,1011,1,1,580,0,NULL,1,1,' '),(1012,NULL,1012,1,1,120,0,NULL,1,1,' '),(1013,NULL,1013,1,1,0,0,NULL,1,1,' '),(1014,NULL,1014,1,1,150,0,NULL,1,1,' '),(1015,NULL,1015,1,1,0,0,NULL,1,1,' '),(1016,'2020-02-19',1016,1,1,NULL,NULL,NULL,1,1,NULL),(1017,NULL,1017,1,1,0,0,NULL,1,1,' '),(1018,'2020-02-19',1018,1,1,NULL,NULL,NULL,1,1,NULL),(1019,NULL,1019,1,1,0,0,NULL,1,1,' '),(1020,NULL,1020,1,1,0,0,NULL,1,1,' '),(1021,'2020-02-24',1021,1,1,NULL,NULL,NULL,1,1,NULL),(1022,'2020-02-27',1022,1,1,NULL,NULL,NULL,1,1,NULL),(1023,'2020-02-27',1023,1,1,NULL,NULL,NULL,1,1,NULL),(1024,NULL,1024,1,1,0,0,NULL,1,1,' '),(1025,NULL,1025,1,1,0,0,NULL,1,1,' '),(1026,NULL,1026,1,1,0,0,NULL,1,1,' '),(1027,NULL,1027,1,1,0,0,NULL,1,1,' '),(1028,NULL,1028,1,1,0,0,NULL,1,1,' '),(1029,NULL,1029,1,1,0,0,NULL,1,1,' '),(1030,NULL,1030,1,1,0,0,NULL,1,1,' '),(1031,NULL,1031,1,1,0,0,NULL,1,1,' '),(1032,NULL,1032,1,1,0,0,NULL,1,1,' '),(1033,NULL,1033,1,1,0,0,NULL,1,1,' '),(1034,NULL,1034,1,1,0,0,NULL,1,1,' '),(1035,NULL,1035,1,1,0,0,NULL,1,1,' '),(1036,NULL,1036,1,1,0,0,NULL,1,1,' '),(1037,NULL,1037,1,1,0,0,NULL,1,1,' '),(1038,NULL,1038,1,1,0,0,NULL,1,1,' '),(1039,NULL,1039,1,1,0,0,NULL,1,1,' '),(1040,NULL,1040,1,1,0,0,NULL,1,1,' '),(1041,NULL,1041,1,1,0,0,NULL,1,1,' '),(1042,NULL,1042,1,1,0,0,NULL,1,1,' '),(1043,NULL,1043,1,1,0,0,NULL,1,1,' '),(1044,NULL,1044,1,1,0,0,NULL,1,1,' '),(1045,NULL,1045,1,1,0,0,NULL,1,1,' '),(1046,NULL,1046,1,1,0,0,NULL,1,1,' '),(1047,NULL,1047,1,1,0,0,NULL,1,1,' '),(1048,NULL,1048,1,1,0,0,NULL,1,1,' '),(1049,NULL,1049,1,1,0,0,NULL,1,1,' '),(1050,NULL,1050,1,1,0,0,NULL,1,1,' '),(1051,NULL,1051,1,1,0,0,NULL,1,1,' '),(1052,NULL,1052,1,1,0,0,NULL,1,1,' '),(1053,NULL,1053,1,1,580,0,NULL,1,1,'  '),(1054,NULL,1054,1,1,120,0,NULL,1,1,' '),(1055,NULL,1055,1,1,0,0,NULL,1,1,' '),(1056,NULL,1056,1,1,0,0,NULL,1,1,' '),(1057,NULL,1057,1,1,580,0,NULL,1,1,'  '),(1058,NULL,1058,1,1,0,0,NULL,1,1,' '),(1059,NULL,1059,1,1,0,0,NULL,1,1,' '),(1060,NULL,1060,1,1,0,0,NULL,1,1,' '),(1061,NULL,1061,1,1,0,0,NULL,1,1,' '),(1062,NULL,1062,1,1,0,0,NULL,1,1,' '),(1063,NULL,1063,1,1,110,0,NULL,1,1,' '),(1064,NULL,1064,1,1,0,0,NULL,1,1,' '),(1065,'2020-03-05',1065,1,1,NULL,NULL,NULL,1,1,NULL),(1066,NULL,1066,1,1,580,0,NULL,1,1,'  '),(1067,NULL,1067,1,1,120,0,NULL,1,1,' '),(1068,'2020-03-05',1068,1,1,NULL,NULL,NULL,1,1,NULL),(1069,'2020-03-05',1069,1,1,NULL,NULL,NULL,1,1,NULL),(1070,NULL,1070,1,1,0,0,NULL,1,1,' '),(1071,NULL,1071,1,1,0,0,NULL,1,1,' '),(1072,NULL,1072,1,1,140,0,NULL,1,1,' '),(1073,NULL,1073,1,1,150,0,NULL,1,1,' '),(1074,'2020-03-11',1074,1,1,NULL,NULL,NULL,1,1,NULL),(1075,NULL,1075,1,1,0,0,NULL,1,1,' '),(1076,NULL,1076,1,1,0,0,NULL,1,1,' '),(1077,NULL,1077,1,1,120,0,NULL,1,1,' '),(1078,NULL,1078,1,1,120,0,NULL,1,1,' '),(1079,NULL,1079,1,1,0,0,NULL,1,1,' '),(1080,NULL,1080,1,1,0,0,NULL,1,1,' '),(1081,NULL,1081,1,1,120,0,NULL,1,1,' '),(1082,NULL,1082,1,1,0,0,NULL,1,1,' '),(1083,NULL,1083,1,1,0,0,NULL,1,1,' '),(1084,NULL,1084,1,1,580,0,NULL,1,1,' '),(1085,'2020-03-17',1085,1,1,NULL,NULL,NULL,1,1,NULL),(1086,'2020-03-17',1086,1,1,NULL,NULL,NULL,1,1,NULL),(1087,NULL,1087,1,1,0,0,NULL,1,1,' '),(1088,NULL,1088,1,1,30,0,NULL,1,1,' '),(1089,NULL,1089,1,1,0,0,NULL,1,1,' '),(1090,NULL,1090,1,1,0,0,NULL,1,1,' '),(1091,NULL,1091,1,1,0,0,NULL,1,1,' '),(1092,NULL,1092,1,1,0,0,NULL,1,1,' '),(1093,NULL,1093,1,1,0,0,NULL,1,1,' '),(1094,NULL,1094,1,1,0,0,NULL,1,1,' '),(1095,NULL,1095,1,1,0,0,NULL,1,1,' '),(1096,NULL,1096,1,1,0,0,NULL,1,1,' '),(1097,NULL,1097,1,1,0,0,NULL,1,1,' '),(1098,NULL,1098,1,1,0,0,NULL,1,1,' '),(1099,NULL,1099,1,1,0,0,NULL,1,1,' '),(1100,NULL,1100,1,1,150,0,NULL,1,1,' '),(1101,NULL,1101,1,1,0,0,NULL,1,1,' '),(1102,NULL,1102,1,1,0,0,NULL,1,1,' '),(1103,NULL,1103,1,1,0,0,NULL,1,1,' '),(1104,NULL,1104,1,1,0,0,NULL,1,1,' '),(1105,NULL,1105,1,1,0,0,NULL,1,1,' '),(1106,NULL,1106,1,1,150,0,NULL,1,1,' '),(1108,NULL,1108,1,1,0,0,NULL,1,1,' '),(1109,NULL,1109,1,1,0,0,NULL,1,1,' '),(1110,'2020-05-07',1110,1,1,NULL,NULL,NULL,1,1,NULL),(1111,NULL,1111,1,1,0,0,NULL,1,1,' '),(1112,'2020-05-07',1112,1,1,NULL,NULL,NULL,1,1,NULL),(1113,'2020-05-07',1113,1,1,NULL,NULL,NULL,1,1,NULL),(1114,NULL,1114,1,1,0,0,NULL,1,1,' '),(1115,NULL,1115,1,1,0,0,NULL,1,1,' '),(1116,NULL,1116,1,1,600,0,NULL,1,1,' '),(1117,NULL,1117,1,1,0,0,NULL,1,1,' '),(1118,NULL,1118,1,1,0,0,NULL,1,1,' '),(1119,NULL,1119,1,1,0,0,NULL,1,1,' '),(1120,NULL,1120,1,1,0,0,NULL,1,1,' '),(1121,NULL,1121,1,1,150,0,NULL,1,1,'  '),(1122,NULL,1122,1,1,0,0,NULL,1,1,' '),(1123,NULL,1123,1,1,0,0,NULL,1,1,' '),(1124,NULL,1124,1,1,0,0,NULL,1,1,' '),(1125,NULL,1125,1,1,0,0,NULL,1,1,' '),(1126,NULL,1126,1,1,0,0,NULL,1,1,' '),(1127,NULL,1127,1,1,150,0,NULL,1,1,' '),(1128,NULL,1128,1,1,0,0,NULL,1,1,' '),(1129,NULL,1129,1,1,0,0,NULL,1,1,' '),(1130,NULL,1130,1,1,0,0,NULL,1,1,' '),(1131,NULL,1131,1,1,0,0,NULL,1,1,' '),(1132,NULL,1132,1,1,0,0,NULL,1,1,' '),(1133,NULL,1133,1,1,0,0,NULL,1,1,' '),(1134,NULL,1134,1,1,0,0,NULL,1,1,' '),(1135,NULL,1135,1,1,0,0,NULL,1,1,' '),(1136,NULL,1136,1,1,0,0,NULL,1,1,' '),(1137,NULL,1137,1,1,0,0,NULL,1,1,' '),(1138,NULL,1138,1,1,120,0,NULL,1,1,' '),(1139,NULL,1139,1,1,600,0,NULL,1,1,' '),(1140,NULL,1140,1,1,150,0,NULL,1,1,'  '),(1141,NULL,1141,1,1,0,0,NULL,1,1,' '),(1142,NULL,1142,1,1,0,0,NULL,1,1,' '),(1143,'2020-06-08',1143,1,1,NULL,NULL,NULL,1,1,NULL),(1144,NULL,1144,1,1,150,0,NULL,1,1,' '),(1145,NULL,1145,1,1,150,0,NULL,1,1,' '),(1146,NULL,1146,1,1,150,0,NULL,1,1,' '),(1147,NULL,1147,1,1,0,0,NULL,1,1,' '),(1148,NULL,1148,1,1,0,0,NULL,1,1,' '),(1149,NULL,1149,1,1,120,0,NULL,1,1,'  '),(1150,NULL,1150,1,1,150,0,NULL,1,1,' '),(1151,NULL,1151,1,1,0,0,NULL,1,1,' '),(1152,NULL,1152,1,1,0,0,NULL,1,1,' '),(1153,NULL,1153,1,1,600,0,NULL,1,1,'  '),(1154,'2020-06-15',1154,1,1,NULL,NULL,NULL,1,1,NULL),(1155,'2020-06-17',1155,1,1,NULL,NULL,NULL,1,1,NULL),(1156,NULL,1156,1,1,0,0,NULL,1,1,' '),(1157,NULL,1157,1,1,0,0,NULL,1,1,' '),(1158,'2020-06-18',1158,1,1,NULL,NULL,NULL,1,1,NULL),(1159,NULL,1159,1,1,0,0,NULL,1,1,' '),(1160,NULL,1160,1,1,600,0,NULL,1,1,' '),(1161,NULL,1161,1,1,600,0,NULL,1,1,' '),(1162,NULL,1162,1,1,0,0,NULL,1,1,' '),(1163,NULL,1163,1,1,120,0,NULL,1,1,' '),(1164,'2020-06-24',1164,1,1,NULL,NULL,NULL,1,1,NULL),(1165,NULL,1165,1,1,0,0,NULL,1,1,' '),(1166,NULL,1166,1,1,150,0,NULL,1,1,' '),(1167,'2020-06-25',1167,1,1,NULL,NULL,NULL,1,1,NULL),(1168,'2020-07-02',1168,1,1,NULL,NULL,NULL,1,1,NULL),(1169,'2020-07-02',1169,1,1,NULL,NULL,NULL,1,1,NULL),(1170,NULL,1170,1,1,150,0,NULL,1,1,' '),(1171,NULL,1171,1,1,0,0,NULL,1,1,' '),(1172,NULL,1172,1,1,0,0,NULL,1,1,' '),(1173,'2020-07-13',1173,1,1,NULL,NULL,NULL,1,1,NULL),(1174,NULL,1174,1,1,0,0,NULL,1,1,' '),(1175,NULL,1175,1,1,150,0,NULL,1,1,' '),(1176,NULL,1176,1,1,150,0,NULL,1,1,' '),(1177,NULL,1177,1,1,150,0,NULL,1,1,' '),(1178,NULL,1178,1,1,600,0,NULL,1,1,' '),(1179,NULL,1179,1,1,0,0,NULL,1,1,' '),(1180,'2020-07-16',1180,1,1,NULL,NULL,NULL,1,1,NULL),(1181,NULL,1181,1,1,0,0,NULL,1,1,' '),(1182,NULL,1182,1,1,150,0,NULL,1,1,'  '),(1183,NULL,1183,1,1,150,0,NULL,1,1,' '),(1184,NULL,1184,1,1,600,0,NULL,1,1,' '),(1186,NULL,1186,1,1,150,0,NULL,1,1,' '),(1187,NULL,1187,1,1,0,0,NULL,1,1,' '),(1188,NULL,1188,1,1,0,0,NULL,1,1,' '),(1189,NULL,1189,1,1,0,0,NULL,1,1,' '),(1190,NULL,1190,1,1,30,0,NULL,1,1,' '),(1191,NULL,1191,1,1,30,0,NULL,1,1,' '),(1192,NULL,1192,1,1,0,0,NULL,1,1,' '),(1193,NULL,1193,1,1,0,0,NULL,1,1,' '),(1194,NULL,1194,1,1,150,0,NULL,1,1,' '),(1195,NULL,1195,1,1,0,0,NULL,1,1,' '),(1196,NULL,1196,1,1,150,0,NULL,1,1,' '),(1197,'2020-07-28',1197,1,1,NULL,NULL,NULL,1,1,NULL),(1198,NULL,1198,1,1,0,0,NULL,1,1,' '),(1199,NULL,1199,1,1,110,0,NULL,1,1,' '),(1200,NULL,1200,1,1,150,0,NULL,1,1,' '),(1201,NULL,1201,1,1,600,0,NULL,1,1,' '),(1202,NULL,1202,1,1,120,0,NULL,1,1,' '),(1203,NULL,1203,1,1,0,0,NULL,1,1,' '),(1204,NULL,1204,1,1,30,0,NULL,1,1,' '),(1205,NULL,1205,1,1,30,0,NULL,1,1,' '),(1206,NULL,1206,1,1,120,0,NULL,1,1,' '),(1207,NULL,1207,1,1,150,0,NULL,1,1,' '),(1208,NULL,1208,1,1,250,0,NULL,1,1,' '),(1209,NULL,1209,1,1,120,0,NULL,1,1,' '),(1210,NULL,1210,1,1,0,0,NULL,1,1,' '),(1211,NULL,1211,1,1,0,0,NULL,1,1,' '),(1212,NULL,1212,1,1,150,0,NULL,1,1,' '),(1213,NULL,1213,1,1,0,0,NULL,1,1,' plano'),(1214,NULL,1214,1,1,600,0,NULL,1,1,' '),(1215,NULL,1215,1,1,0,0,NULL,1,1,' '),(1216,NULL,1216,1,1,150,0,NULL,1,1,' '),(1217,NULL,1217,1,1,600,0,NULL,1,1,' '),(1218,NULL,1218,1,1,0,0,NULL,1,1,' '),(1219,NULL,1219,1,1,30,0,NULL,1,1,' '),(1220,NULL,1220,1,1,0,0,NULL,1,1,' '),(1221,NULL,1221,1,1,0,0,NULL,1,1,' '),(1222,NULL,1222,1,1,0,0,NULL,1,1,' '),(1223,NULL,1223,1,1,0,0,NULL,1,1,' '),(1224,NULL,1224,1,1,0,0,NULL,1,1,' '),(1225,NULL,1225,1,1,0,0,NULL,1,1,' '),(1226,NULL,1226,1,1,0,0,NULL,1,1,' '),(1227,NULL,1227,1,1,0,0,NULL,1,1,' '),(1228,NULL,1228,1,1,150,0,NULL,1,1,' '),(1229,NULL,1229,1,1,120,0,NULL,1,1,' '),(1230,NULL,1230,1,1,0,0,NULL,1,1,' '),(1231,NULL,1231,1,1,0,0,NULL,1,1,' '),(1232,NULL,1232,1,1,0,0,NULL,1,1,' '),(1233,NULL,1233,1,1,0,0,NULL,1,1,' '),(1234,NULL,1234,1,1,0,0,NULL,1,1,' '),(1235,NULL,1235,1,1,0,0,NULL,1,1,' '),(1236,NULL,1236,1,1,0,0,NULL,1,1,' '),(1237,NULL,1237,1,1,0,0,NULL,1,1,' '),(1238,NULL,1238,1,1,140,0,NULL,1,1,' '),(1239,NULL,1239,1,1,0,0,NULL,1,1,' '),(1240,NULL,1240,1,1,0,0,NULL,1,1,' '),(1241,NULL,1241,1,1,0,0,NULL,1,1,' '),(1242,NULL,1242,1,1,0,0,NULL,1,1,' '),(1243,NULL,1243,1,1,0,0,NULL,1,1,' '),(1244,NULL,1244,1,1,0,0,NULL,1,1,' '),(1245,NULL,1245,1,1,0,0,NULL,1,1,' '),(1246,NULL,1246,1,1,0,0,NULL,1,1,' '),(1247,NULL,1247,1,1,0,0,NULL,1,1,' '),(1248,NULL,1248,1,1,0,0,NULL,1,1,' '),(1249,NULL,1249,1,1,150,0,NULL,1,1,'  '),(1250,NULL,1250,1,1,120,0,NULL,1,1,' '),(1251,NULL,1251,1,1,150,0,NULL,1,1,' '),(1252,'2020-09-01',1252,1,1,NULL,NULL,NULL,1,1,NULL),(1253,NULL,1253,1,1,0,0,NULL,1,1,' '),(1254,NULL,1254,1,1,600,0,NULL,1,1,' '),(1255,NULL,1255,1,1,30,0,NULL,1,1,' '),(1256,NULL,1256,1,1,30,0,NULL,1,1,' '),(1257,NULL,1257,1,1,0,0,NULL,1,1,' '),(1258,NULL,1258,1,1,0,0,NULL,1,1,' '),(1259,NULL,1259,1,1,0,0,NULL,1,1,'  '),(1260,NULL,1260,1,1,0,0,NULL,1,1,' '),(1261,NULL,1261,1,1,0,0,NULL,1,1,' '),(1262,NULL,1262,1,1,0,0,NULL,1,1,' '),(1263,NULL,1263,1,1,0,0,NULL,1,1,' '),(1264,NULL,1264,1,1,0,0,NULL,1,1,' '),(1265,'2020-09-08',1265,1,1,NULL,NULL,NULL,1,1,NULL),(1266,NULL,1266,1,1,120,0,NULL,1,1,' '),(1267,NULL,1267,1,1,120,0,NULL,1,1,' '),(1268,NULL,1268,1,1,0,0,NULL,1,1,' convenio'),(1269,NULL,1269,1,1,0,0,NULL,1,1,' '),(1270,NULL,1270,1,1,0,0,NULL,1,1,' '),(1271,NULL,1271,1,1,0,0,NULL,1,1,' '),(1272,NULL,1272,1,1,0,0,NULL,1,1,' '),(1273,NULL,1273,1,1,0,0,NULL,1,1,' '),(1274,NULL,1274,1,1,0,0,NULL,1,1,' '),(1275,NULL,1275,1,1,0,0,NULL,1,1,' '),(1276,NULL,1276,1,1,0,0,NULL,1,1,' '),(1277,NULL,1277,1,1,150,0,NULL,1,1,' '),(1278,NULL,1278,1,1,0,0,NULL,1,1,' '),(1279,NULL,1279,1,1,0,0,NULL,1,1,'  '),(1280,NULL,1280,1,1,120,0,NULL,1,1,' '),(1281,NULL,1281,1,1,0,0,NULL,1,1,' '),(1282,NULL,1282,1,1,0,0,NULL,1,1,' '),(1283,NULL,1283,1,1,0,0,NULL,1,1,' '),(1284,NULL,1284,1,1,0,0,NULL,1,1,' '),(1285,NULL,1285,1,1,0,0,NULL,1,1,' '),(1286,NULL,1286,1,1,100,0,NULL,1,1,' '),(1287,NULL,1287,1,1,0,0,NULL,1,1,' '),(1288,NULL,1288,1,1,0,0,NULL,1,1,' '),(1289,NULL,1289,1,1,0,0,NULL,1,1,' '),(1290,NULL,1290,1,1,0,0,NULL,1,1,' '),(1291,NULL,1291,1,1,250,0,NULL,1,1,' '),(1292,NULL,1292,1,1,0,0,NULL,1,1,' '),(1293,NULL,1293,1,1,150,0,NULL,1,1,' '),(1294,NULL,1294,1,1,0,0,NULL,1,1,' '),(1295,NULL,1295,1,1,0,0,NULL,1,1,' '),(1296,NULL,1296,1,1,0,0,NULL,1,1,' '),(1297,NULL,1297,1,1,0,0,NULL,1,1,' '),(1298,NULL,1298,1,1,0,0,NULL,1,1,' '),(1299,NULL,1299,1,1,0,0,NULL,1,1,' '),(1300,NULL,1300,1,1,0,0,NULL,1,1,' '),(1301,NULL,1301,1,1,0,0,NULL,1,1,' '),(1302,NULL,1302,1,1,0,0,NULL,1,1,' '),(1303,NULL,1303,1,1,0,0,NULL,1,1,' '),(1304,NULL,1304,1,1,0,0,NULL,1,1,' '),(1305,NULL,1305,1,1,0,0,NULL,1,1,' '),(1306,NULL,1306,1,1,0,0,NULL,1,1,' '),(1307,NULL,1307,1,1,0,0,NULL,1,1,' '),(1308,NULL,1308,1,1,0,0,NULL,1,1,' '),(1309,NULL,1309,1,1,0,0,NULL,1,1,' '),(1310,NULL,1310,1,1,0,0,NULL,1,1,' '),(1311,NULL,1311,1,1,0,0,NULL,1,1,' '),(1312,NULL,1312,1,1,0,0,NULL,1,1,' '),(1313,NULL,1313,1,1,0,0,NULL,1,1,' '),(1314,NULL,1314,1,1,0,0,NULL,1,1,' '),(1315,NULL,1315,1,1,0,0,NULL,1,1,' '),(1316,NULL,1316,1,1,0,0,NULL,1,1,' '),(1317,NULL,1317,1,1,0,0,NULL,1,1,' '),(1318,NULL,1318,1,1,0,0,NULL,1,1,' '),(1319,NULL,1319,1,1,0,0,NULL,1,1,' '),(1320,NULL,1320,1,1,0,0,NULL,1,1,' '),(1321,NULL,1321,1,1,0,0,NULL,1,1,' '),(1322,NULL,1322,1,1,150,0,NULL,1,1,' '),(1323,NULL,1323,1,1,0,0,NULL,1,1,' '),(1324,NULL,1324,1,1,0,0,NULL,1,1,' '),(1325,NULL,1325,1,1,0,0,NULL,1,1,' '),(1326,NULL,1326,1,1,0,0,NULL,1,1,' '),(1327,NULL,1327,1,1,0,0,NULL,1,1,' '),(1328,NULL,1328,1,1,30,0,NULL,1,1,' '),(1329,NULL,1329,1,1,0,0,NULL,1,1,' '),(1330,NULL,1330,1,1,0,0,NULL,1,1,' '),(1331,NULL,1331,1,1,0,0,NULL,1,1,' '),(1332,NULL,1332,1,1,0,0,NULL,1,1,' '),(1333,NULL,1333,1,1,0,0,NULL,1,1,' '),(1334,NULL,1334,1,1,0,0,NULL,1,1,' '),(1335,NULL,1335,1,1,0,0,NULL,1,1,' '),(1336,NULL,1336,1,1,150,0,NULL,1,1,' '),(1337,NULL,1337,1,1,0,0,NULL,1,1,' '),(1338,NULL,1338,1,1,0,0,NULL,1,1,' '),(1339,NULL,1339,1,1,0,0,NULL,1,1,' '),(1340,NULL,1340,1,1,0,0,NULL,1,1,' '),(1341,NULL,1341,1,1,0,0,NULL,1,1,' '),(1342,NULL,1342,1,1,0,0,NULL,1,1,' '),(1343,NULL,1343,1,1,0,0,NULL,1,1,' '),(1344,NULL,1344,1,1,0,0,NULL,1,1,' '),(1345,NULL,1345,1,1,0,0,NULL,1,1,' '),(1346,'2020-10-09',1346,1,1,NULL,NULL,NULL,1,1,NULL),(1347,NULL,1347,1,1,0,0,NULL,1,1,' '),(1348,NULL,1348,1,1,0,0,NULL,1,1,' '),(1349,NULL,1349,1,1,0,0,NULL,1,1,' '),(1350,NULL,1350,1,1,0,0,NULL,1,1,' '),(1351,NULL,1351,1,1,0,0,NULL,1,1,' '),(1352,NULL,1352,1,1,0,0,NULL,1,1,' '),(1353,NULL,1353,1,1,0,0,NULL,1,1,' '),(1354,NULL,1354,1,1,0,0,NULL,1,1,' '),(1355,'2020-10-17',1355,1,1,NULL,NULL,NULL,1,1,NULL),(1356,NULL,1356,1,1,0,0,NULL,1,1,' '),(1357,NULL,1357,1,1,0,0,NULL,1,1,' '),(1358,NULL,1358,1,1,150,0,NULL,1,1,'  '),(1359,NULL,1359,1,1,0,0,NULL,1,1,' '),(1360,NULL,1360,1,1,600,0,NULL,1,1,' '),(1361,NULL,1361,1,1,0,0,NULL,1,1,' '),(1362,NULL,1362,1,1,0,0,NULL,1,1,' '),(1363,'2020-10-21',1363,1,1,NULL,NULL,NULL,1,1,NULL),(1364,'2020-10-22',1364,1,1,NULL,NULL,NULL,1,1,NULL),(1367,NULL,1367,1,1,0,0,NULL,1,1,' '),(1368,NULL,1368,1,1,0,0,NULL,1,1,' '),(1369,NULL,1369,1,1,150,0,NULL,1,1,'  '),(1370,NULL,1370,1,1,120,0,NULL,1,1,' '),(1371,NULL,1371,1,1,0,0,NULL,1,1,' '),(1372,NULL,1372,1,1,0,0,NULL,1,1,' '),(1373,'2020-10-27',1373,1,1,NULL,NULL,NULL,1,1,NULL),(1374,NULL,1374,1,1,0,0,NULL,1,1,' '),(1375,NULL,1375,1,1,120,0,NULL,1,1,' '),(1376,NULL,1376,1,1,0,0,NULL,1,1,' '),(1377,NULL,1377,1,1,0,0,NULL,1,1,' '),(1378,'2020-10-29',1378,1,1,NULL,NULL,NULL,1,1,NULL),(1379,NULL,1379,1,1,0,0,NULL,1,1,' '),(1380,NULL,1380,1,1,0,0,NULL,1,1,' '),(1381,NULL,1381,1,1,0,0,NULL,1,1,' '),(1382,NULL,1382,1,1,0,0,NULL,1,1,' '),(1383,NULL,1383,1,1,0,0,NULL,1,1,' '),(1384,NULL,1384,1,1,0,0,NULL,1,1,' '),(1385,NULL,1385,1,1,0,0,NULL,1,1,' '),(1386,NULL,1386,1,1,0,0,NULL,1,1,' '),(1387,NULL,1387,1,1,0,0,NULL,1,1,' '),(1388,'2020-11-05',1388,1,1,NULL,NULL,NULL,1,1,NULL),(1389,'2020-11-05',1389,1,1,NULL,NULL,NULL,1,1,NULL),(1390,NULL,1390,1,1,0,0,NULL,1,1,' '),(1391,'2020-11-05',1391,1,1,NULL,NULL,NULL,1,1,NULL),(1392,NULL,1392,1,1,0,0,NULL,1,1,' '),(1393,NULL,1393,1,1,0,0,NULL,1,1,' '),(1394,NULL,1394,1,1,0,0,NULL,1,1,' '),(1395,NULL,1395,1,1,0,0,NULL,1,1,' '),(1396,NULL,1396,1,1,0,0,NULL,1,1,' '),(1397,NULL,1397,1,1,0,0,NULL,1,1,' '),(1398,NULL,1398,1,1,0,0,NULL,1,1,' '),(1399,NULL,1399,1,1,0,0,NULL,1,1,' '),(1400,NULL,1400,1,1,0,0,NULL,1,1,' '),(1401,NULL,1401,1,1,0,0,NULL,1,1,' '),(1402,'2020-11-12',1402,1,1,NULL,NULL,NULL,1,1,NULL),(1403,'2020-11-12',1403,1,1,NULL,NULL,NULL,1,1,NULL),(1406,NULL,1406,1,1,0,0,NULL,1,1,' '),(1407,NULL,1407,1,1,0,0,NULL,1,1,' '),(1408,NULL,1408,1,1,0,0,NULL,1,1,' '),(1409,NULL,1409,1,1,0,0,NULL,1,1,' '),(1410,NULL,1410,1,1,0,0,NULL,1,1,' '),(1411,NULL,1411,1,1,0,0,NULL,1,1,' '),(1412,NULL,1412,1,1,0,0,NULL,1,1,' '),(1413,NULL,1413,1,1,0,0,NULL,1,1,' '),(1414,NULL,1414,1,1,0,0,NULL,1,1,' '),(1415,'2020-11-18',1415,1,1,NULL,NULL,NULL,1,1,NULL),(1416,NULL,1416,1,1,0,0,NULL,1,1,' '),(1417,NULL,1417,1,1,0,0,NULL,1,1,' '),(1418,NULL,1418,1,1,0,0,NULL,1,1,' '),(1419,NULL,1419,1,1,0,0,NULL,1,1,' '),(1420,NULL,1420,1,1,0,0,NULL,1,1,' '),(1421,NULL,1421,1,1,0,0,NULL,1,1,' '),(1422,NULL,1422,1,1,0,0,NULL,1,1,' '),(1423,NULL,1423,1,1,0,0,NULL,1,1,' '),(1424,NULL,1424,1,1,0,0,NULL,1,1,' '),(1425,NULL,1425,1,1,0,0,NULL,1,1,' '),(1426,NULL,1426,1,1,0,0,NULL,1,1,' '),(1427,NULL,1427,1,1,0,0,NULL,1,1,' '),(1428,NULL,1428,1,1,0,0,NULL,1,1,' '),(1429,NULL,1429,1,1,0,0,NULL,1,1,' '),(1430,NULL,1430,1,1,0,0,NULL,1,1,' '),(1431,NULL,1431,1,1,0,0,NULL,1,1,' '),(1432,NULL,1432,1,1,0,0,NULL,1,1,' '),(1433,NULL,1433,1,1,0,0,NULL,1,1,' '),(1434,'2020-11-26',1434,1,1,NULL,NULL,NULL,1,1,NULL),(1435,NULL,1435,1,1,150,0,NULL,1,1,' '),(1436,NULL,1436,1,1,0,0,NULL,1,1,' '),(1437,NULL,1437,1,1,0,0,NULL,1,1,' '),(1438,NULL,1438,1,1,0,0,NULL,1,1,' '),(1439,NULL,1439,1,1,0,0,NULL,1,1,' '),(1440,NULL,1440,1,1,0,0,NULL,1,1,' '),(1441,NULL,1441,1,1,0,0,NULL,1,1,' '),(1442,NULL,1442,1,1,0,0,NULL,1,1,' '),(1443,NULL,1443,1,1,0,0,NULL,1,1,' '),(1444,NULL,1444,1,1,0,0,NULL,1,1,' '),(1445,NULL,1445,1,1,0,0,NULL,1,1,' '),(1446,NULL,1446,1,1,0,0,NULL,1,1,' '),(1447,NULL,1447,1,1,0,0,NULL,1,1,' '),(1448,NULL,1448,1,1,0,0,NULL,1,1,' '),(1449,NULL,1449,1,1,0,0,NULL,1,1,' '),(1450,NULL,1450,1,1,0,0,NULL,1,1,' '),(1451,'2020-12-04',1451,1,1,NULL,NULL,NULL,1,1,NULL),(1453,NULL,1453,1,1,0,0,NULL,1,1,' '),(1454,NULL,1454,1,1,0,0,NULL,1,1,' '),(1455,NULL,1455,1,1,0,0,NULL,1,1,' '),(1456,NULL,1456,1,1,0,0,NULL,1,1,' '),(1457,NULL,1457,1,1,0,0,NULL,1,1,' '),(1458,NULL,1458,1,1,0,0,NULL,1,1,' '),(1459,NULL,1459,1,1,0,0,NULL,1,1,' '),(1460,NULL,1460,1,1,0,0,NULL,1,1,' '),(1461,'2020-12-04',1461,1,1,NULL,NULL,NULL,1,1,NULL),(1463,NULL,1463,1,1,0,0,NULL,1,1,' '),(1464,NULL,1464,1,1,0,0,NULL,1,1,' '),(1465,NULL,1465,1,1,0,0,NULL,1,1,' '),(1466,NULL,1466,1,1,0,0,NULL,1,1,' '),(1467,NULL,1467,1,1,0,0,NULL,1,1,' '),(1468,NULL,1468,1,1,0,0,NULL,1,1,' '),(1469,NULL,1469,1,1,0,0,NULL,1,1,' '),(1470,NULL,1470,1,1,0,0,NULL,1,1,' '),(1471,NULL,1471,1,1,0,0,NULL,1,1,' '),(1472,NULL,1472,1,1,0,0,NULL,1,1,' '),(1473,NULL,1473,1,1,0,0,NULL,1,1,' '),(1474,NULL,1474,1,1,0,0,NULL,1,1,' '),(1475,NULL,1475,1,1,0,0,NULL,1,1,' '),(1476,NULL,1476,1,1,0,0,NULL,1,1,' '),(1477,NULL,1477,1,1,0,0,NULL,1,1,' '),(1478,NULL,1478,1,1,0,0,NULL,1,1,' '),(1479,NULL,1479,1,1,0,0,NULL,1,1,' '),(1480,NULL,1480,1,1,0,0,NULL,1,1,' '),(1481,NULL,1481,1,1,0,0,NULL,1,1,' '),(1482,NULL,1482,1,1,0,0,NULL,1,1,' '),(1483,NULL,1483,1,1,0,0,NULL,1,1,' '),(1484,NULL,1484,1,1,0,0,NULL,1,1,' '),(1485,NULL,1485,1,1,0,0,NULL,1,1,' '),(1486,NULL,1486,1,1,0,0,NULL,1,1,' '),(1487,NULL,1487,1,1,150,0,NULL,1,1,' '),(1488,NULL,1488,1,1,0,0,NULL,1,1,' '),(1489,NULL,1489,1,1,0,0,NULL,1,1,' '),(1490,NULL,1490,1,1,120,0,NULL,1,1,' '),(1491,NULL,1491,1,1,0,0,NULL,1,1,' '),(1492,NULL,1492,1,1,0,0,NULL,1,1,' '),(1493,NULL,1493,1,1,0,0,NULL,1,1,' '),(1494,NULL,1494,1,1,0,0,NULL,1,1,' '),(1495,NULL,1495,3,1,100,0,NULL,2,1,' '),(1496,'2020-12-10',1496,1,1,NULL,NULL,NULL,1,1,NULL),(1497,NULL,1497,1,1,0,0,NULL,1,1,' '),(1498,NULL,1498,1,1,0,0,NULL,1,1,' '),(1499,NULL,1499,1,1,0,0,NULL,1,1,' '),(1500,NULL,1500,1,1,0,0,NULL,1,1,' '),(1501,'2020-12-10',1501,1,1,NULL,NULL,NULL,1,1,NULL),(1503,NULL,1503,1,1,0,0,NULL,1,1,' '),(1504,NULL,1504,1,1,0,0,NULL,1,1,' '),(1505,NULL,1505,1,1,0,0,NULL,1,1,' '),(1506,NULL,1506,1,1,0,0,NULL,1,1,' '),(1507,NULL,1507,1,1,0,0,NULL,1,1,' '),(1508,NULL,1508,1,1,0,0,NULL,1,1,' '),(1509,'2020-12-16',1509,1,1,NULL,NULL,NULL,1,1,NULL),(1510,NULL,1510,1,1,150,0,NULL,1,1,' '),(1511,NULL,1511,1,1,0,0,NULL,1,1,' '),(1512,NULL,1512,1,1,0,0,NULL,1,1,' '),(1513,NULL,1513,1,1,0,0,NULL,1,1,' '),(1514,NULL,1514,1,1,0,0,NULL,1,1,' '),(1515,NULL,1515,1,1,0,0,NULL,1,1,' '),(1516,'2020-12-18',1516,1,1,NULL,NULL,NULL,1,1,NULL),(1519,NULL,1519,1,1,0,0,NULL,1,1,' '),(1520,'2020-12-18',1520,1,1,NULL,NULL,NULL,1,1,NULL),(1521,NULL,1521,1,1,0,0,NULL,1,1,' '),(1522,'2020-12-21',1522,1,1,NULL,NULL,NULL,1,1,NULL),(1523,NULL,1523,1,3,0,0,NULL,1,1,' '),(1524,'2021-01-08',1524,1,1,NULL,NULL,NULL,1,1,NULL),(1525,NULL,1525,1,1,0,0,NULL,1,1,' Santté - Plano'),(1526,NULL,1526,1,1,0,0,NULL,3,1,' '),(1527,NULL,1527,1,1,0,0,NULL,1,1,' '),(1528,NULL,1528,1,1,0,0,NULL,1,1,' '),(1529,NULL,1529,1,1,0,0,NULL,1,1,' '),(1530,'2021-01-13',1530,1,1,NULL,NULL,NULL,1,1,NULL),(1531,NULL,1531,1,1,0,0,NULL,1,1,' '),(1532,NULL,1532,1,1,0,0,NULL,1,1,' '),(1533,NULL,1533,1,1,250,0,NULL,1,1,'  '),(1534,NULL,1534,1,1,150,0,NULL,1,1,'  '),(1535,NULL,1535,1,1,150,0,NULL,1,1,' '),(1536,NULL,1536,1,1,0,0,NULL,1,1,' '),(1537,NULL,1537,1,1,120,0,NULL,1,1,' '),(1538,NULL,1538,1,1,600,0,NULL,1,1,' '),(1539,NULL,1539,1,1,150,0,NULL,1,1,'  '),(1540,NULL,1540,1,1,150,0,NULL,1,1,' '),(1541,NULL,1541,1,1,250,0,NULL,1,1,' '),(1542,NULL,1542,1,1,0,0,NULL,1,1,' '),(1543,NULL,1543,1,1,0,0,NULL,1,1,' '),(1544,NULL,1544,1,1,0,0,NULL,1,1,' '),(1545,NULL,1545,1,1,0,0,NULL,1,1,' '),(1546,NULL,1546,1,1,0,0,NULL,1,1,' '),(1547,NULL,1547,1,1,600,0,NULL,1,1,'  '),(1548,'2021-01-19',1548,1,1,NULL,NULL,NULL,1,1,NULL),(1549,NULL,1549,1,1,0,0,NULL,1,1,' '),(1550,NULL,1550,1,1,150,0,NULL,1,1,' '),(1551,NULL,1551,1,1,150,0,NULL,1,1,' '),(1552,NULL,1552,1,1,0,0,NULL,1,1,' '),(1553,NULL,1553,1,1,0,0,NULL,1,1,' '),(1554,NULL,1554,1,1,0,0,NULL,1,1,' '),(1555,NULL,1555,1,1,0,0,NULL,1,1,' '),(1556,NULL,1556,1,1,0,0,NULL,1,1,' '),(1557,NULL,1557,1,1,0,0,NULL,1,1,' '),(1558,NULL,1558,1,1,0,0,NULL,1,1,' '),(1559,NULL,1559,1,1,0,0,NULL,1,1,' '),(1560,NULL,1560,1,1,0,0,NULL,1,1,' '),(1561,NULL,1561,1,1,0,0,NULL,1,1,' '),(1562,'2021-01-29',1562,1,1,NULL,NULL,NULL,1,1,NULL),(1564,NULL,1564,1,1,0,0,NULL,1,1,' '),(1565,NULL,1565,1,1,0,0,NULL,1,1,' '),(1566,NULL,1566,1,1,0,0,NULL,1,1,' '),(1567,NULL,1567,1,1,0,0,NULL,1,1,' '),(1568,NULL,1568,1,1,0,0,NULL,1,1,' '),(1569,NULL,1569,1,1,0,0,NULL,1,1,' '),(1570,NULL,1570,1,1,0,0,NULL,1,1,' '),(1571,NULL,1571,1,1,0,0,NULL,1,1,' '),(1572,NULL,1572,1,1,0,0,NULL,1,1,' '),(1573,NULL,1573,1,1,0,0,NULL,1,1,' '),(1574,NULL,1574,1,1,0,0,NULL,1,1,' '),(1575,NULL,1575,1,1,0,0,NULL,1,1,' '),(1576,NULL,1576,1,1,0,0,NULL,1,1,' '),(1577,NULL,1577,1,1,0,0,NULL,1,1,' '),(1578,NULL,1578,1,1,0,0,NULL,1,1,' '),(1579,NULL,1579,1,1,0,0,NULL,1,1,' '),(1580,NULL,1580,1,1,0,0,NULL,1,1,' '),(1581,NULL,1581,1,1,0,0,NULL,1,1,' '),(1582,NULL,1582,1,1,0,0,NULL,1,1,' '),(1583,NULL,1583,1,1,0,0,NULL,1,1,' '),(1584,NULL,1584,1,1,0,0,NULL,1,1,' '),(1585,NULL,1585,1,1,0,0,NULL,1,1,' '),(1586,NULL,1586,1,1,0,0,NULL,1,1,' '),(1587,NULL,1587,1,1,0,0,NULL,1,1,' '),(1588,NULL,1588,1,1,0,0,NULL,1,1,' '),(1589,'2021-01-29',1589,1,1,NULL,NULL,NULL,1,1,NULL),(1590,NULL,1590,1,1,0,0,NULL,1,1,' '),(1591,NULL,1591,1,1,0,0,NULL,1,1,' '),(1592,NULL,1592,1,1,0,0,NULL,1,1,' '),(1593,NULL,1593,1,1,0,0,NULL,1,1,' '),(1594,NULL,1594,1,1,0,0,NULL,1,1,' '),(1595,NULL,1595,1,1,0,0,NULL,1,1,' '),(1596,NULL,1596,1,1,0,0,NULL,1,1,' '),(1597,NULL,1597,1,1,0,0,NULL,1,1,' '),(1598,NULL,1598,1,1,0,0,NULL,1,1,' '),(1599,NULL,1599,1,1,0,0,NULL,1,1,' '),(1600,NULL,1600,1,1,0,0,NULL,1,1,' '),(1601,NULL,1601,1,1,0,0,NULL,1,1,' '),(1602,NULL,1602,1,1,0,0,NULL,1,1,' '),(1603,NULL,1603,1,1,0,0,NULL,1,1,' '),(1604,NULL,1604,1,1,0,0,NULL,1,1,' '),(1605,NULL,1605,1,1,0,0,NULL,1,1,' Sorteio'),(1606,NULL,1606,1,1,0,0,NULL,1,1,' '),(1607,NULL,1607,1,1,175,0,NULL,1,1,' '),(1608,NULL,1608,1,1,120,0,NULL,1,1,' '),(1609,NULL,1609,1,1,0,0,NULL,1,1,' '),(1610,'2021-02-10',1610,1,1,NULL,NULL,NULL,1,1,NULL),(1611,NULL,1611,1,1,0,0,NULL,1,1,' '),(1612,NULL,1612,1,1,0,0,NULL,1,1,' '),(1613,NULL,1613,1,1,0,0,NULL,1,1,' '),(1614,'2021-02-10',1614,1,1,NULL,NULL,NULL,1,1,NULL),(1615,NULL,1615,1,1,0,0,NULL,1,1,' '),(1616,NULL,1616,1,1,0,0,NULL,1,1,' '),(1617,NULL,1617,1,1,0,0,NULL,1,1,' '),(1618,NULL,1618,1,1,0,0,NULL,1,1,' '),(1619,'2021-02-11',1619,1,1,NULL,NULL,NULL,1,1,NULL),(1620,NULL,1620,1,1,0,0,NULL,1,1,' '),(1621,NULL,1621,1,1,300,0,NULL,1,1,' '),(1622,NULL,1622,1,1,0,0,NULL,1,1,' '),(1623,NULL,1623,1,1,0,0,NULL,1,1,' '),(1624,NULL,1624,1,1,0,0,NULL,1,1,' '),(1625,NULL,1625,1,1,0,0,NULL,1,1,' '),(1626,NULL,1626,1,1,0,0,NULL,1,1,' '),(1627,NULL,1627,1,1,0,0,NULL,1,1,' '),(1628,'2021-02-18',1628,1,1,NULL,NULL,NULL,1,1,NULL),(1630,NULL,1630,1,1,0,0,NULL,1,1,' '),(1631,NULL,1631,1,1,0,0,NULL,1,1,' '),(1632,NULL,1632,1,1,0,0,NULL,1,1,' '),(1633,NULL,1633,1,1,0,0,NULL,1,1,' '),(1634,NULL,1634,1,1,150,0,NULL,1,1,'  '),(1635,'2021-02-18',1635,1,1,NULL,NULL,NULL,1,1,NULL),(1636,NULL,1636,1,1,0,0,NULL,1,1,' '),(1637,NULL,1637,1,1,0,0,NULL,1,1,' '),(1638,'2021-02-19',1638,1,1,NULL,NULL,NULL,1,1,NULL),(1639,NULL,1639,1,1,0,0,NULL,1,1,' '),(1640,NULL,1640,1,1,0,0,NULL,1,1,' '),(1641,NULL,1641,1,1,0,0,NULL,1,1,' '),(1642,NULL,1642,1,1,0,0,NULL,1,1,' '),(1643,NULL,1643,1,1,0,0,NULL,1,1,' '),(1644,NULL,1644,1,1,0,0,NULL,1,1,' '),(1645,NULL,1645,1,1,0,0,NULL,1,1,' '),(1646,NULL,1646,1,1,0,0,NULL,1,1,' '),(1647,NULL,1647,1,1,0,0,NULL,1,1,' '),(1648,NULL,1648,1,1,0,0,NULL,1,1,' '),(1649,NULL,1649,1,1,0,0,NULL,1,1,' '),(1650,NULL,1650,1,1,0,0,NULL,1,1,' '),(1651,NULL,1651,1,1,150,0,NULL,1,1,' '),(1652,NULL,1652,1,1,0,0,NULL,1,1,' '),(1653,NULL,1653,1,1,0,0,NULL,1,1,' '),(1654,NULL,1654,1,1,0,0,NULL,1,1,' '),(1655,NULL,1655,1,1,0,0,NULL,1,1,' '),(1656,'2021-02-23',1656,1,1,NULL,NULL,NULL,1,1,NULL),(1657,NULL,1657,1,1,600,0,NULL,1,1,' '),(1658,NULL,1658,1,1,0,0,NULL,1,1,' '),(1659,NULL,1659,1,1,0,0,NULL,1,1,' '),(1660,'2021-02-23',1660,1,1,NULL,NULL,NULL,1,1,NULL),(1661,NULL,1661,1,1,0,0,NULL,1,1,' '),(1662,NULL,1662,1,1,0,0,NULL,1,1,' '),(1663,NULL,1663,1,1,0,0,NULL,1,1,' '),(1664,NULL,1664,1,1,0,0,NULL,1,1,' '),(1665,NULL,1665,1,1,0,0,NULL,1,1,' '),(1666,NULL,1666,1,1,0,0,NULL,1,1,' '),(1667,NULL,1667,1,1,0,0,NULL,1,1,' '),(1668,NULL,1668,1,1,0,0,NULL,1,1,' '),(1669,NULL,1669,1,1,0,0,NULL,1,1,'  '),(1670,NULL,1670,1,1,0,0,NULL,1,1,' '),(1671,NULL,1671,1,1,0,0,NULL,1,1,' '),(1672,NULL,1672,1,1,0,0,NULL,1,1,' '),(1673,NULL,1673,1,1,0,0,NULL,1,1,' '),(1674,NULL,1674,1,1,0,0,NULL,1,1,' '),(1675,NULL,1675,1,1,100,0,NULL,1,1,' '),(1676,NULL,1676,1,1,0,0,NULL,1,1,' '),(1677,NULL,1677,1,1,0,0,NULL,1,1,' '),(1678,NULL,1678,1,1,0,0,NULL,1,1,' '),(1679,NULL,1679,1,1,0,0,NULL,1,1,' '),(1680,NULL,1680,1,1,0,0,NULL,1,1,' '),(1681,'2021-03-04',1681,1,1,NULL,NULL,NULL,1,1,NULL),(1682,NULL,1682,1,1,0,0,NULL,1,1,' '),(1683,NULL,1683,1,1,0,0,NULL,1,1,' '),(1684,NULL,1684,1,1,120,0,NULL,1,1,' '),(1685,NULL,1685,1,1,0,0,NULL,1,1,' '),(1686,NULL,1686,1,1,0,0,NULL,1,1,' '),(1687,NULL,1687,1,1,0,0,NULL,1,1,' '),(1688,NULL,1688,1,1,0,0,NULL,1,1,' '),(1689,NULL,1689,1,1,150,0,NULL,1,1,' '),(1690,NULL,1690,1,1,0,0,NULL,1,1,' '),(1691,NULL,1691,1,1,0,0,NULL,1,1,' '),(1692,NULL,1692,1,1,0,0,NULL,1,1,' '),(1693,NULL,1693,1,1,0,0,NULL,1,1,' '),(1694,NULL,1694,1,1,0,0,NULL,1,1,' '),(1695,NULL,1695,1,1,0,0,NULL,1,1,' '),(1696,NULL,1696,1,1,0,0,NULL,1,1,' ');
/*!40000 ALTER TABLE `pagamentos` ENABLE KEYS */;
UNLOCK TABLES;

--
-- Table structure for table `planos`
--

DROP TABLE IF EXISTS `planos`;
/*!40101 SET @saved_cs_client     = @@character_set_client */;
/*!40101 SET character_set_client = utf8 */;
CREATE TABLE `planos` (
  `id_plano` int(11) NOT NULL AUTO_INCREMENT,
  `planos` varchar(45) DEFAULT NULL,
  PRIMARY KEY (`id_plano`)
) ENGINE=InnoDB AUTO_INCREMENT=5 DEFAULT CHARSET=latin1;
/*!40101 SET character_set_client = @saved_cs_client */;

--
-- Dumping data for table `planos`
--

LOCK TABLES `planos` WRITE;
/*!40000 ALTER TABLE `planos` DISABLE KEYS */;
INSERT INTO `planos` VALUES (1,'Consulta normal'),(2,'Pacote'),(3,'Gratuito'),(4,'convênio');
/*!40000 ALTER TABLE `planos` ENABLE KEYS */;
UNLOCK TABLES;

--
-- Table structure for table `sexo`
--

DROP TABLE IF EXISTS `sexo`;
/*!40101 SET @saved_cs_client     = @@character_set_client */;
/*!40101 SET character_set_client = utf8 */;
CREATE TABLE `sexo` (
  `id_sexo` int(11) NOT NULL AUTO_INCREMENT,
  `sexo` varchar(12) DEFAULT NULL,
  PRIMARY KEY (`id_sexo`)
) ENGINE=InnoDB AUTO_INCREMENT=3 DEFAULT CHARSET=latin1;
/*!40101 SET character_set_client = @saved_cs_client */;

--
-- Dumping data for table `sexo`
--

LOCK TABLES `sexo` WRITE;
/*!40000 ALTER TABLE `sexo` DISABLE KEYS */;
INSERT INTO `sexo` VALUES (1,'M'),(2,'F');
/*!40000 ALTER TABLE `sexo` ENABLE KEYS */;
UNLOCK TABLES;

--
-- Table structure for table `status`
--

DROP TABLE IF EXISTS `status`;
/*!40101 SET @saved_cs_client     = @@character_set_client */;
/*!40101 SET character_set_client = utf8 */;
CREATE TABLE `status` (
  `id_status` int(11) NOT NULL AUTO_INCREMENT,
  `status` varchar(45) DEFAULT NULL,
  PRIMARY KEY (`id_status`)
) ENGINE=InnoDB AUTO_INCREMENT=5 DEFAULT CHARSET=latin1;
/*!40101 SET character_set_client = @saved_cs_client */;

--
-- Dumping data for table `status`
--

LOCK TABLES `status` WRITE;
/*!40000 ALTER TABLE `status` DISABLE KEYS */;
INSERT INTO `status` VALUES (1,'A pagar'),(2,'Pago'),(3,'Confirmado'),(4,'Cancelado');
/*!40000 ALTER TABLE `status` ENABLE KEYS */;
UNLOCK TABLES;

--
-- Table structure for table `tipo`
--

DROP TABLE IF EXISTS `tipo`;
/*!40101 SET @saved_cs_client     = @@character_set_client */;
/*!40101 SET character_set_client = utf8 */;
CREATE TABLE `tipo` (
  `id_tipo` int(11) NOT NULL AUTO_INCREMENT,
  `tipo` varchar(45) DEFAULT NULL,
  PRIMARY KEY (`id_tipo`)
) ENGINE=InnoDB AUTO_INCREMENT=6 DEFAULT CHARSET=latin1;
/*!40101 SET character_set_client = @saved_cs_client */;

--
-- Dumping data for table `tipo`
--

LOCK TABLES `tipo` WRITE;
/*!40000 ALTER TABLE `tipo` DISABLE KEYS */;
INSERT INTO `tipo` VALUES (1,'Consulta'),(2,'Retorno'),(3,'Consulta Pacote'),(4,'Retorno Pacote'),(5,'Desafio');
/*!40000 ALTER TABLE `tipo` ENABLE KEYS */;
UNLOCK TABLES;

--
-- Table structure for table `tipo_sanguineo`
--

DROP TABLE IF EXISTS `tipo_sanguineo`;
/*!40101 SET @saved_cs_client     = @@character_set_client */;
/*!40101 SET character_set_client = utf8 */;
CREATE TABLE `tipo_sanguineo` (
  `id_tp_sangue` int(11) NOT NULL AUTO_INCREMENT,
  `sangues` varchar(5) DEFAULT NULL,
  PRIMARY KEY (`id_tp_sangue`)
) ENGINE=InnoDB AUTO_INCREMENT=9 DEFAULT CHARSET=latin1;
/*!40101 SET character_set_client = @saved_cs_client */;

--
-- Dumping data for table `tipo_sanguineo`
--

LOCK TABLES `tipo_sanguineo` WRITE;
/*!40000 ALTER TABLE `tipo_sanguineo` DISABLE KEYS */;
INSERT INTO `tipo_sanguineo` VALUES (1,'A+'),(2,'A-'),(3,'B+'),(4,'B-'),(5,'AB+'),(6,'AB-'),(7,'O+'),(8,'O-');
/*!40000 ALTER TABLE `tipo_sanguineo` ENABLE KEYS */;
UNLOCK TABLES;
/*!40103 SET TIME_ZONE=@OLD_TIME_ZONE */;

/*!40101 SET SQL_MODE=@OLD_SQL_MODE */;
/*!40014 SET FOREIGN_KEY_CHECKS=@OLD_FOREIGN_KEY_CHECKS */;
/*!40014 SET UNIQUE_CHECKS=@OLD_UNIQUE_CHECKS */;
/*!40101 SET CHARACTER_SET_CLIENT=@OLD_CHARACTER_SET_CLIENT */;
/*!40101 SET CHARACTER_SET_RESULTS=@OLD_CHARACTER_SET_RESULTS */;
/*!40101 SET COLLATION_CONNECTION=@OLD_COLLATION_CONNECTION */;
/*!40111 SET SQL_NOTES=@OLD_SQL_NOTES */;

-- Dump completed on 2021-03-14 15:55:52
